代號,備註,推播
3081,磷化銦長距離光束,是
4971,磷化銦長距離光束,是
4991,磷化銦長距離光束,是
2455,磷化銦長距離光束,是
3105,磷化銦長距離光束,是
3163,光交換機,是
3363,CPO封測,是
6451,CPO封測,是
3450,CPO封測,是
6442,光收發器,是
4977,光收發器,是
4908,光收發器,是
4979,光收發器,是
6789,未分類,是
6426,未分類,是
6588,未分類,是
3234,未分類,是
2426,未分類,是
2402,未分類,是
3491,微波組件,是
2313,微波組件,是
6285,微波組件,是
7717,微波組件,是
5243,微波組件,是
6271,微波組件,是
3305,微波組件,是
3138,微波組件,是
2485,微波組件,是
2367,微波組件,是
2312,微波組件,是
6282,微波組件,是
2457,微波組件,是
2413,微波組件,是
2355,微波組件,是
8299,記憶體,是
5289,記憶體,是
2408,記憶體,是
2344,記憶體,是
2337,記憶體,是
6770,記憶體,是
3260,記憶體,是
4967,記憶體,是
3006,記憶體,是
8271,記憶體,是
2451,記憶體,是
4973,記憶體,是
5386,記憶體,是
6239,記憶體,是
8131,記憶體,是
8110,記憶體,是
2454,IP矽智財,是
3443,IP矽智財,是
3661,IP矽智財,是
6531,IP矽智財,是
3035,IP矽智財,是
6415,IP矽智財,是
2363,IP矽智財,是
6643,IP矽智財,是
8227,IP矽智財,是
3228,IP矽智財,是
6533,IP矽智財,是
6462,IP矽智財,是
8054,IP矽智財,是
3481,玻璃基板,是
3580,玻璃基板,是
3535,玻璃基板,是
2467,玻璃基板,是
6664,玻璃基板,是
5443,玻璃基板,是
3455,玻璃基板,是
3498,玻璃基板,是
8027,TGV,是
8064,TGV,是
3673,TGV,是
6207,TGV,是
2327,被動元件,是
2492,被動元件,是
6173,被動元件,是
3090,被動元件,是
8043,被動元件,是
3026,被動元件,是
2472,被動元件,是
2478,被動元件,是
6175,被動元件,是
6127,被動元件,是
6155,被動元件,是
6204,被動元件,是
2428,被動元件,是
5328,被動元件,是
3624,被動元件,是
6488,矽晶圓,是
3532,矽晶圓,是
5483,矽晶圓,是
6182,矽晶圓,是
3707,矽晶圓,是
3016,矽晶圓,是
8028,矽晶圓,是
2481,主動元件,是
8255,主動元件,是
5425,主動元件,是
8261,主動元件,是
2302,主動元件,是
6435,主動元件,是
6693,主動元件,是
3675,主動元件,是
7712,主動元件,是
3317,主動元件,是
3042,石英元件,是
2484,石英元件,是
8182,石英元件,是
8289,石英元件,是
6174,石英元件,是
3221,石英元件,是
