date,pc_vol,pc_oi,fi_call_oi,fi_put_oi,it_call_oi,it_put_oi,dl_call_oi,dl_put_oi,top5_call,top5_put,top10_call,top10_put
2026-09-02,85.45,83.9,,,,,,,,,,
2026-09-03,100.26,77.16,,,,,,,,,,
2026-09-04,98.45,99.8,,,,,,,,,,
2026-09-07,123.89,111.69,,,,,,,,,,
2026-09-08,103.43,105.23,,,,,,,,,,
2026-09-09,109.78,96.34,,,,,,,,,,
2026-09-10,94.38,82.67,,,,,,,,,,
2026-09-11,91.56,87.7,,,,,,,,,,
2026-09-14,107.09,88.04,,,,,,,,,,
2026-09-15,106.44,85.89,,,,,,,,,,
2026-09-16,106.36,83.56,,,,,,,,,,
2026-09-17,107.24,76.5,,,,,,,,,,
2026-09-18,99.35,76.32,,,,,,,,,,
2026-09-21,125.1,96.2,,,,,,,,,,
2026-09-22,101.4,87.33,,,,,,,,,,
2026-09-23,95.84,79.83,,,,,,,,,,
2026-09-24,121.11,85.33,,,,,,,,,,
2026-09-29,90.39,75.3,,,,,,,,,,
2026-09-30,99.2,80.57,,,,,,,,,,
2026-10-01,91.11,82.54,,,,,,,,,,
2026-10-02,89.16,80.84,-1113.0,581.0,-5620.0,105.0,4666.0,4603.0,-3722.0,-1113.0,-3083.0,-946.0
