date,code,market,kind,before,ref,factor
2025-08-01,2402,twse,除權息,41.1,39.12,0.95182482
2025-08-01,2597,twse,除權息,186.0,155.0,0.83333333
2025-08-04,00946,twse,除權息,9.48,9.45,0.99683544
2025-08-04,00953B,twse,除權息,9.34,9.27,0.99250535
2025-08-04,1439,twse,除權息,29.85,29.55,0.98994975
2025-08-04,1527,twse,除權息,39.25,37.05,0.94394904
2025-08-04,2369,twse,除權息,14.85,14.55,0.97979798
2025-08-04,4912,twse,除權息,81.1,77.23,0.95228113
2025-08-04,6201,twse,除權息,63.5,59.5,0.93700787
2025-08-04,6472,twse,除權息,827.0,689.28,0.83347037
2025-08-04,6743,twse,除權息,31.25,29.75,0.952
2025-08-04,9938,twse,除權息,52.9,49.9,0.94328922
2025-08-05,1464,twse,除權息,13.55,12.5,0.92250923
2025-08-05,1727,twse,除權息,32.7,32.2,0.98470948
2025-08-05,2331,twse,除權息,18.25,18.03,0.98794521
2025-08-05,2409,twse,除權息,12.0,11.69,0.97416667
2025-08-05,2427,twse,除權息,30.5,29.8,0.97704918
2025-08-05,2520,twse,除權息,50.7,43.27,0.85345168
2025-08-05,2546,twse,除權息,84.5,76.69,0.90757396
2025-08-05,2834,twse,除權息,16.25,15.14,0.93169231
2025-08-05,3051,twse,除權息,26.15,24.63,0.9418738
2025-08-05,6177,twse,除權息,46.8,41.23,0.88098291
2025-08-06,1720,twse,除權息,58.2,55.4,0.95189003
2025-08-06,2375,twse,除權息,60.0,58.5,0.975
2025-08-06,3376,twse,除權息,230.0,224.0,0.97391304
2025-08-06,8478,twse,除權息,208.5,203.5,0.97601918
2025-08-07,00940,twse,除權息,9.21,9.17,0.99565689
2025-08-07,1713,twse,除權息,55.1,47.6,0.86388385
2025-08-07,2033,twse,除權息,16.0,15.8,0.9875
2025-08-07,2886,twse,除權息,43.0,41.4,0.9627907
2025-08-07,2892,twse,除權息,30.75,29.07,0.94536585
2025-08-07,3056,twse,除權息,33.25,23.14,0.69593985
2025-08-07,4569,twse,除權息,158.0,152.28,0.96379747
2025-08-07,5258,twse,除權息,73.2,70.68,0.96557377
2025-08-07,5288,twse,除權息,140.0,131.48,0.93914286
2025-08-07,5525,twse,除權息,31.5,30.7,0.97460317
2025-08-07,6869,twse,除權息,140.0,134.99,0.96421429
2025-08-07,8466,twse,除權息,28.45,27.25,0.95782074
2025-08-07,9914,twse,除權息,117.0,113.0,0.96581197
2025-08-08,1210,twse,除權息,61.1,58.27,0.95368249
2025-08-08,9958,twse,除權息,193.0,188.83,0.97839378
2025-08-11,1795,twse,除權息,221.5,215.72,0.97390519
2025-08-11,3033,twse,除權息,35.4,33.31,0.94096045
2025-08-11,6446,twse,除權息,510.0,508.9,0.99784314
2025-08-12,1563,twse,除權息,51.4,49.13,0.95583658
2025-08-12,2885,twse,除權息,33.2,32.23,0.97078313
2025-08-12,2887,twse,除權息,16.55,15.65,0.94561934
2025-08-12,3032,twse,除權息,114.5,111.77,0.97615721
2025-08-12,3209,twse,除權息,35.7,33.21,0.9302521
2025-08-13,2748,twse,除權息,49.75,47.75,0.95979899
2025-08-13,2812,twse,除權息,23.4,21.44,0.91623932
2025-08-13,2880,twse,除權息,29.35,27.82,0.94787053
2025-08-13,5880,twse,除權息,25.95,24.51,0.94450867
2025-08-13,6464,twse,除權息,81.1,77.78,0.95906289
2025-08-13,6805,twse,除權息,1050.0,1042.0,0.99238095
2025-08-14,2476,twse,除權息,88.7,85.2,0.96054115
2025-08-14,3008,twse,除權息,2420.0,2392.0,0.98842975
2025-08-14,3050,twse,除權息,14.3,13.8,0.96503497
2025-08-14,4148,twse,除權息,45.9,43.23,0.94183007
2025-08-14,5203,twse,除權息,97.7,93.8,0.96008188
2025-08-15,00936,twse,除權息,15.48,15.44,0.99741602
2025-08-15,00962,twse,除權息,10.18,10.15,0.99705305
2025-08-15,1477,twse,除權息,269.0,263.0,0.97769517
2025-08-15,1615,twse,除權息,54.3,49.8,0.91712707
2025-08-15,3535,twse,除權息,55.1,54.6,0.99092559
2025-08-15,5222,twse,除權息,138.5,125.9,0.90902527
2025-08-15,6117,twse,除權息,95.8,93.62,0.97724426
2025-08-15,9933,twse,除權息,32.25,28.4,0.88062016
2025-08-18,00690,twse,除權息,38.83,38.08,0.98068504
2025-08-18,00701,twse,除權息,29.78,27.98,0.93955675
2025-08-18,00730,twse,除權息,24.23,24.12,0.99546017
2025-08-18,00878,twse,除權息,21.16,20.76,0.98109641
2025-08-18,00881,twse,除權息,27.59,27.04,0.98006524
2025-08-18,00891,twse,除權息,17.85,17.44,0.97703081
2025-08-18,00894,twse,除權息,22.8,22.4,0.98245614
2025-08-18,00900,twse,除權息,13.31,13.21,0.99248685
2025-08-18,00913,twse,除權息,20.8,19.9,0.95673077
2025-08-18,00923,twse,除權息,22.65,21.72,0.9589404
2025-08-18,00932,twse,除權息,14.48,14.3,0.98756906
2025-08-18,00934,twse,除權息,19.58,19.5,0.9959142
2025-08-18,00938,twse,除權息,15.28,15.18,0.9934555
2025-08-18,00943,twse,除權息,14.13,14.07,0.99575372
2025-08-18,00944,twse,除權息,14.32,14.26,0.99581006
2025-08-18,00945B,twse,除權息,13.88,13.79,0.99351585
2025-08-18,00952,twse,除權息,10.48,10.46,0.9980916
2025-08-18,00961,twse,除權息,9.28,9.2,0.99137931
2025-08-18,00963,twse,除權息,10.55,10.49,0.9943128
2025-08-18,00964,twse,除權息,10.8,10.75,0.99537037
2025-08-18,00982A,twse,除權息,12.79,12.55,0.98123534
2025-08-18,1618,twse,除權息,47.9,46.4,0.96868476
2025-08-18,6282,twse,除權息,29.5,28.99,0.98271186
2025-08-18,6799,twse,除權息,92.3,90.31,0.97843987
2025-08-19,00731,twse,除權息,67.65,66.99,0.9902439
2025-08-19,00929,twse,除權息,17.71,17.63,0.99548278
2025-08-19,1474,twse,除權息,12.95,12.55,0.96911197
2025-08-19,1537,twse,除權息,145.0,134.5,0.92758621
2025-08-19,2301,twse,除權息,134.0,132.0,0.98507463
2025-08-19,3017,twse,除權息,1145.0,1135.06,0.99131878
2025-08-19,6796,twse,除權息,80.6,72.81,0.90334988
2025-08-20,00775B,twse,除權息,31.03,30.68,0.98872059
2025-08-20,1737,twse,除權息,33.45,32.15,0.96113602
2025-08-20,6666,twse,除權息,52.0,50.0,0.96153846
2025-08-21,00771,twse,除權息,15.94,15.73,0.9868256
2025-08-21,00850,twse,除權息,46.99,46.39,0.98723133
2025-08-21,1231,twse,除權息,149.5,134.45,0.8993311
2025-08-21,1442,twse,除權息,64.7,60.2,0.93044822
2025-08-21,1465,twse,除權息,13.5,12.9,0.95555556
2025-08-21,1597,twse,除權息,85.0,84.3,0.99176471
2025-08-21,1714,twse,除權息,8.06,7.85,0.97394541
2025-08-21,2201,twse,除權息,34.05,32.75,0.96182085
2025-08-21,2472,twse,除權息,81.3,78.2,0.96186962
2025-08-21,2890,twse,除權息,25.85,24.11,0.93268859
2025-08-21,3023,twse,除權息,238.0,227.75,0.95693277
2025-08-21,4746,twse,除權息,66.0,63.0,0.95454545
2025-08-21,6534,twse,除權息,106.5,106.0,0.99530516
2025-08-21,6806,twse,除權息,60.8,59.57,0.97976974
2025-08-21,6994,twse,除權息,90.9,89.94,0.98943894
2025-08-21,8454,twse,除權息,272.0,259.04,0.95235294
2025-08-22,1321,twse,除權息,37.9,37.52,0.98997361
2025-08-22,2428,twse,除權息,154.0,147.9,0.96038961
2025-08-22,6230,twse,除權息,145.5,145.27,0.99841924
2025-08-25,1539,twse,除權息,18.85,18.0,0.95490716
2025-08-25,2250,twse,除權息,105.5,97.49,0.92407583
2025-08-25,2327,twse,變更面額,546.0,136.5,0.25
2025-08-25,2377,twse,除權息,139.0,134.0,0.96402878
2025-08-25,2484,twse,除權息,22.2,21.5,0.96846847
2025-08-25,2527,twse,除權息,27.6,25.6,0.92753623
2025-08-25,4927,twse,除權息,28.9,27.38,0.94740484
2025-08-25,6955,twse,除權息,193.5,168.26,0.86956072
2025-08-26,00907,twse,除權息,15.39,15.26,0.99155296
2025-08-26,1409,twse,除權息,15.8,15.2,0.96202532
2025-08-26,1529,twse,除權息,26.4,26.2,0.99242424
2025-08-26,2012,twse,除權息,18.85,17.85,0.9469496
2025-08-26,2420,twse,除權息,58.8,55.3,0.94047619
2025-08-26,2901,twse,除權息,26.05,25.67,0.98541267
2025-08-26,3622,twse,除權息,58.6,55.6,0.94880546
2025-08-26,6183,twse,除權息,100.5,97.3,0.9681592
2025-08-26,9921,twse,除權息,105.5,103.3,0.97914692
2025-08-26,9927,twse,除權息,65.7,59.7,0.9086758
2025-08-27,1541,twse,除權息,25.9,25.4,0.98069498
2025-08-27,1709,twse,除權息,18.35,17.55,0.95640327
2025-08-27,2227,twse,除權息,60.2,56.3,0.93521595
2025-08-27,2496,twse,除權息,68.0,66.5,0.97794118
2025-08-27,6216,twse,除權息,32.2,29.66,0.92111801
2025-08-28,1324,twse,除權息,10.9,10.7,0.98165138
2025-08-28,1453,twse,除權息,13.0,12.62,0.97076923
2025-08-28,1513,twse,除權息,168.0,163.4,0.97261905
2025-08-28,1603,twse,除權息,40.5,39.0,0.96296296
2025-08-28,2038,twse,除權息,15.55,15.24,0.98006431
2025-08-28,2059,twse,除權息,2940.0,2907.8,0.98904762
2025-08-28,2062,twse,除權息,25.65,23.85,0.92982456
2025-08-28,2364,twse,除權息,99.3,76.38,0.76918429
2025-08-28,2383,twse,除權息,1280.0,1263.42,0.98704688
2025-08-28,2439,twse,除權息,117.0,109.7,0.93760684
2025-08-28,2441,twse,除權息,60.5,57.5,0.95041322
2025-08-28,2468,twse,除權息,60.7,59.8,0.98517298
2025-08-28,2539,twse,除權息,60.5,50.0,0.82644628
2025-08-28,3025,twse,除權息,51.7,48.4,0.93617021
2025-08-28,3167,twse,除權息,210.5,209.5,0.99524941
2025-08-28,3706,twse,除權息,100.5,90.45,0.9
2025-08-28,4968,twse,除權息,145.0,143.9,0.99241379
2025-08-28,5525,twse,除權息,31.3,29.25,0.93450479
2025-08-28,5534,twse,除權息,80.0,74.5,0.93125
2025-08-28,6108,twse,除權息,15.7,14.7,0.93630573
2025-08-28,6582,twse,除權息,33.5,32.5,0.97014925
2025-08-28,6916,twse,除權息,19.8,19.52,0.98585859
2025-08-28,9105,twse,除權息,6.09,6.02,0.98850575
2025-08-28,9946,twse,除權息,19.65,18.6,0.94656489
2025-08-29,1732,twse,除權息,29.25,28.75,0.98290598
2025-08-29,2367,twse,除權息,31.45,30.74,0.97742448
2025-08-29,2883,twse,除權息,15.55,15.39,0.98971061
2025-08-29,3052,twse,除權息,12.25,11.75,0.95918367
2025-09-01,1315,twse,除權息,66.5,64.5,0.96992481
2025-09-01,3528,twse,除權息,73.9,70.9,0.9594046
2025-09-01,4306,twse,除權息,15.8,14.5,0.91772152
2025-09-01,6591,twse,除權息,100.5,98.34,0.97850746
2025-09-02,00939,twse,除權息,13.73,13.66,0.99490168
2025-09-02,00946,twse,除權息,10.18,10.12,0.99410609
2025-09-02,00953B,twse,除權息,9.57,9.5,0.99268548
2025-09-02,1722,twse,除權息,53.2,51.2,0.96240602
2025-09-02,1734,twse,除權息,32.55,31.0,0.95238095
2025-09-02,2543,twse,除權息,85.2,72.56,0.85164319
2025-09-02,2845,twse,除權息,13.6,12.6,0.92647059
2025-09-02,2867,twse,除權息,6.11,6.08,0.99509002
2025-09-02,3047,twse,除權息,21.8,21.5,0.98623853
2025-09-02,3661,twse,除權息,3915.0,3878.52,0.99068199
2025-09-02,5243,twse,除權息,77.1,75.6,0.98054475
2025-09-02,9941,twse,除權息,104.0,94.87,0.91221154
2025-09-02,9941A,twse,除權息,52.0,49.66,0.955
2025-09-03,2701,twse,除權息,11.4,11.12,0.9754386
2025-09-03,3346,twse,除權息,24.3,23.09,0.95020576
2025-09-03,4438,twse,除權息,72.3,71.47,0.98852006
2025-09-03,6426,twse,除權息,76.4,75.9,0.9934555
2025-09-03,6753,twse,除權息,145.5,144.25,0.99140893
2025-09-04,1203,twse,除權息,40.5,39.3,0.97037037
2025-09-04,1339,twse,除權息,47.15,44.15,0.93637328
2025-09-04,2323,twse,除權息,8.76,8.46,0.96575342
2025-09-04,2493,twse,除權息,159.5,140.34,0.87987461
2025-09-04,3059,twse,除權息,54.2,53.2,0.98154982
2025-09-04,3605,twse,除權息,73.2,72.47,0.99002732
2025-09-04,4736,twse,除權息,141.5,131.5,0.92932862
2025-09-04,6139,twse,除權息,370.5,356.61,0.96251012
2025-09-04,7722,twse,除權息,600.0,598.5,0.9975
2025-09-04,9906,twse,除權息,70.5,64.0,0.90780142
2025-09-05,01010T,twse,除權息,10.1,10.0,0.99009901
2025-09-05,1783,twse,除權息,44.1,43.27,0.98117914
2025-09-05,6552,twse,除權息,28.45,28.25,0.99297012
2025-09-08,2530,twse,除權息,32.65,31.55,0.96630934
2025-09-08,2923,twse,除權息,22.6,22.36,0.98938053
2025-09-08,3545,twse,除權息,67.7,65.96,0.97429838
2025-09-08,4737,twse,除權息,78.3,71.19,0.9091954
2025-09-09,00940,twse,除權息,9.38,9.34,0.99573561
2025-09-09,1514,twse,除權息,107.0,103.23,0.96476636
2025-09-09,2442,twse,除權息,26.8,26.3,0.98134328
2025-09-09,4104,twse,除權息,88.4,84.19,0.95237557
2025-09-09,6133,twse,除權息,17.85,17.55,0.98319328
2025-09-10,2379,twse,除權息,540.0,514.5,0.95277778
2025-09-10,2762,twse,除權息,78.8,77.89,0.98845178
2025-09-10,2905,twse,除權息,13.1,12.79,0.97633588
2025-09-11,5906,twse,除權息,50.5,48.72,0.96475248
2025-09-11,6446,twse,除權息,538.0,484.8,0.90111524
2025-09-11,6504,twse,除權息,50.2,49.2,0.98007968
2025-09-12,1517,twse,除權息,10.65,10.45,0.98122066
2025-09-15,00936,twse,除權息,15.75,15.69,0.99619048
2025-09-15,01009T,twse,除權息,7.11,6.96,0.97890295
2025-09-15,2101,twse,減資,40.0,44.08,1.102
2025-09-15,3321,twse,減資,7.62,13.93,1.82808399
2025-09-15,9802,twse,除權息,105.0,101.9,0.97047619
2025-09-16,00730,twse,除權息,24.88,24.77,0.99557878
2025-09-16,00896,twse,除權息,18.47,18.07,0.97834326
2025-09-16,00900,twse,除權息,13.57,13.47,0.9926308
2025-09-16,00915,twse,除權息,22.72,22.43,0.98723592
2025-09-16,00919,twse,除權息,21.79,21.25,0.97521799
2025-09-16,00921,twse,除權息,17.74,17.54,0.98872604
2025-09-16,00934,twse,除權息,20.04,19.95,0.99550898
2025-09-16,00935,twse,除權息,26.49,25.74,0.97168743
2025-09-16,00943,twse,除權息,14.32,14.25,0.99511173
2025-09-16,00944,twse,除權息,14.4,14.34,0.99583333
2025-09-16,00945B,twse,除權息,14.08,14.0,0.99431818
2025-09-16,00952,twse,除權息,10.95,10.92,0.99726027
2025-09-16,00961,twse,除權息,9.22,9.17,0.99457701
2025-09-16,00962,twse,除權息,10.6,10.57,0.99716981
2025-09-16,00963,twse,除權息,10.73,10.67,0.9944082
2025-09-16,00964,twse,除權息,11.0,10.93,0.99363636
2025-09-16,00972,twse,除權息,16.84,16.77,0.99584323
2025-09-16,009802,twse,除權息,10.78,10.67,0.98979592
2025-09-16,009803,twse,除權息,11.83,11.64,0.98393914
2025-09-16,2330,twse,除權息,1255.0,1249.99,0.99600797
2025-09-16,5306,twse,除權息,88.8,87.78,0.98851351
2025-09-16,6931,twse,除權息,51.0,50.88,0.99764706
2025-09-16,8104,twse,除權息,40.1,38.69,0.96483791
2025-09-17,00710B,twse,除權息,18.67,18.35,0.9828602
2025-09-17,00711B,twse,除權息,15.9,15.71,0.98805031
2025-09-17,00712,twse,除權息,9.18,8.99,0.97930283
2025-09-17,00929,twse,除權息,18.39,18.31,0.99564981
2025-09-17,2374,twse,除權息,107.0,95.01,0.88794393
2025-09-17,2488,twse,除權息,49.6,46.4,0.93548387
2025-09-17,3002,twse,除權息,17.1,16.4,0.95906433
2025-09-18,00728,twse,除權息,33.62,33.29,0.99018441
2025-09-18,00918,twse,除權息,22.93,22.41,0.97732229
2025-09-18,2706,twse,除權息,13.75,13.4,0.97454545
2025-09-18,6757,twse,除權息,87.7,81.65,0.93101482
2025-09-19,00713,twse,除權息,51.85,51.07,0.98495661
2025-09-19,1528,twse,除權息,16.2,16.1,0.99382716
2025-09-22,00930,twse,除權息,17.65,17.53,0.99320113
2025-09-23,1590,twse,除權息,782.0,762.45,0.975
2025-09-23,4912,twse,除權息,78.7,78.52,0.99771283
2025-09-24,1225,twse,除權息,31.65,29.86,0.94344392
2025-09-25,1808,twse,除權息,30.85,28.85,0.93517018
2025-09-25,2109,twse,除權息,16.35,15.85,0.96941896
2025-09-25,2458,twse,除權息,131.0,128.35,0.97977099
2025-09-25,2542,twse,除權息,44.75,40.71,0.90972067
2025-09-25,2881,twse,除權息,89.0,86.82,0.97550562
2025-09-26,3021,twse,除權息,18.45,18.14,0.98319783
2025-09-26,4441,twse,除權息,276.0,266.85,0.96684783
2025-09-26,7631,twse,除權息,144.0,143.35,0.99548611
2025-09-30,2540,twse,除權息,79.5,56.07,0.70528302
2025-09-30,3312,twse,除權息,42.1,41.84,0.99382423
2025-09-30,6120,twse,減資,10.9,11.0,1.00917431
2025-10-02,00939,twse,除權息,14.1,14.02,0.99432624
2025-10-02,01004T,twse,除權息,11.43,11.22,0.9816273
2025-10-02,4967,twse,除權息,89.0,86.0,0.96629213
2025-10-03,3356,twse,除權息,52.8,48.8,0.92424242
2025-10-07,00946,twse,除權息,10.26,10.2,0.99415205
2025-10-07,00953B,twse,除權息,9.53,9.46,0.99265477
2025-10-07,1256,twse,除權息,174.0,172.43,0.99097701
2025-10-07,2352,twse,減資,30.15,34.57,1.14660033
2025-10-07,2489,twse,減資,13.35,13.73,1.02846442
2025-10-07,2607,twse,減資,35.0,60.0,1.71428571
2025-10-07,3004,twse,除權息,140.0,134.37,0.95978571
2025-10-07,3057,twse,減資,9.32,14.31,1.53540773
2025-10-07,3701,twse,除權息,39.6,39.4,0.99494949
2025-10-07,6533,twse,除權息,299.0,295.76,0.98916388
2025-10-07,6776,twse,除權息,52.5,51.89,0.98838095
2025-10-07,9924,twse,減資,44.8,53.5,1.19419643
2025-10-08,00940,twse,除權息,9.54,9.5,0.99580713
2025-10-08,1235,twse,除權息,67.6,55.91,0.82707101
2025-10-13,1449,twse,除權息,12.5,12.1,0.968
2025-10-16,01010T,twse,除權息,10.01,10.0,0.999001
2025-10-16,1463,twse,除權息,21.75,19.65,0.90344828
2025-10-17,00851,twse,除權息,56.0,54.3,0.96964286
2025-10-17,00936,twse,除權息,15.74,15.68,0.99618806
2025-10-17,00947,twse,除權息,16.09,16.01,0.99502797
2025-10-17,00962,twse,除權息,11.06,11.03,0.99728752
2025-10-17,2236,twse,除權息,92.0,91.59,0.99554348
2025-10-20,00714,twse,除權息,20.05,19.92,0.99351621
2025-10-20,00717,twse,除權息,14.84,14.69,0.98989218
2025-10-20,00730,twse,除權息,23.81,23.7,0.99538009
2025-10-20,00733,twse,除權息,48.3,47.23,0.97784679
2025-10-20,00900,twse,除權息,13.63,13.53,0.99266324
2025-10-20,00905,twse,除權息,16.74,16.49,0.98506571
2025-10-20,00908,twse,除權息,13.49,13.36,0.99036323
2025-10-20,00912,twse,除權息,20.92,20.62,0.98565966
2025-10-20,00922,twse,除權息,25.94,24.69,0.95181187
2025-10-20,00927,twse,除權息,20.47,20.25,0.98925256
2025-10-20,00934,twse,除權息,20.22,20.12,0.9950544
2025-10-20,00943,twse,除權息,14.85,14.78,0.9952862
2025-10-20,00944,twse,除權息,14.23,14.17,0.99578356
2025-10-20,00945B,twse,除權息,14.2,14.11,0.99366197
2025-10-20,00952,twse,除權息,11.37,11.34,0.99736148
2025-10-20,00956,twse,除權息,10.32,10.16,0.98449612
2025-10-20,00960,twse,除權息,13.68,13.47,0.98464912
2025-10-20,00961,twse,除權息,9.48,9.44,0.99578059
2025-10-20,00963,twse,除權息,10.6,10.54,0.99433962
2025-10-20,00964,twse,除權息,10.94,10.87,0.99360146
2025-10-20,00984A,twse,除權息,10.6,10.39,0.98018868
2025-10-20,2314,twse,減資,10.3,24.46,2.37475728
2025-10-20,2465,twse,除權息,75.3,72.07,0.95710491
2025-10-21,00929,twse,除權息,18.62,18.54,0.99570354
2025-10-21,6655,twse,除權息,116.5,115.3,0.98969957
2025-10-22,00904,twse,除權息,21.9,21.25,0.97031963
2025-10-22,1589,twse,除權息,22.35,21.78,0.97449664
2025-10-23,0056,twse,除權息,37.75,36.88,0.97695364
2025-10-23,006204,twse,除權息,142.1,138.84,0.97705841
2025-10-23,00739,twse,除權息,26.22,25.32,0.96567506
2025-10-23,00907,twse,除權息,15.74,15.6,0.99110546
2025-10-23,2543,twse,除權息,71.7,71.2,0.9930265
2025-10-27,2489,twse,除權息,15.6,15.1,0.96794872
2025-10-27,3550,twse,除權息,14.9,14.36,0.96375839
2025-10-28,2812,twse,除權息,21.9,21.85,0.99771689
2025-10-28,4552,twse,除權息,23.2,22.2,0.95689655
2025-10-31,5283,twse,除權息,73.9,61.16,0.82760487
2025-11-03,00939,twse,除權息,14.58,14.5,0.99451303
2025-11-03,2832,twse,減資,36.0,47.14,1.30944444
2025-11-04,3563,twse,除權息,543.0,492.72,0.90740331
2025-11-05,00946,twse,除權息,10.43,10.37,0.99424736
2025-11-05,00953B,twse,除權息,9.59,9.52,0.99270073
2025-11-05,00985B,twse,除權息,10.14,10.09,0.99506903
2025-11-05,020036,twse,除權息,7.24,6.91,0.95441989
2025-11-06,00940,twse,除權息,9.61,9.57,0.99583767
2025-11-10,2515,twse,除權息,17.0,16.18,0.95176471
2025-11-14,3037,twse,除權息,178.5,176.67,0.9897479
2025-11-17,00936,twse,除權息,15.82,15.76,0.99620733
2025-11-17,00951,twse,除權息,11.04,10.88,0.98550725
2025-11-17,00962,twse,除權息,11.02,10.99,0.99727768
2025-11-17,6464,twse,除權息,75.1,72.9,0.97070573
2025-11-17,8422,twse,變更面額,250.0,25.0,0.1
2025-11-18,006208,twse,除權息,144.8,141.35,0.97617403
2025-11-18,00690,twse,除權息,43.06,42.17,0.97933117
2025-11-18,00692,twse,除權息,55.85,54.59,0.97743957
2025-11-18,00730,twse,除權息,22.21,22.1,0.99504728
2025-11-18,00878,twse,除權息,21.11,20.71,0.98105163
2025-11-18,00891,twse,除權息,19.1,18.5,0.96858639
2025-11-18,00892,twse,除權息,20.65,20.37,0.98644068
2025-11-18,00894,twse,除權息,26.59,26.19,0.98495675
2025-11-18,00900,twse,除權息,13.43,13.33,0.99255398
2025-11-18,00932,twse,除權息,14.33,14.13,0.98604327
2025-11-18,00934,twse,除權息,20.63,20.5,0.9936985
2025-11-18,00938,twse,除權息,16.57,16.39,0.98913699
2025-11-18,00943,twse,除權息,14.51,14.44,0.99517574
2025-11-18,00944,twse,除權息,14.06,14.0,0.99573257
2025-11-18,00945B,twse,除權息,14.35,14.26,0.99372822
2025-11-18,00952,twse,除權息,11.72,11.69,0.99744027
2025-11-18,00961,twse,除權息,9.66,9.64,0.99792961
2025-11-18,00963,twse,除權息,11.01,10.97,0.99636694
2025-11-18,00964,twse,除權息,11.65,11.57,0.99313305
2025-11-18,00980A,twse,除權息,14.62,14.29,0.97742818
2025-11-18,00982A,twse,除權息,14.09,13.75,0.97586941
2025-11-19,00731,twse,除權息,66.2,65.54,0.99003021
2025-11-19,00929,twse,除權息,17.53,17.44,0.99486594
2025-11-20,00775B,twse,除權息,32.59,32.22,0.98864682
2025-11-20,009808,twse,除權息,18.59,18.18,0.97794513
2025-11-20,01007T,twse,除權息,13.67,13.44,0.98317484
2025-11-21,0051,twse,除權息,91.1,88.1,0.96706915
2025-11-21,0053,twse,除權息,136.55,133.55,0.97803003
2025-11-21,0055,twse,除權息,30.63,29.38,0.95919034
2025-11-21,00771,twse,除權息,16.19,15.98,0.98702903
2025-11-21,00850,twse,除權息,53.45,52.75,0.98690365
2025-11-24,1808,twse,減資,34.45,37.16,1.07866473
2025-11-24,7780,twse,除權息,181.0,180.15,0.99530387
2025-11-24,9927,twse,減資,52.4,69.11,1.31889313
2025-11-25,00901,twse,除權息,26.26,23.66,0.9009901
2025-11-25,00930,twse,除權息,16.92,16.79,0.99231678
2025-11-27,2762,twse,除權息,80.6,79.66,0.98833747
2025-12-02,00939,twse,除權息,13.91,13.83,0.99424874
2025-12-03,00946,twse,除權息,9.85,9.79,0.99390863
2025-12-03,00953B,twse,除權息,9.76,9.69,0.99282787
2025-12-03,00985B,twse,除權息,10.32,10.27,0.99515504
2025-12-03,020038,twse,除權息,7.88,7.35,0.93274112
2025-12-03,3135,twse,除權息,59.0,57.67,0.97745763
2025-12-04,3004,twse,除權息,100.5,97.94,0.97452736
2025-12-05,3321,twse,除權息,23.0,18.97,0.82478261
2025-12-08,8103,twse,減資,74.7,86.11,1.15274431
2025-12-09,2530,twse,除權息,28.55,27.8,0.9737303
2025-12-09,3715,twse,除權息,117.0,116.75,0.99786325
2025-12-09,6277,twse,除權息,64.9,63.9,0.98459168
2025-12-10,00940,twse,除權息,9.26,9.21,0.99460043
2025-12-10,2236,twse,除權息,116.0,112.21,0.96732759
2025-12-10,6949,twse,除權息,352.0,348.11,0.98894886
2025-12-11,2330,twse,除權息,1505.0,1499.99,0.9966711
2025-12-11,6438,twse,除權息,142.0,139.0,0.97887324
2025-12-15,00936,twse,除權息,15.89,15.83,0.99622404
2025-12-15,00962,twse,除權息,10.82,10.79,0.99722736
2025-12-16,00730,twse,除權息,23.24,23.13,0.99526678
2025-12-16,00896,twse,除權息,19.33,18.73,0.96896017
2025-12-16,00900,twse,除權息,13.48,13.4,0.99406528
2025-12-16,00915,twse,除權息,22.59,22.24,0.98450642
2025-12-16,00919,twse,除權息,22.19,21.65,0.97566471
2025-12-16,00921,twse,除權息,17.77,17.58,0.98930782
2025-12-16,00926,twse,除權息,24.52,23.05,0.94004894
2025-12-16,00934,twse,除權息,20.56,20.42,0.99319066
2025-12-16,00943,twse,除權息,14.38,14.31,0.99513213
2025-12-16,00944,twse,除權息,14.47,14.41,0.99585349
2025-12-16,00945B,twse,除權息,14.45,14.36,0.99377163
2025-12-16,00952,twse,除權息,11.59,11.56,0.99741156
2025-12-16,00961,twse,除權息,9.32,9.3,0.99785408
2025-12-16,00963,twse,除權息,11.29,11.25,0.99645704
2025-12-16,00964,twse,除權息,11.33,11.24,0.99205649
2025-12-16,00971,twse,除權息,16.9,15.9,0.9408284
2025-12-16,00972,twse,除權息,18.27,18.0,0.98522167
2025-12-16,009802,twse,除權息,11.02,10.92,0.99092559
2025-12-16,01010T,twse,除權息,10.05,9.98,0.99303483
2025-12-17,00710B,twse,除權息,19.3,18.99,0.98393782
2025-12-17,00711B,twse,除權息,16.51,16.32,0.98849182
2025-12-17,00712,twse,除權息,9.25,9.06,0.97945946
2025-12-17,00929,twse,除權息,17.61,17.52,0.99488927
2025-12-17,009803,twse,除權息,12.58,12.36,0.98251192
2025-12-17,3543,twse,除權息,43.9,42.18,0.96082005
2025-12-18,00728,twse,除權息,35.87,35.5,0.98968497
2025-12-18,00918,twse,除權息,22.99,22.42,0.97520661
2025-12-18,4739,twse,除權息,67.2,66.75,0.99330357
2025-12-18,8070,twse,除權息,44.6,43.89,0.98408072
2025-12-19,00713,twse,除權息,51.15,50.37,0.98475073
2025-12-19,8467,twse,除權息,155.5,153.5,0.98713826
2025-12-22,3593,twse,減資,8.1,13.5,1.66666667
2025-12-22,5306,twse,除權息,88.5,87.63,0.99016949
2025-12-22,6931,twse,除權息,64.7,64.58,0.99814529
2025-12-23,00907,twse,除權息,15.51,15.37,0.99097357
2025-12-23,2474,twse,除權息,197.0,193.84,0.98395939
2025-12-23,4912,twse,除權息,83.8,83.49,0.99630072
2025-12-24,2753,twse,除權息,197.0,193.0,0.97969543
2025-12-29,6796,twse,除權息,104.5,102.64,0.98220096
2025-12-30,7631,twse,除權息,128.0,127.26,0.99421875
2026-01-02,00939,twse,除權息,14.7,14.62,0.99455782
2026-01-06,00946,twse,除權息,9.6,9.54,0.99375
2026-01-06,00953B,twse,除權息,9.76,9.69,0.99282787
2026-01-06,00985B,twse,除權息,10.32,10.27,0.99515504
2026-01-06,2442,twse,除權息,24.8,24.12,0.97258065
2026-01-06,2454,twse,除權息,1525.0,1496.0,0.98098361
2026-01-08,00940,twse,除權息,9.43,9.38,0.99469777
2026-01-08,1707,twse,除權息,127.0,124.8,0.98267717
2026-01-08,2247,twse,除權息,281.5,275.0,0.97690941
2026-01-08,4104,twse,除權息,79.1,77.39,0.9783818
2026-01-08,4737,twse,除權息,55.0,54.35,0.98818182
2026-01-12,1414,twse,減資,17.45,18.27,1.0469914
2026-01-13,8021,twse,除權息,218.0,216.11,0.99133028
2026-01-16,00904,twse,除權息,26.08,25.32,0.9708589
2026-01-16,00936,twse,除權息,17.46,17.4,0.99656357
2026-01-16,00947,twse,除權息,21.36,21.24,0.99438202
2026-01-16,00962,twse,除權息,11.26,11.23,0.9973357
2026-01-19,00882,twse,除權息,15.46,15.01,0.97089263
2026-01-19,00905,twse,除權息,18.72,18.47,0.9866453
2026-01-19,00911,twse,除權息,37.2,36.2,0.97311828
2026-01-19,00912,twse,除權息,23.13,22.48,0.97189797
2026-01-19,00917,twse,除權息,31.8,28.3,0.88993711
2026-01-19,00927,twse,除權息,25.0,24.09,0.9636
2026-01-19,00934,twse,除權息,22.37,22.23,0.99374162
2026-01-19,00943,twse,除權息,14.96,14.89,0.99532086
2026-01-19,00944,twse,除權息,15.22,15.16,0.99605782
2026-01-19,00952,twse,除權息,12.49,12.44,0.9959968
2026-01-19,00956,twse,除權息,12.28,12.02,0.97882736
2026-01-19,00960,twse,除權息,15.13,14.9,0.98479841
2026-01-19,00961,twse,除權息,10.23,10.21,0.99804497
2026-01-19,00963,twse,除權息,11.84,11.79,0.99577703
2026-01-19,00964,twse,除權息,12.47,12.38,0.99278268
2026-01-19,00984A,twse,除權息,12.01,11.84,0.98584513
2026-01-19,7780,twse,變更面額,185.0,18.5,0.1
2026-01-20,00701,twse,除權息,29.96,29.26,0.97663551
2026-01-20,00702,twse,除權息,23.98,23.33,0.97289408
2026-01-20,00714,twse,除權息,20.79,20.66,0.99374699
2026-01-20,00717,twse,除權息,15.43,15.28,0.99027868
2026-01-20,00730,twse,除權息,23.83,23.72,0.99538397
2026-01-20,00735,twse,除權息,60.3,59.3,0.98341625
2026-01-20,00736,twse,除權息,29.21,28.91,0.98972954
2026-01-20,00770,twse,除權息,57.95,53.75,0.92752373
2026-01-20,00830,twse,除權息,64.9,55.9,0.86132512
2026-01-20,00881,twse,除權息,35.87,33.22,0.92612211
2026-01-20,00900,twse,除權息,14.59,14.51,0.99451679
2026-01-20,00908,twse,除權息,14.29,14.16,0.99090273
2026-01-20,00929,twse,除權息,19.64,19.54,0.99490835
2026-01-20,00930,twse,除權息,18.26,18.11,0.99178532
2026-01-20,00945B,twse,除權息,14.63,14.54,0.99384826
2026-01-20,00981T,twse,除權息,11.03,10.97,0.99456029
2026-01-20,00982D,twse,除權息,10.17,10.11,0.99410029
2026-01-20,00983D,twse,除權息,10.31,10.25,0.99418041
2026-01-22,0050,twse,除權息,71.85,70.85,0.98608212
2026-01-22,0056,twse,除權息,38.21,37.34,0.97723109
2026-01-22,006203,twse,除權息,129.75,127.95,0.98612717
2026-01-22,1437,twse,除權息,32.8,32.31,0.98506098
2026-01-26,3189,twse,除權息,214.0,204.83,0.95714953
2026-02-02,00939,twse,除權息,15.6,15.52,0.99487179
2026-02-02,00940,twse,除權息,9.7,9.65,0.99484536
2026-02-03,00946,twse,除權息,10.06,10.0,0.99403579
2026-02-03,00953B,twse,除權息,9.8,9.73,0.99285714
2026-02-03,00985B,twse,除權息,10.4,10.35,0.99519231
2026-02-04,2374,twse,除權息,79.6,79.11,0.99384422
2026-02-04,6969,twse,除權息,31.15,30.73,0.98651685
2026-02-05,5534,twse,除權息,79.7,78.13,0.98030113
2026-02-09,2338,twse,除權息,35.5,34.96,0.98478873
2026-02-24,2421,twse,除權息,147.0,145.96,0.99292517
2026-02-25,00730,twse,除權息,23.26,23.15,0.99527085
2026-02-25,00775B,twse,除權息,33.41,33.06,0.98952409
2026-02-25,00900,twse,除權息,14.93,14.85,0.99464166
2026-02-25,00907,twse,除權息,15.88,15.72,0.98992443
2026-02-25,00936,twse,除權息,17.94,17.84,0.99442586
2026-02-25,00962,twse,除權息,11.4,11.37,0.99736842
2026-02-25,00982D,twse,除權息,10.27,10.21,0.99415774
2026-02-25,00983D,twse,除權息,10.34,10.28,0.99419729
2026-02-26,00690,twse,除權息,55.85,54.8,0.98119964
2026-02-26,00771,twse,除權息,16.4,16.19,0.98719512
2026-02-26,00850,twse,除權息,67.2,66.4,0.98809524
2026-02-26,00878,twse,除權息,24.0,23.58,0.9825
2026-02-26,00891,twse,除權息,25.92,25.17,0.97106481
2026-02-26,00894,twse,除權息,34.18,33.78,0.98829725
2026-02-26,00913,twse,除權息,33.0,31.4,0.95151515
2026-02-26,00923,twse,除權息,32.49,30.78,0.94736842
2026-02-26,00932,twse,除權息,15.18,14.96,0.98550725
2026-02-26,00934,twse,除權息,22.66,22.52,0.99382171
2026-02-26,00938,twse,除權息,19.7,19.5,0.98984772
2026-02-26,00943,twse,除權息,15.27,15.2,0.99541585
2026-02-26,00944,twse,除權息,15.49,15.43,0.99612653
2026-02-26,00945B,twse,除權息,14.47,14.38,0.99378023
2026-02-26,00952,twse,除權息,13.22,13.17,0.99621785
2026-02-26,00961,twse,除權息,10.42,10.36,0.99424184
2026-02-26,00963,twse,除權息,12.48,12.43,0.99599359
2026-02-26,00964,twse,除權息,14.0,13.91,0.99357143
2026-02-26,009808,twse,除權息,24.03,23.54,0.97960882
2026-02-26,00980A,twse,除權息,17.9,17.53,0.97932961
2026-02-26,00981T,twse,除權息,11.54,11.48,0.99480069
2026-02-26,00982A,twse,除權息,16.76,16.38,0.97732697
2026-03-03,00731,twse,除權息,75.0,74.24,0.98986667
2026-03-03,00929,twse,除權息,19.96,19.86,0.99498998
2026-03-04,3605,twse,除權息,63.4,63.06,0.99463722
2026-03-05,4807,twse,除權息,18.15,17.29,0.95261708
2026-03-11,00939,twse,除權息,15.51,15.43,0.99484204
2026-03-11,00940,twse,除權息,9.53,9.48,0.99475341
2026-03-12,00946,twse,除權息,10.08,10.02,0.99404762
2026-03-12,00953B,twse,除權息,9.71,9.64,0.99279094
2026-03-12,00985B,twse,除權息,10.36,10.31,0.99517375
2026-03-12,1342,twse,除權息,95.9,89.9,0.93743483
2026-03-12,2762,twse,除權息,79.4,75.28,0.94811083
2026-03-13,01009T,twse,除權息,5.99,5.85,0.97662771
2026-03-16,00936,twse,除權息,17.6,17.5,0.99431818
2026-03-16,00962,twse,除權息,11.0,10.95,0.99545455
2026-03-16,01010T,twse,除權息,10.06,9.97,0.99105368
2026-03-16,9802,twse,除權息,85.8,83.8,0.97668998
2026-03-17,00730,twse,除權息,22.82,22.71,0.99517967
2026-03-17,00896,twse,除權息,21.85,21.15,0.96796339
2026-03-17,00900,twse,除權息,14.34,14.26,0.9944212
2026-03-17,00915,twse,除權息,23.66,23.28,0.98393914
2026-03-17,00919,twse,除權息,23.91,23.13,0.96737767
2026-03-17,00921,twse,除權息,19.01,18.74,0.98579695
2026-03-17,00922,twse,除權息,30.81,28.81,0.93508601
2026-03-17,00934,twse,除權息,21.94,21.8,0.99361896
2026-03-17,00935,twse,除權息,38.06,36.86,0.96847084
2026-03-17,00943,twse,除權息,15.08,15.0,0.99469496
2026-03-17,00944,twse,除權息,15.3,15.24,0.99607843
2026-03-17,00945B,twse,除權息,14.55,14.46,0.99381443
2026-03-17,00952,twse,除權息,12.94,12.89,0.99613601
2026-03-17,00961,twse,除權息,10.38,10.25,0.98747592
2026-03-17,00963,twse,除權息,12.32,12.27,0.99594156
2026-03-17,00964,twse,除權息,13.87,13.77,0.99279019
2026-03-17,00972,twse,除權息,18.92,18.65,0.98572939
2026-03-17,009802,twse,除權息,12.88,12.78,0.99223602
2026-03-17,009803,twse,除權息,15.53,15.28,0.98390212
2026-03-17,00981A,twse,除權息,20.27,19.86,0.97977306
2026-03-17,00981T,twse,除權息,11.1,11.04,0.99459459
2026-03-17,00982D,twse,除權息,10.08,10.02,0.99404762
2026-03-17,00983D,twse,除權息,10.28,10.22,0.99416342
2026-03-17,2330,twse,除權息,1845.0,1838.99,0.99674255
2026-03-18,00710B,twse,除權息,19.03,18.73,0.98423542
2026-03-18,00711B,twse,除權息,16.28,16.08,0.98771499
2026-03-18,00712,twse,除權息,8.99,8.8,0.97886541
2026-03-18,00929,twse,除權息,19.93,19.82,0.99448068
2026-03-18,1712,twse,除權息,47.0,44.5,0.94680851
2026-03-19,00728,twse,除權息,46.13,45.61,0.98872751
2026-03-19,00918,twse,除權息,23.68,23.06,0.97381757
2026-03-19,2301,twse,除權息,170.0,167.0,0.98235294
2026-03-19,2430,twse,除權息,22.75,21.95,0.96483516
2026-03-19,2613,twse,除權息,26.1,25.1,0.96168582
2026-03-19,3008,twse,除權息,2440.0,2388.0,0.97868852
2026-03-19,3029,twse,除權息,118.0,112.5,0.95338983
2026-03-19,3038,twse,除權息,23.5,22.3,0.94893617
2026-03-19,4440,twse,除權息,18.35,17.35,0.94550409
2026-03-19,5306,twse,除權息,89.2,88.16,0.98834081
2026-03-19,6955,twse,除權息,167.0,165.5,0.99101796
2026-03-19,9105,twse,除權息,5.93,5.84,0.98482293
2026-03-20,00713,twse,除權息,52.5,51.72,0.98514286
2026-03-20,2006,twse,除權息,75.0,70.7,0.94266667
2026-03-20,2630,twse,除權息,51.1,50.2,0.98238748
2026-03-20,5234,twse,除權息,392.0,385.5,0.98341837
2026-03-20,6235,twse,除權息,49.1,47.9,0.97556008
2026-03-23,00930,twse,除權息,17.77,17.62,0.99155881
2026-03-24,1623,twse,除權息,200.0,192.0,0.96
2026-03-25,3005,twse,除權息,127.0,120.21,0.94653543
2026-03-25,4949,twse,除權息,61.0,59.6,0.97704918
2026-03-25,6281,twse,除權息,60.5,57.2,0.94545455
2026-03-25,8464,twse,除權息,383.0,367.0,0.95822454
2026-03-26,1477,twse,除權息,268.0,259.0,0.96641791
2026-03-26,1611,twse,除權息,13.3,12.5,0.93984962
2026-03-26,2015,twse,除權息,68.1,64.8,0.95154185
2026-03-26,2101,twse,除權息,35.2,34.5,0.98011364
2026-03-26,2108,twse,除權息,25.35,24.35,0.96055227
2026-03-26,2109,twse,除權息,15.15,14.65,0.9669967
2026-03-26,2458,twse,除權息,135.0,130.57,0.96718519
2026-03-26,2528,twse,除權息,26.95,25.45,0.94434137
2026-03-26,3596,twse,除權息,177.5,168.5,0.94929577
2026-03-26,4930,twse,除權息,20.0,19.4,0.97
2026-03-26,6415,twse,除權息,293.5,290.94,0.99127768
2026-03-26,6534,twse,除權息,93.4,89.1,0.95396146
2026-03-26,7732,twse,除權息,36.7,35.2,0.95912807
2026-03-26,7736,twse,除權息,82.9,79.1,0.95416164
2026-03-26,8367,twse,除權息,46.0,43.15,0.93804348
2026-03-27,1457,twse,除權息,16.3,15.3,0.93865031
2026-03-27,2324,twse,除權息,31.5,30.4,0.96507937
2026-03-27,2344,twse,除權息,96.0,95.5,0.99479167
2026-03-27,2387,twse,除權息,44.6,40.6,0.9103139
2026-03-27,2483,twse,除權息,21.15,20.85,0.9858156
2026-03-27,2496,twse,除權息,69.6,66.6,0.95689655
2026-03-27,4583,twse,除權息,679.0,669.0,0.98527246
2026-03-27,5225,twse,除權息,90.0,82.79,0.91988889
2026-03-27,5283,twse,除權息,56.0,55.8,0.99642857
2026-03-27,6581,twse,除權息,111.5,106.2,0.95246637
2026-03-27,6918,twse,除權息,85.0,80.0,0.94117647
2026-03-27,7631,twse,除權息,116.5,115.75,0.99356223
2026-03-27,8926,twse,除權息,46.6,44.92,0.9639485
2026-03-27,8996,twse,除權息,845.0,840.44,0.99460355
2026-03-30,2910,twse,除權息,23.05,22.01,0.95488069
2026-03-30,5222,twse,除權息,135.0,132.5,0.98148148
2026-03-31,00939,twse,除權息,15.32,15.24,0.99477807
2026-03-31,1414,twse,除權息,17.45,17.25,0.98853868
2026-04-01,01004T,twse,除權息,11.11,10.89,0.98019802
2026-04-01,1445,twse,除權息,13.4,12.9,0.96268657
2026-04-01,2611,twse,除權息,14.35,13.83,0.96376307
2026-04-01,4770,twse,除權息,216.5,210.5,0.97228637
2026-04-01,5007,twse,除權息,58.2,55.2,0.94845361
2026-04-01,7750,twse,除權息,1265.0,1249.0,0.98735178
2026-04-01,9911,twse,除權息,88.0,83.0,0.94318182
2026-04-02,00946,twse,除權息,10.11,10.05,0.99406528
2026-04-02,00953B,twse,除權息,9.69,9.62,0.99277606
2026-04-02,00985B,twse,除權息,10.35,10.3,0.99516908
2026-04-02,6831,twse,除權息,407.0,404.0,0.99262899
2026-04-08,3164,twse,除權息,18.7,17.9,0.95721925
2026-04-09,00940,twse,除權息,9.82,9.77,0.99490835
2026-04-09,2535,twse,除權息,72.0,67.4,0.93611111
2026-04-09,3004,twse,除權息,112.0,109.45,0.97723214
2026-04-09,4566,twse,除權息,58.1,57.41,0.98812392
2026-04-09,5388,twse,除權息,81.6,79.1,0.96936275
2026-04-09,6830,twse,除權息,662.0,661.0,0.99848943
2026-04-10,2072,twse,除權息,190.0,182.91,0.96268421
2026-04-10,4532,twse,除權息,25.95,24.45,0.94219653
2026-04-15,1475,twse,除權息,30.45,28.95,0.95073892
2026-04-16,1451,twse,除權息,18.65,17.65,0.9463807
2026-04-16,1524,twse,除權息,30.6,29.2,0.95424837
2026-04-16,1604,twse,除權息,25.35,23.85,0.9408284
2026-04-16,2020,twse,除權息,25.15,23.35,0.92842942
2026-04-16,2032,twse,除權息,17.0,16.5,0.97058824
2026-04-16,2481,twse,除權息,100.0,98.2,0.982
2026-04-16,2707,twse,除權息,191.5,180.75,0.94386423
2026-04-16,3021,twse,除權息,16.9,16.3,0.96449704
2026-04-16,6128,twse,除權息,20.9,20.4,0.97607656
2026-04-16,6224,twse,除權息,57.7,56.45,0.97833622
2026-04-16,6625,twse,除權息,81.6,76.6,0.93872549
2026-04-16,6672,twse,除權息,155.5,152.15,0.97845659
2026-04-16,6756,twse,除權息,74.6,73.7,0.98793566
2026-04-16,6807,twse,除權息,40.7,38.2,0.93857494
2026-04-17,00904,twse,除權息,32.68,32.0,0.97919217
2026-04-17,00936,twse,除權息,18.4,18.3,0.99456522
2026-04-17,00947,twse,除權息,26.7,26.58,0.99550562
2026-04-17,00962,twse,除權息,11.94,11.89,0.9958124
2026-04-20,0052,twse,除權息,50.05,48.85,0.97602398
2026-04-20,00714,twse,除權息,21.38,21.25,0.99391955
2026-04-20,00717,twse,除權息,15.17,15.02,0.99011206
2026-04-20,00730,twse,除權息,24.78,24.67,0.99556094
2026-04-20,00733,twse,除權息,62.4,61.82,0.99070513
2026-04-20,00900,twse,除權息,15.07,14.99,0.99469144
2026-04-20,00905,twse,除權息,22.21,21.61,0.97298514
2026-04-20,00908,twse,除權息,14.18,14.05,0.99083216
2026-04-20,00909,twse,除權息,44.31,41.56,0.93793726
2026-04-20,00912,twse,除權息,27.6,26.85,0.97282609
2026-04-20,00927,twse,除權息,28.22,27.28,0.96669029
2026-04-20,00934,twse,除權息,22.93,22.78,0.99345835
2026-04-20,00943,twse,除權息,17.19,17.11,0.99534613
2026-04-20,00944,twse,除權息,17.0,16.94,0.99647059
2026-04-20,00945B,twse,除權息,14.55,14.46,0.99381443
2026-04-20,00952,twse,除權息,15.29,15.24,0.99672989
2026-04-20,00956,twse,除權息,12.34,12.14,0.98379254
2026-04-20,00960,twse,除權息,17.61,17.38,0.98693924
2026-04-20,00961,twse,除權息,10.31,10.26,0.99515034
2026-04-20,00963,twse,除權息,12.95,12.9,0.996139
2026-04-20,00964,twse,除權息,13.91,13.81,0.99281093
2026-04-20,009804,twse,除權息,18.92,18.04,0.95348837
2026-04-20,00981T,twse,除權息,11.45,11.39,0.99475983
2026-04-20,00982D,twse,除權息,10.04,9.98,0.9940239
2026-04-20,00983D,twse,除權息,10.22,10.16,0.99412916
2026-04-20,00984A,twse,除權息,14.14,13.87,0.98090523
2026-04-21,00929,twse,除權息,21.78,21.65,0.99403122
2026-04-23,0056,twse,除權息,42.61,41.61,0.97653133
2026-04-23,00907,twse,除權息,14.91,14.71,0.98658618
2026-04-23,3605,twse,除權息,73.9,72.89,0.98633288
2026-04-23,4104,twse,除權息,78.6,74.3,0.94529262
2026-04-23,4764,twse,除權息,222.0,221.0,0.9954955
2026-04-23,6192,twse,除權息,127.0,121.2,0.95433071
2026-04-23,6931,twse,除權息,50.3,50.06,0.99522863
2026-04-23,7795,twse,除權息,421.0,418.85,0.99489311
2026-04-24,1217,twse,除權息,10.3,10.05,0.97572816
2026-04-24,1315,twse,除權息,65.7,63.2,0.96194825
2026-04-24,1717,twse,除權息,78.8,77.8,0.98730964
2026-04-24,2477,twse,除權息,24.5,23.1,0.94285714
2026-04-29,1786,twse,除權息,60.6,58.69,0.96848185
2026-05-04,00939,twse,除權息,16.84,16.76,0.99524941
2026-05-04,00984D,twse,除權息,10.16,10.07,0.99114173
2026-05-06,00946,twse,除權息,12.09,12.03,0.99503722
2026-05-06,00953B,twse,除權息,9.67,9.6,0.99276112
2026-05-06,00985B,twse,除權息,10.23,10.18,0.99511241
2026-05-07,00940,twse,除權息,10.85,10.8,0.99539171
2026-05-08,01001T,twse,除權息,12.4,11.96,0.96451613
2026-05-14,01002T,twse,除權息,14.68,14.22,0.96866485
2026-05-14,01007T,twse,除權息,13.21,12.99,0.98334595
2026-05-14,8033,twse,除權息,140.0,137.66,0.98328571
2026-05-18,00775B,twse,除權息,32.29,31.94,0.98916073
2026-05-18,00936,twse,除權息,19.22,19.12,0.99479709
2026-05-18,00962,twse,除權息,13.41,13.36,0.99627144
2026-05-19,00690,twse,除權息,72.0,70.6,0.98055556
2026-05-19,00730,twse,除權息,26.19,26.08,0.99579992
2026-05-19,00878,twse,除權息,27.8,27.14,0.97625899
2026-05-19,00891,twse,除權息,33.9,32.65,0.96312684
2026-05-19,00894,twse,除權息,46.01,45.41,0.98695936
2026-05-19,00900,twse,除權息,16.69,16.61,0.99520671
2026-05-19,00932,twse,除權息,16.3,16.08,0.98650307
2026-05-19,00934,twse,除權息,25.1,24.85,0.99003984
2026-05-19,00938,twse,除權息,20.83,20.61,0.98943831
2026-05-19,00943,twse,除權息,19.75,19.66,0.99544304
2026-05-19,00944,twse,除權息,18.44,18.38,0.9967462
2026-05-19,00945B,twse,除權息,14.44,14.35,0.99376731
2026-05-19,00952,twse,除權息,17.16,17.06,0.99417249
2026-05-19,00961,twse,除權息,11.12,11.01,0.99010791
2026-05-19,00963,twse,除權息,12.61,12.52,0.99286281
2026-05-19,00964,twse,除權息,14.1,14.0,0.9929078
2026-05-19,009808,twse,除權息,28.2,27.63,0.97978723
2026-05-19,00980A,twse,除權息,22.82,22.34,0.97896582
2026-05-19,00981T,twse,除權息,11.78,11.71,0.99405772
2026-05-19,00982A,twse,除權息,22.52,21.88,0.97158082
2026-05-19,00982D,twse,除權息,9.88,9.82,0.99392713
2026-05-19,00983D,twse,除權息,10.08,10.02,0.99404762
2026-05-20,00731,twse,除權息,75.15,74.39,0.98988689
2026-05-20,00929,twse,除權息,25.23,25.1,0.9948474
2026-05-22,00771,twse,除權息,16.1,15.89,0.98695652
2026-05-22,00850,twse,除權息,82.1,81.25,0.98964677
2026-05-22,3257,twse,除權息,56.5,53.7,0.95044248
2026-05-25,2426,twse,除權息,83.2,83.1,0.99879808
2026-05-25,2486,twse,除權息,271.0,270.5,0.99815498
2026-05-26,00930,twse,除權息,23.3,22.99,0.98669528
2026-05-27,1215,twse,除權息,142.5,135.5,0.95087719
2026-05-27,1568,twse,除權息,35.1,34.1,0.97150997
2026-05-27,3413,twse,除權息,346.0,335.01,0.96823699
2026-05-28,1459,twse,除權息,11.6,11.4,0.98275862
2026-05-28,1702,twse,除權息,32.9,31.3,0.95136778
2026-05-28,1708,twse,除權息,38.45,36.85,0.95838752
2026-05-28,3717,twse,除權息,22.0,21.7,0.98636364
2026-05-28,4585,twse,除權息,349.5,348.5,0.99713877
2026-06-01,2612,twse,除權息,57.7,55.5,0.96187175
2026-06-01,6176,twse,除權息,106.5,103.0,0.96713615
2026-06-01,6909,twse,除權息,53.5,52.49,0.9811215
2026-06-02,00939,twse,除權息,20.5,20.42,0.99609756
2026-06-02,00946,twse,除權息,15.32,15.26,0.99608355
2026-06-02,00953B,twse,除權息,9.58,9.51,0.99269311
2026-06-02,00984D,twse,除權息,10.1,10.01,0.99108911
2026-06-02,00985B,twse,除權息,10.15,10.1,0.99507389
2026-06-02,1323,twse,除權息,20.95,20.05,0.95704057
2026-06-02,2313,twse,除權息,282.0,279.2,0.99007092
2026-06-02,2548,twse,除權息,122.5,114.5,0.93469388
2026-06-02,4555,twse,除權息,57.1,56.6,0.99124343
2026-06-02,4912,twse,除權息,113.5,112.5,0.99118943
2026-06-02,8487,twse,除權息,82.0,77.19,0.94134146
2026-06-03,2642,twse,除權息,20.95,20.45,0.97613365
2026-06-04,3356,twse,除權息,61.7,58.2,0.94327391
2026-06-05,6525,twse,除權息,119.5,114.5,0.958159
2026-06-08,01010T,twse,除權息,10.0,9.9,0.99
2026-06-08,1219,twse,除權息,13.0,12.5,0.96153846
2026-06-08,3036,twse,除權息,281.0,273.2,0.97224199
2026-06-08,3406,twse,除權息,682.0,665.0,0.97507331
2026-06-08,3443,twse,除權息,4410.0,4390.0,0.99546485
2026-06-08,4958,twse,除權息,504.0,500.57,0.99319444
2026-06-08,6658,twse,除權息,188.0,186.8,0.99361702
2026-06-09,00940,twse,除權息,11.99,11.94,0.99582986
2026-06-09,1416,twse,除權息,11.65,11.08,0.95107296
2026-06-09,1733,twse,除權息,29.9,28.6,0.95652174
2026-06-09,2114,twse,除權息,93.4,88.4,0.94646681
2026-06-09,2731,twse,除權息,172.0,159.2,0.9255814
2026-06-09,4994,twse,除權息,90.0,87.0,0.96666667
2026-06-09,6412,twse,除權息,94.0,90.3,0.9606383
2026-06-09,6936,twse,除權息,34.3,32.79,0.95597668
2026-06-09,7791,twse,除權息,67.5,63.69,0.94355556
2026-06-09,9924,twse,除權息,42.8,40.3,0.94158879
2026-06-09,9940,twse,除權息,19.3,18.7,0.96891192
2026-06-10,1473,twse,除權息,20.9,20.4,0.97607656
2026-06-10,1515,twse,除權息,23.85,23.25,0.97484277
2026-06-10,2421,twse,除權息,160.0,154.75,0.9671875
2026-06-10,2637,twse,除權息,80.9,77.4,0.95673671
2026-06-10,6271,twse,除權息,240.0,237.0,0.9875
2026-06-10,910322,twse,除權息,24.1,22.25,0.92323651
2026-06-11,1312,twse,除權息,13.2,13.4,1.01515152
2026-06-11,1312A,twse,除權息,22.2,22.37,1.00765766
2026-06-11,1605,twse,除權息,34.8,34.3,0.98563218
2026-06-11,1760,twse,除權息,61.5,59.5,0.96747967
2026-06-11,2030,twse,除權息,18.65,18.15,0.97319035
2026-06-11,2329,twse,除權息,52.7,51.69,0.98083491
2026-06-11,2330,twse,除權息,2255.0,2248.99,0.99733481
2026-06-11,3030,twse,除權息,323.0,316.0,0.97832817
2026-06-11,3481,twse,除權息,44.3,43.3,0.97742664
2026-06-11,6834,twse,除權息,70.0,69.6,0.99428571
2026-06-11,6951,twse,除權息,83.0,79.0,0.95180723
2026-06-11,8454,twse,除權息,449.5,439.5,0.97775306
2026-06-12,1218,twse,除權息,19.2,17.88,0.93125
2026-06-12,1776,twse,除權息,17.85,17.25,0.96638655
2026-06-12,1810,twse,除權息,20.7,20.5,0.99033816
2026-06-12,2207,twse,除權息,489.5,469.5,0.95914198
2026-06-12,2327,twse,除權息,842.0,836.0,0.99287411
2026-06-12,3679,twse,除權息,123.5,114.5,0.92712551
2026-06-12,8028,twse,除權息,304.0,301.29,0.99108553
2026-06-15,00936,twse,除權息,20.55,20.43,0.99416058
2026-06-15,00962,twse,除權息,14.67,14.59,0.99454669
2026-06-15,009803,twse,除權息,21.59,21.09,0.97684113
2026-06-15,1232,twse,除權息,150.5,143.3,0.95215947
2026-06-15,2031,twse,除權息,41.75,39.25,0.94011976
2026-06-15,2107,twse,除權息,26.45,25.05,0.94706994
2026-06-15,2385,twse,除權息,141.0,133.8,0.94893617
2026-06-15,2608,twse,除權息,30.2,28.55,0.94536424
2026-06-15,2832,twse,除權息,54.9,51.4,0.93624772
2026-06-15,4938,twse,除權息,93.1,89.09,0.95692803
2026-06-15,6272,twse,除權息,35.25,33.23,0.94269504
2026-06-15,6861,twse,除權息,304.0,302.0,0.99342105
2026-06-15,7722,twse,除權息,333.5,332.0,0.99550225
2026-06-15,8016,twse,除權息,289.5,278.0,0.96027634
2026-06-15,9910,twse,除權息,91.9,87.8,0.95538629
2026-06-16,00730,twse,除權息,29.52,29.41,0.99627371
2026-06-16,00896,twse,除權息,29.0,27.75,0.95689655
2026-06-16,00900,twse,除權息,19.51,19.43,0.99589954
2026-06-16,00915,twse,除權息,31.46,31.01,0.98569612
2026-06-16,00916,twse,除權息,27.9,25.98,0.9311828
2026-06-16,00919,twse,除權息,30.69,29.69,0.9674161
2026-06-16,00921,twse,除權息,23.12,22.8,0.98615917
2026-06-16,00934,twse,除權息,28.77,28.52,0.99131039
2026-06-16,00943,twse,除權息,22.3,22.18,0.99461883
2026-06-16,00944,twse,除權息,21.36,21.3,0.99719101
2026-06-16,00945B,twse,除權息,14.5,14.41,0.9937931
2026-06-16,00952,twse,除權息,18.53,18.41,0.99352402
2026-06-16,00961,twse,除權息,12.94,12.79,0.98840804
2026-06-16,00963,twse,除權息,12.88,12.79,0.99301242
2026-06-16,00964,twse,除權息,14.78,14.67,0.99255751
2026-06-16,00972,twse,除權息,19.84,19.62,0.98891129
2026-06-16,009802,twse,除權息,19.92,19.72,0.98995984
2026-06-16,009809,twse,除權息,17.41,17.31,0.99425617
2026-06-16,00981A,twse,除權息,31.47,30.84,0.97998093
2026-06-16,00981T,twse,除權息,12.22,12.14,0.99345336
2026-06-16,00982D,twse,除權息,10.02,9.96,0.99401198
2026-06-16,00983D,twse,除權息,10.16,10.1,0.99409449
2026-06-16,1582,twse,除權息,91.7,88.7,0.96728462
2026-06-16,2069,twse,除權息,20.15,19.15,0.95037221
2026-06-16,2459,twse,除權息,68.6,64.4,0.93877551
2026-06-16,2480,twse,除權息,156.5,148.7,0.95015974
2026-06-16,2606,twse,除權息,67.2,64.4,0.95833333
2026-06-16,2816,twse,除權息,33.8,32.3,0.9556213
2026-06-16,2850,twse,除權息,148.0,140.73,0.95087838
2026-06-16,2908,twse,除權息,21.5,20.95,0.9744186
2026-06-16,3015,twse,除權息,60.6,58.4,0.96369637
2026-06-16,3035,twse,除權息,202.0,200.2,0.99108911
2026-06-16,3042,twse,除權息,243.5,238.7,0.98028747
2026-06-16,4133,twse,除權息,20.8,20.68,0.99423077
2026-06-16,6414,twse,除權息,381.5,367.71,0.96385321
2026-06-16,6722,twse,除權息,39.2,37.2,0.94897959
2026-06-17,00710B,twse,除權息,19.03,18.72,0.98370993
2026-06-17,00711B,twse,除權息,16.22,16.02,0.98766954
2026-06-17,00712,twse,除權息,8.84,8.6,0.97285068
2026-06-17,00929,twse,除權息,30.63,30.37,0.99151159
2026-06-17,1476,twse,除權息,343.5,328.5,0.95633188
2026-06-17,1504,twse,除權息,71.8,69.8,0.97214485
2026-06-17,1707,twse,除權息,103.0,99.2,0.9631068
2026-06-17,1773,twse,除權息,177.5,173.5,0.97746479
2026-06-17,2105,twse,除權息,33.95,32.15,0.94698085
2026-06-17,2115,twse,除權息,22.4,20.9,0.93303571
2026-06-17,2308,twse,除權息,2230.0,2218.4,0.99479821
2026-06-17,2353,twse,除權息,38.9,37.6,0.96658098
2026-06-17,2360,twse,除權息,2325.0,2305.5,0.9916129
2026-06-17,2450,twse,除權息,31.0,29.45,0.95
2026-06-17,2504,twse,除權息,36.25,33.65,0.92827586
2026-06-17,2603,twse,除權息,220.5,204.5,0.92743764
2026-06-17,2852,twse,除權息,27.85,26.19,0.94039497
2026-06-17,3028,twse,除權息,74.8,71.8,0.95989305
2026-06-17,3168,twse,除權息,48.65,45.65,0.93833505
2026-06-17,3450,twse,除權息,499.5,498.5,0.997998
2026-06-17,3543,twse,除權息,31.6,31.0,0.98101266
2026-06-17,6438,twse,除權息,149.0,147.0,0.98657718
2026-06-17,6579,twse,除權息,165.0,161.25,0.97727273
2026-06-17,6606,twse,除權息,25.8,24.77,0.96007752
2026-06-17,6792,twse,除權息,68.5,66.0,0.96350365
2026-06-17,6923,twse,除權息,80.0,76.96,0.962
2026-06-17,8011,twse,除權息,18.4,17.7,0.96195652
2026-06-17,8070,twse,除權息,55.8,53.8,0.96415771
2026-06-17,8162,twse,除權息,70.0,68.5,0.97857143
2026-06-17,8163,twse,除權息,43.6,43.1,0.98853211
2026-06-18,00728,twse,除權息,63.65,62.99,0.98963079
2026-06-18,00918,twse,除權息,32.66,31.4,0.9614207
2026-06-18,00994A,twse,除權息,18.3,17.83,0.97431694
2026-06-18,1423,twse,除權息,44.9,41.3,0.91982183
2026-06-18,2467,twse,除權息,585.0,579.5,0.99059829
2026-06-18,2597,twse,除權息,183.5,173.83,0.94730245
2026-06-18,7765,twse,除權息,250.0,240.33,0.96132
2026-06-18,8462,twse,除權息,144.5,137.22,0.94961938
2026-06-18,8463,twse,除權息,22.1,21.3,0.9638009
2026-06-22,00713,twse,除權息,61.7,60.7,0.98379254
2026-06-22,1313,twse,除權息,11.6,11.5,0.99137931
2026-06-22,1319,twse,除權息,99.2,94.2,0.94959677
2026-06-22,1735,twse,除權息,23.15,22.5,0.97192225
2026-06-22,1904,twse,除權息,23.1,22.65,0.98051948
2026-06-22,2106,twse,除權息,17.85,17.2,0.96358543
2026-06-22,2313,twse,除權息,259.5,257.64,0.99283237
2026-06-22,2388,twse,除權息,81.4,81.35,0.99938575
2026-06-22,2498,twse,除權息,46.4,45.9,0.98922414
2026-06-22,3026,twse,除權息,902.0,896.2,0.99356984
2026-06-22,3094,twse,除權息,38.25,38.0,0.99346405
2026-06-22,3447,twse,除權息,40.2,39.1,0.97263682
2026-06-22,4739,twse,除權息,123.5,122.5,0.99190283
2026-06-22,4906,twse,除權息,43.8,43.32,0.9890411
2026-06-22,6120,twse,除權息,15.05,14.8,0.9833887
2026-06-22,6531,twse,除權息,1025.0,1018.01,0.99318049
2026-06-22,6669,twse,除權息,5130.0,4985.6,0.97185185
2026-06-22,6965,twse,除權息,82.0,77.0,0.93902439
2026-06-22,7780,twse,除權息,19.2,18.3,0.953125
2026-06-22,9907,twse,除權息,16.7,15.52,0.92934132
2026-06-23,1341,twse,除權息,61.9,57.9,0.93537964
2026-06-23,1432,twse,除權息,18.0,16.0,0.88888889
2026-06-23,1609,twse,除權息,38.65,37.95,0.98188875
2026-06-23,2312,twse,除權息,35.85,35.25,0.9832636
2026-06-23,2368,twse,除權息,1395.0,1385.19,0.99296774
2026-06-23,2534,twse,除權息,18.3,16.8,0.91803279
2026-06-23,2855,twse,除權息,52.0,49.89,0.95942308
2026-06-23,3010,twse,除權息,131.5,126.2,0.95969582
2026-06-23,4766,twse,除權息,372.0,354.0,0.9516129
2026-06-23,6214,twse,除權息,141.0,135.0,0.95744681
2026-06-23,6449,twse,除權息,428.5,424.29,0.99017503
2026-06-23,6505,twse,除權息,54.0,52.8,0.97777778
2026-06-23,7760,twse,除權息,34.0,32.0,0.94117647
2026-06-24,00907,twse,除權息,16.61,16.4,0.98735701
2026-06-24,1104,twse,除權息,28.95,27.1,0.93609672
2026-06-24,1326,twse,除權息,53.1,52.5,0.98870056
2026-06-24,2103,twse,除權息,21.15,20.88,0.98723404
2026-06-24,2423,twse,除權息,80.0,77.5,0.96875
2026-06-24,3019,twse,除權息,157.0,152.4,0.97070064
2026-06-24,3530,twse,除權息,73.6,72.8,0.98913043
2026-06-24,3705,twse,除權息,57.0,54.0,0.94736842
2026-06-24,4557,twse,除權息,49.55,47.55,0.95963673
2026-06-24,4571,twse,除權息,179.0,173.72,0.97050279
2026-06-24,4952,twse,除權息,58.0,57.0,0.98275862
2026-06-24,6184,twse,除權息,46.95,43.95,0.93610224
2026-06-24,6196,twse,除權息,541.0,534.55,0.98807763
2026-06-24,6670,twse,除權息,287.0,271.0,0.94425087
2026-06-24,8249,twse,除權息,51.4,49.32,0.95953307
2026-06-24,9917,twse,除權息,116.0,110.3,0.95086207
2026-06-24,9930,twse,除權息,70.1,66.1,0.94293866
2026-06-24,9934,twse,除權息,10.2,10.1,0.99019608
2026-06-25,1525,twse,除權息,65.8,63.0,0.95744681
2026-06-25,2362,twse,除權息,46.1,44.1,0.95661605
2026-06-25,2432,twse,除權息,31.95,30.25,0.94679186
2026-06-25,2451,twse,除權息,294.0,282.21,0.95989796
2026-06-25,2489,twse,除權息,47.1,45.9,0.97452229
2026-06-25,3046,twse,除權息,56.0,53.0,0.94642857
2026-06-25,3338,twse,除權息,74.8,73.5,0.98262032
2026-06-25,4935,twse,除權息,38.75,37.75,0.97419355
2026-06-25,5285,twse,除權息,110.0,108.5,0.98636364
2026-06-25,5515,twse,除權息,41.55,38.25,0.92057762
2026-06-25,5521,twse,除權息,10.4,10.25,0.98557692
2026-06-25,5522,twse,除權息,71.5,66.0,0.92307692
2026-06-25,6189,twse,除權息,53.4,50.7,0.9494382
2026-06-25,6205,twse,除權息,80.7,79.2,0.98141264
2026-06-25,6585,twse,除權息,142.0,137.5,0.96830986
2026-06-25,6771,twse,除權息,41.95,38.75,0.92371871
2026-06-25,6776,twse,除權息,57.8,54.8,0.94809689
2026-06-25,6908,twse,除權息,38.5,37.26,0.96779221
2026-06-25,8046,twse,除權息,955.0,953.0,0.99790576
2026-06-25,8114,twse,除權息,208.5,197.03,0.94498801
2026-06-25,8210,twse,除權息,1325.0,1311.0,0.98943396
2026-06-25,9944,twse,除權息,17.85,17.55,0.98319328
2026-06-26,2455,twse,除權息,388.5,385.87,0.99323037
2026-06-26,3054,twse,除權息,65.6,64.8,0.98780488
2026-06-26,3669,twse,除權息,35.4,34.4,0.97175141
2026-06-26,3708,twse,除權息,115.0,108.5,0.94347826
2026-06-26,5244,twse,除權息,37.1,36.7,0.98921833
2026-06-26,6768,twse,除權息,86.0,80.84,0.94
2026-06-26,6789,twse,除權息,537.0,534.0,0.99441341
2026-06-29,1234,twse,除權息,34.95,33.3,0.9527897
2026-06-29,1472,twse,除權息,90.5,84.5,0.93370166
2026-06-29,1717,twse,除權息,69.5,69.3,0.9971223
2026-06-29,2380,twse,減資,6.6,23.86,3.61515152
2026-06-29,2851,twse,除權息,37.15,34.95,0.94078062
2026-06-29,3016,twse,除權息,124.5,124.0,0.99598394
2026-06-29,3563,twse,除權息,675.0,663.0,0.98222222
2026-06-29,4164,twse,除權息,29.6,28.49,0.9625
2026-06-29,4915,twse,除權息,73.5,68.93,0.93782313
2026-06-29,4989,twse,除權息,82.4,77.86,0.94490291
2026-06-29,5306,twse,除權息,84.7,83.86,0.99008264
2026-06-29,5706,twse,除權息,51.5,46.96,0.91184466
2026-06-29,7631,twse,除權息,164.0,162.4,0.9902439
2026-06-29,8045,twse,除權息,58.8,57.8,0.9829932
2026-06-29,8150,twse,除權息,97.5,96.27,0.98738462
2026-06-29,8341,twse,除權息,78.1,74.1,0.94878361
2026-06-29,8422,twse,除權息,28.25,27.05,0.95752212
2026-06-30,1301,twse,除權息,53.2,52.7,0.9906015
2026-06-30,1410,twse,除權息,25.5,25.3,0.99215686
2026-06-30,1521,twse,除權息,25.95,25.2,0.97109827
2026-06-30,1598,twse,除權息,19.35,18.85,0.97416021
2026-06-30,1727,twse,除權息,88.0,87.85,0.99829545
2026-06-30,1731,twse,除權息,21.8,20.58,0.9440367
2026-06-30,1817,twse,除權息,40.15,37.95,0.94520548
2026-06-30,2328,twse,除權息,48.75,47.85,0.98153846
2026-06-30,2397,twse,除權息,57.6,55.15,0.95746528
2026-06-30,2436,twse,除權息,71.5,69.54,0.97258741
2026-06-30,2605,twse,除權息,29.9,28.9,0.96655518
2026-06-30,2882,twse,除權息,101.5,98.0,0.96551724
2026-06-30,2882A,twse,除權息,61.9,59.37,0.95912763
2026-06-30,2882B,twse,除權息,60.8,58.51,0.96233553
2026-06-30,2883,twse,除權息,29.65,28.65,0.96627319
2026-06-30,2883B,twse,除權息,8.27,7.91,0.95646917
2026-06-30,3416,twse,除權息,166.5,161.4,0.96936937
2026-06-30,3714,twse,除權息,62.4,61.5,0.98557692
2026-06-30,4722,twse,除權息,306.5,305.31,0.99611746
2026-06-30,6592,twse,除權息,64.0,59.22,0.9253125
2026-06-30,6592A,twse,除權息,98.0,93.8,0.95714286
2026-06-30,6592B,twse,除權息,98.1,93.6,0.95412844
2026-06-30,6835,twse,除權息,35.15,34.14,0.971266
2026-06-30,7711,twse,除權息,324.0,315.01,0.97225309
2026-06-30,8039,twse,除權息,137.5,135.5,0.98545455
2026-06-30,9931,twse,除權息,35.1,33.3,0.94871795
2026-07-01,1101,twse,除權息,24.05,23.25,0.96673597
2026-07-01,1101B,twse,除權息,45.6,43.57,0.95548246
2026-07-01,1470,twse,除權息,21.3,20.65,0.96948357
2026-07-01,1725,twse,除權息,34.75,33.68,0.96920863
2026-07-01,2302,twse,除權息,47.85,47.5,0.99268548
2026-07-01,2357,twse,除權息,700.0,658.0,0.94
2026-07-01,2881,twse,除權息,129.5,125.25,0.96718147
2026-07-01,2881A,twse,除權息,63.6,60.85,0.95676101
2026-07-01,2881B,twse,除權息,62.9,60.32,0.95898251
2026-07-01,2881C,twse,除權息,51.7,49.9,0.96518375
2026-07-01,2884,twse,除權息,34.45,33.05,0.95936139
2026-07-01,2887E,twse,除權息,51.1,48.66,0.95225049
2026-07-01,2887F,twse,除權息,47.4,45.46,0.95907173
2026-07-01,2887G,twse,除權息,43.55,41.84,0.96073479
2026-07-01,2887H,twse,除權息,41.5,39.7,0.95662651
2026-07-01,2887I,twse,除權息,9.51,9.43,0.9915878
2026-07-01,2887Z1,twse,除權息,18.35,17.69,0.9640327
2026-07-01,2903,twse,除權息,23.0,21.75,0.94565217
2026-07-01,3515,twse,除權息,234.0,222.99,0.95294872
2026-07-01,3607,twse,除權息,16.8,16.0,0.95238095
2026-07-01,4119,twse,除權息,44.8,44.05,0.98325893
2026-07-01,4755,twse,除權息,139.5,135.8,0.9734767
2026-07-01,4961,twse,除權息,165.0,157.28,0.95321212
2026-07-01,6285,twse,除權息,259.5,255.19,0.98339114
2026-07-01,6655,twse,除權息,123.0,118.2,0.96097561
2026-07-01,8271,twse,除權息,194.5,190.05,0.97712082
2026-07-01,8482,twse,除權息,50.0,48.04,0.9608
2026-07-02,00939,twse,除權息,21.27,21.14,0.99388811
2026-07-02,00984D,twse,除權息,10.18,10.09,0.99115914
2026-07-02,1452,twse,除權息,10.9,10.7,0.98165138
2026-07-02,1612,twse,除權息,37.1,34.6,0.93261456
2026-07-02,1752,twse,除權息,33.2,31.6,0.95180723
2026-07-02,1789,twse,除權息,20.8,20.51,0.98605769
2026-07-02,2010,twse,除權息,23.7,21.7,0.91561181
2026-07-02,2317,twse,除權息,248.0,240.82,0.97104839
2026-07-02,2354,twse,除權息,55.0,53.5,0.97272727
2026-07-02,2433,twse,除權息,44.8,42.1,0.93973214
2026-07-02,2462,twse,除權息,23.35,23.15,0.99143469
2026-07-02,2607,twse,除權息,48.65,45.95,0.94450154
2026-07-02,2753,twse,除權息,188.5,181.0,0.9602122
2026-07-02,2820,twse,除權息,17.75,16.85,0.94929577
2026-07-02,3006,twse,除權息,213.0,212.0,0.99530516
2026-07-02,3090,twse,除權息,316.0,311.2,0.98481013
2026-07-02,3189,twse,除權息,888.0,886.48,0.99828829
2026-07-02,3311,twse,除權息,38.05,37.45,0.98423127
2026-07-02,3592,twse,除權息,281.5,266.9,0.94813499
2026-07-02,3703,twse,除權息,21.45,20.4,0.95104895
2026-07-02,3715,twse,除權息,172.0,170.92,0.99372093
2026-07-02,4137,twse,除權息,110.5,100.5,0.90950226
2026-07-02,6136,twse,除權息,25.2,24.04,0.95396825
2026-07-02,6197,twse,除權息,348.0,341.07,0.98008621
2026-07-02,6213,twse,除權息,360.0,357.0,0.99166667
2026-07-02,6715,twse,除權息,443.5,441.55,0.99560316
2026-07-02,8081,twse,除權息,309.0,293.0,0.94822006
2026-07-02,8926,twse,除權息,74.3,72.18,0.97146703
2026-07-02,9904,twse,除權息,25.0,23.7,0.948
2026-07-02,9939,twse,除權息,127.5,121.3,0.95137255
2026-07-03,1455,twse,除權息,10.2,10.04,0.98431373
2026-07-03,1730,twse,除權息,53.3,50.3,0.94371482
2026-07-03,2013,twse,除權息,44.0,41.6,0.94545455
2026-07-03,2425,twse,除權息,42.15,42.05,0.99762752
2026-07-03,2838A,twse,除權息,54.6,51.96,0.95164835
2026-07-03,2945,twse,除權息,42.45,40.95,0.96466431
2026-07-03,3711,twse,除權息,727.0,720.41,0.99093535
2026-07-03,910861,twse,除權息,4.44,4.36,0.98198198
2026-07-06,00946,twse,除權息,15.7,15.64,0.99617834
2026-07-06,00953B,twse,除權息,9.74,9.67,0.99281314
2026-07-06,00985B,twse,除權息,10.33,10.28,0.99515973
2026-07-06,00997A,twse,除權息,13.63,13.26,0.972854
2026-07-06,1307,twse,除權息,35.8,33.6,0.93854749
2026-07-06,2373,twse,除權息,57.3,53.6,0.93542757
2026-07-06,2474,twse,除權息,207.0,199.88,0.96560386
2026-07-06,2615,twse,除權息,82.8,79.8,0.96376812
2026-07-06,2904,twse,除權息,14.4,13.7,0.95138889
2026-07-06,3037,twse,除權息,969.0,967.01,0.99794634
2026-07-06,3557,twse,除權息,26.4,26.1,0.98863636
2026-07-06,3704,twse,除權息,46.95,46.55,0.9914803
2026-07-06,5538,twse,除權息,33.9,32.4,0.95575221
2026-07-06,6155,twse,除權息,87.0,86.2,0.9908046
2026-07-06,6754,twse,除權息,46.3,42.8,0.92440605
2026-07-06,7705,twse,除權息,32.9,31.3,0.95136778
2026-07-06,8072,twse,除權息,30.25,29.25,0.96694215
2026-07-06,8112,twse,除權息,92.9,87.53,0.94219591
2026-07-06,8112A,twse,除權息,47.4,44.12,0.93080169
2026-07-06,8476,twse,除權息,24.45,24.25,0.99182004
2026-07-06,9935,twse,除權息,20.5,19.3,0.94146341
2026-07-06,9943,twse,除權息,56.5,53.0,0.9380531
2026-07-07,2408,twse,除權息,420.5,419.15,0.99678954
2026-07-07,2417,twse,除權息,47.45,47.19,0.99452055
2026-07-07,2454,twse,除權息,4125.0,4100.49,0.99405818
2026-07-07,2536,twse,除權息,21.6,19.6,0.90740741
2026-07-07,3048,twse,除權息,64.6,63.6,0.98452012
2026-07-07,6257,twse,除權息,273.0,268.75,0.98443223
2026-07-07,6526,twse,除權息,686.0,672.5,0.9803207
2026-07-07,6591,twse,除權息,55.8,51.8,0.92831541
2026-07-07,6862,twse,除權息,195.0,190.0,0.97435897
2026-07-07,9945,twse,除權息,26.5,25.4,0.95849057
2026-07-08,1229,twse,除權息,42.7,40.09,0.93887588
2026-07-08,1303,twse,除權息,166.5,165.7,0.9951952
2026-07-08,2028,twse,除權息,16.1,15.9,0.98757764
2026-07-08,2049,twse,除權息,344.5,342.5,0.99419448
2026-07-08,2303,twse,除權息,155.0,152.39,0.98316129
2026-07-08,2405,twse,除權息,17.2,17.1,0.99418605
2026-07-08,2545,twse,除權息,37.5,34.7,0.92533333
2026-07-08,2618,twse,除權息,42.4,40.4,0.95283019
2026-07-08,2634,twse,除權息,58.4,57.62,0.98664384
2026-07-08,3231,twse,除權息,155.5,149.99,0.96456592
2026-07-08,4148,twse,除權息,30.45,29.45,0.96715928
2026-07-08,4576,twse,除權息,223.0,222.2,0.99641256
2026-07-08,4904,twse,除權息,103.0,99.19,0.96300971
2026-07-08,6641,twse,除權息,19.1,18.7,0.97905759
2026-07-08,6924,twse,除權息,123.5,118.5,0.95951417
2026-07-08,6937,twse,除權息,264.0,262.6,0.99469697
2026-07-09,00400A,twse,除權息,14.29,14.17,0.99160252
2026-07-09,00940,twse,除權息,12.59,12.54,0.99602859
2026-07-09,1110,twse,除權息,15.95,15.65,0.98119122
2026-07-09,1236,twse,除權息,26.3,24.65,0.93726236
2026-07-09,1256,twse,除權息,199.5,192.9,0.96691729
2026-07-09,1338,twse,除權息,17.35,17.03,0.9815562
2026-07-09,1446,twse,除權息,17.2,15.7,0.9127907
2026-07-09,1513,twse,除權息,171.5,165.5,0.96501458
2026-07-09,1616,twse,除權息,23.25,21.89,0.94150538
2026-07-09,1723,twse,除權息,82.6,80.75,0.97760291
2026-07-09,2412,twse,除權息,139.5,134.3,0.96272401
2026-07-09,2453,twse,除權息,56.7,53.9,0.95061728
2026-07-09,2478,twse,除權息,181.0,179.0,0.98895028
2026-07-09,2488,twse,除權息,53.7,50.7,0.94413408
2026-07-09,2492,twse,除權息,474.0,471.49,0.99470464
2026-07-09,2493,twse,除權息,270.0,266.0,0.98518519
2026-07-09,2739,twse,除權息,37.1,34.52,0.93045822
2026-07-09,3014,twse,除權息,153.5,144.99,0.94456026
2026-07-09,3024,twse,除權息,12.45,12.23,0.98232932
2026-07-09,3044,twse,除權息,472.0,459.3,0.97309322
2026-07-09,3045,twse,除權息,113.0,108.25,0.9579646
2026-07-09,3060,twse,除權息,35.8,35.6,0.99441341
2026-07-09,3167,twse,除權息,810.0,806.08,0.99516049
2026-07-09,3588,twse,除權息,68.0,67.5,0.99264706
2026-07-09,4590,twse,除權息,91.5,89.2,0.97486339
2026-07-09,4720,twse,除權息,23.85,23.45,0.98322851
2026-07-09,5215,twse,除權息,44.1,42.1,0.95464853
2026-07-09,5284,twse,除權息,343.0,334.81,0.97612245
2026-07-09,5292,twse,除權息,223.5,198.18,0.88671141
2026-07-09,5469,twse,除權息,83.5,80.97,0.9697006
2026-07-09,5533,twse,除權息,14.1,13.5,0.95744681
2026-07-09,6115,twse,除權息,48.2,45.4,0.94190871
2026-07-09,6166,twse,除權息,135.5,134.3,0.99114391
2026-07-09,6191,twse,除權息,105.5,102.9,0.97535545
2026-07-09,6278,twse,除權息,200.0,194.43,0.97215
2026-07-09,6446,twse,除權息,1530.0,1377.93,0.90060784
2026-07-09,6605,twse,除權息,134.0,127.5,0.95149254
2026-07-09,6781,twse,除權息,1165.0,1145.9,0.98360515
2026-07-09,8110,twse,除權息,51.3,49.8,0.97076023
2026-07-09,8261,twse,除權息,348.0,343.0,0.98563218
2026-07-09,8374,twse,除權息,85.7,85.5,0.99766628
2026-07-09,8499,twse,除權息,306.5,298.5,0.97389886
2026-07-09,9905,twse,除權息,21.3,20.2,0.94835681
2026-07-10,2008,twse,除權息,29.85,28.85,0.96649916
2026-07-10,2610,twse,除權息,21.4,20.58,0.96168224
2026-07-10,2891,twse,除權息,69.9,67.39,0.96409156
2026-07-10,2891B,twse,除權息,64.9,62.1,0.9568567
2026-07-10,2891C,twse,除權息,63.0,61.08,0.96952381
2026-07-10,3034,twse,除權息,542.0,519.0,0.95756458
2026-07-10,3055,twse,除權息,158.0,157.5,0.99683544
2026-07-10,4968,twse,除權息,111.5,109.9,0.98565022
2026-07-10,5519,twse,除權息,34.45,29.66,0.86095791
2026-07-10,6477,twse,除權息,39.85,39.5,0.99121706
2026-07-13,1907,twse,除權息,27.75,26.75,0.96396396
2026-07-13,2248,twse,除權息,59.0,55.89,0.94728814
2026-07-13,2316,twse,除權息,208.0,206.0,0.99038462
2026-07-13,2347,twse,除權息,88.5,84.3,0.95254237
2026-07-13,2359,twse,除權息,139.0,138.0,0.99280576
2026-07-13,2645,twse,除權息,240.0,235.0,0.97916667
2026-07-13,4306,twse,除權息,15.5,14.8,0.95483871
2026-07-13,4999,twse,除權息,20.05,19.8,0.98753117
2026-07-13,6790,twse,除權息,40.6,37.95,0.93472906
2026-07-13,6890,twse,除權息,206.0,197.03,0.95645631
2026-07-13,6951,twse,除權息,78.7,69.61,0.88449809
2026-07-13,7610,twse,除權息,2650.0,2181.01,0.82302264
2026-07-13,8103,twse,除權息,92.0,89.2,0.96956522
2026-07-14,1402,twse,除權息,26.85,25.6,0.95344507
2026-07-14,1603,twse,除權息,31.85,29.85,0.93720565
2026-07-14,2027,twse,除權息,39.5,38.0,0.96202532
2026-07-14,2029,twse,除權息,20.95,20.35,0.97136038
2026-07-14,2501,twse,除權息,23.5,22.3,0.94893617
2026-07-14,2609,twse,除權息,50.1,48.1,0.96007984
2026-07-14,2633,twse,除權息,26.45,25.3,0.95652174
2026-07-14,2836A,twse,除權息,24.85,24.07,0.96861167
2026-07-14,2849,twse,除權息,14.65,14.14,0.96518771
2026-07-14,3013,twse,除權息,99.5,99.1,0.9959799
2026-07-14,3130,twse,除權息,221.0,206.29,0.93343891
2026-07-14,3150,twse,除權息,18.05,17.55,0.97229917
2026-07-14,3532,twse,除權息,465.5,464.5,0.99785177
2026-07-14,3645,twse,除權息,79.5,78.3,0.98490566
2026-07-14,3717,twse,除權息,25.4,25.2,0.99212598
2026-07-14,4588,twse,除權息,58.7,55.7,0.94889267
2026-07-14,5471,twse,除權息,65.0,64.2,0.98769231
2026-07-14,6698,twse,除權息,39.9,39.4,0.98746867
2026-07-14,6906,twse,除權息,80.3,78.5,0.97758406
2026-07-15,00904,twse,除權息,41.0,40.32,0.98341463
2026-07-15,00936,twse,除權息,20.43,20.31,0.99412628
2026-07-15,00947,twse,除權息,35.15,34.85,0.99146515
2026-07-15,00962,twse,除權息,14.49,14.41,0.99447895
2026-07-15,009805,twse,除權息,16.44,16.34,0.99391727
2026-07-15,1563,twse,除權息,64.5,62.5,0.96899225
2026-07-15,2228,twse,除權息,83.7,79.2,0.94623656
2026-07-15,2356,twse,除權息,63.7,61.7,0.96860283
2026-07-15,2617,twse,除權息,30.0,28.5,0.95
2026-07-15,2636,twse,除權息,68.6,63.6,0.9271137
2026-07-15,2838,twse,除權息,22.95,21.21,0.92418301
2026-07-15,3305,twse,除權息,119.5,117.21,0.98083682
2026-07-15,3652,twse,除權息,32.05,30.85,0.9625585
2026-07-15,3665,twse,除權息,1775.0,1759.81,0.99144225
2026-07-15,6215,twse,除權息,105.0,104.0,0.99047619
2026-07-15,6442,twse,除權息,1315.0,1303.74,0.99143726
2026-07-15,6614,twse,除權息,39.75,38.1,0.95849057
2026-07-15,6933,twse,除權息,163.0,160.5,0.98466258
2026-07-15,8021,twse,除權息,487.5,485.52,0.99593846
2026-07-15,8131,twse,除權息,74.9,73.9,0.98664887
2026-07-15,8438,twse,除權息,90.8,89.5,0.98568282
2026-07-15,9908,twse,除權息,29.9,28.7,0.95986622
2026-07-16,006208,twse,除權息,246.6,241.85,0.98073804
2026-07-16,00692,twse,除權息,92.0,90.08,0.97913043
2026-07-16,00702,twse,除權息,25.33,24.65,0.97315436
2026-07-16,00714,twse,除權息,22.2,22.07,0.99414414
2026-07-16,00717,twse,除權息,14.97,14.82,0.98997996
2026-07-16,00730,twse,除權息,28.5,28.39,0.99614035
2026-07-16,00735,twse,除權息,106.9,103.9,0.97193639
2026-07-16,00736,twse,除權息,31.78,31.53,0.99213342
2026-07-16,00882,twse,除權息,15.16,14.61,0.96372032
2026-07-16,00892,twse,除權息,43.18,40.72,0.94302918
2026-07-16,00900,twse,除權息,19.0,18.92,0.99578947
2026-07-16,00905,twse,除權息,27.56,26.5,0.96153846
2026-07-16,00908,twse,除權息,15.44,15.29,0.99028497
2026-07-16,00911,twse,除權息,62.6,59.1,0.94408946
2026-07-16,00912,twse,除權息,34.16,33.16,0.970726
2026-07-16,00927,twse,除權息,41.29,39.41,0.95446839
2026-07-16,00934,twse,除權息,27.89,27.59,0.98924346
2026-07-16,00943,twse,除權息,22.42,22.3,0.99464764
2026-07-16,00944,twse,除權息,21.7,21.59,0.99493088
2026-07-16,00945B,twse,除權息,14.67,14.58,0.99386503
2026-07-16,00952,twse,除權息,18.48,18.36,0.99350649
2026-07-16,00956,twse,除權息,12.75,12.45,0.97647059
2026-07-16,00960,twse,除權息,18.14,17.91,0.98732084
2026-07-16,00961,twse,除權息,12.75,12.56,0.98509804
2026-07-16,00963,twse,除權息,12.99,12.89,0.99230177
2026-07-16,00964,twse,除權息,14.21,14.09,0.99155524
2026-07-16,009804,twse,除權息,23.77,22.24,0.93563315
2026-07-16,00981T,twse,除權息,12.22,12.13,0.99263502
2026-07-16,00982D,twse,除權息,9.93,9.87,0.9939577
2026-07-16,00983D,twse,除權息,10.15,10.09,0.99408867
2026-07-16,00984A,twse,除權息,16.3,15.88,0.97423313
2026-07-16,00992A,twse,除權息,17.49,17.02,0.9731275
2026-07-16,1102,twse,除權息,34.8,32.5,0.93390805
2026-07-16,1108,twse,除權息,13.7,12.7,0.9270073
2026-07-16,1109,twse,除權息,14.65,13.75,0.93856655
2026-07-16,1220,twse,除權息,11.4,11.2,0.98245614
2026-07-16,1434,twse,除權息,19.55,19.05,0.97442455
2026-07-16,1440,twse,除權息,13.45,13.15,0.97769517
2026-07-16,1522,twse,除權息,30.1,28.9,0.96013289
2026-07-16,1522A,twse,除權息,50.1,48.1,0.96007984
2026-07-16,1560,twse,除權息,742.0,737.05,0.99332884
2026-07-16,1614,twse,除權息,32.4,31.43,0.97006173
2026-07-16,2034,twse,除權息,20.75,19.75,0.95180723
2026-07-16,2247,twse,除權息,230.0,222.0,0.96521739
2026-07-16,2365,twse,除權息,32.7,32.4,0.99082569
2026-07-16,2382,twse,除權息,381.0,365.4,0.95905512
2026-07-16,2404,twse,除權息,1285.0,1245.0,0.9688716
2026-07-16,2506,twse,除權息,8.95,8.75,0.97765363
2026-07-16,2515,twse,除權息,13.9,13.23,0.95179856
2026-07-16,2727,twse,除權息,233.5,217.38,0.9309636
2026-07-16,3380,twse,除權息,32.9,32.4,0.98480243
2026-07-16,3673,twse,除權息,74.2,72.4,0.97574124
2026-07-16,4439,twse,除權息,107.5,103.44,0.96223256
2026-07-16,4536,twse,除權息,171.0,163.0,0.95321637
2026-07-16,4572,twse,除權息,153.0,148.0,0.96732026
2026-07-16,5434,twse,除權息,556.0,542.58,0.97586331
2026-07-16,6112,twse,除權息,43.65,42.0,0.96219931
2026-07-16,7721,twse,除權息,68.0,67.0,0.98529412
2026-07-16,7749,twse,除權息,401.0,392.0,0.97755611
2026-07-16,8222,twse,除權息,41.95,41.6,0.99165673
2026-07-16,9937,twse,除權息,56.9,54.7,0.96133568
2026-07-17,2395,twse,除權息,530.0,518.84,0.9789434
2026-07-17,2547,twse,除權息,11.1,10.3,0.92792793
2026-07-17,2915,twse,除權息,52.8,50.9,0.96401515
2026-07-17,3028,twse,除權息,73.1,71.72,0.98112175
2026-07-17,3149,twse,除權息,93.5,86.68,0.92705882
2026-07-17,6464,twse,除權息,78.4,74.1,0.94515306
2026-07-17,6515,twse,除權息,6735.0,6685.56,0.99265924
2026-07-20,1464,twse,除權息,10.6,10.35,0.97641509
2026-07-20,2211,twse,除權息,94.2,87.7,0.93099788
2026-07-20,2392,twse,除權息,35.55,34.55,0.9718706
2026-07-20,3031,twse,除權息,26.2,25.2,0.96183206
2026-07-20,4169,twse,除權息,252.0,251.68,0.99873016
2026-07-20,4560,twse,除權息,33.8,31.8,0.9408284
2026-07-20,6277,twse,除權息,80.5,78.0,0.9689441
2026-07-20,6887,twse,除權息,39.45,37.02,0.93840304
2026-07-20,8213,twse,除權息,32.8,31.66,0.9652439
2026-07-20,8481,twse,除權息,41.6,38.85,0.93389423
2026-07-21,0050,twse,除權息,99.2,98.6,0.99395161
2026-07-21,0056,twse,除權息,49.95,48.6,0.97297297
2026-07-21,006203,twse,除權息,181.0,179.75,0.99309392
2026-07-21,00929,twse,除權息,27.94,27.56,0.98639943
2026-07-21,00991A,twse,除權息,16.5,15.73,0.95333333
2026-07-21,1233,twse,除權息,29.0,28.8,0.99310345
2026-07-21,1529,twse,除權息,20.4,18.17,0.89068627
2026-07-21,1535,twse,除權息,50.3,47.3,0.94035785
2026-07-21,1615,twse,除權息,46.55,43.61,0.93684211
2026-07-21,1726,twse,除權息,80.2,76.5,0.95386534
2026-07-21,2355,twse,除權息,42.55,41.54,0.97626322
2026-07-21,2704,twse,除權息,45.3,44.8,0.98896247
2026-07-21,2885,twse,除權息,62.9,61.1,0.97138315
2026-07-21,2887,twse,除權息,35.15,33.81,0.96187767
2026-07-21,5269,twse,除權息,1470.0,1424.62,0.96912925
2026-07-21,6719,twse,除權息,218.0,213.4,0.97889908
2026-07-21,8215,twse,除權息,24.45,24.15,0.98773006
2026-07-21,9926,twse,除權息,50.8,48.7,0.95866142
2026-07-22,1608,twse,除權息,31.8,29.8,0.93710692
2026-07-22,2206,twse,除權息,63.9,60.84,0.95211268
2026-07-22,2471,twse,除權息,52.0,48.68,0.93615385
2026-07-22,2548,twse,除權息,102.0,97.14,0.95235294
2026-07-22,2906,twse,除權息,14.1,13.5,0.95744681
2026-07-22,3138,twse,除權息,101.5,99.95,0.98472906
2026-07-22,3266,twse,除權息,13.95,13.45,0.96415771
2026-07-22,3617,twse,除權息,211.5,201.56,0.95300236
2026-07-22,3653,twse,除權息,3520.0,3498.27,0.9938267
2026-07-22,4977,twse,除權息,134.0,131.81,0.98365672
2026-07-22,6206,twse,除權息,120.5,115.0,0.95435685
2026-07-22,6782,twse,除權息,194.5,186.1,0.95681234
2026-07-22,8411,twse,除權息,12.7,12.6,0.99212598
2026-07-23,1103,twse,除權息,13.55,13.02,0.96088561
2026-07-23,1201,twse,除權息,12.65,12.44,0.98339921
2026-07-23,1227,twse,除權息,29.95,28.61,0.95525876
2026-07-23,1304,twse,除權息,13.35,13.2,0.98876404
2026-07-23,1305,twse,除權息,12.7,12.6,0.99212598
2026-07-23,1308,twse,除權息,14.6,14.4,0.98630137
2026-07-23,1309,twse,除權息,14.8,14.65,0.98986486
2026-07-23,1417,twse,除權息,8.8,8.55,0.97159091
2026-07-23,1436,twse,除權息,45.3,40.25,0.88852097
2026-07-23,1503,twse,除權息,211.5,206.5,0.97635934
2026-07-23,1558,twse,除權息,93.6,88.6,0.9465812
2026-07-23,1590,twse,除權息,1430.0,1400.89,0.97964336
2026-07-23,1720,twse,除權息,63.5,55.9,0.88031496
2026-07-23,1806,twse,除權息,8.38,8.23,0.98210024
2026-07-23,1809,twse,除權息,40.0,39.75,0.99375
2026-07-23,2204,twse,除權息,55.5,51.9,0.93513514
2026-07-23,2352,twse,除權息,30.4,29.4,0.96710526
2026-07-23,2414,twse,除權息,57.3,54.3,0.94764398
2026-07-23,2890,twse,除權息,40.4,38.52,0.95346535
2026-07-23,2897,twse,除權息,10.5,9.98,0.95047619
2026-07-23,2897B,twse,除權息,11.95,11.41,0.95481172
2026-07-23,3056,twse,除權息,14.85,14.23,0.95824916
2026-07-23,3716,twse,除權息,34.65,33.64,0.97085137
2026-07-23,4545,twse,除權息,34.5,34.37,0.99623188
2026-07-23,6409,twse,除權息,998.0,961.22,0.96314629
2026-07-23,6671,twse,除權息,24.0,22.8,0.95
2026-07-23,6944,twse,除權息,1030.0,779.23,0.75653398
2026-07-23,7722,twse,除權息,312.5,297.61,0.952352
2026-07-23,7768,twse,除權息,296.0,292.49,0.98814189
2026-07-23,9918,twse,除權息,43.5,42.0,0.96551724
2026-07-23,9958,twse,除權息,115.5,111.0,0.96103896
2026-07-24,1617,twse,除權息,19.25,18.65,0.96883117
2026-07-24,1734,twse,除權息,32.55,31.55,0.96927803
2026-07-24,2002,twse,除權息,19.1,18.95,0.9921466
2026-07-24,2002A,twse,除權息,38.85,37.45,0.96396396
2026-07-24,2495,twse,除權息,38.8,38.0,0.97938144
2026-07-24,3694,twse,除權息,64.1,61.79,0.96396256
2026-07-24,4764,twse,除權息,309.5,304.28,0.98313409
2026-07-24,4771,twse,除權息,194.5,187.52,0.96411311
2026-07-24,6796,twse,除權息,60.0,59.75,0.99583333
2026-07-24,6863,twse,除權息,109.5,108.0,0.98630137
2026-07-24,7740,twse,除權息,157.0,137.38,0.87503185
2026-07-24,7788,twse,除權息,230.0,228.0,0.99130435
2026-07-24,9925,twse,除權息,41.4,39.4,0.95169082
2026-07-27,00930,twse,除權息,24.03,23.78,0.98959634
2026-07-27,1530,twse,除權息,31.1,28.44,0.91446945
2026-07-27,3002,twse,除權息,17.95,17.62,0.9816156
2026-07-27,5546,twse,除權息,15.85,14.85,0.93690852
2026-07-27,6451,twse,除權息,437.5,437.28,0.99949714
2026-07-27,6931,twse,除權息,39.25,39.13,0.99694268
2026-07-28,2449,twse,除權息,276.0,261.9,0.94891304
2026-07-28,2497,twse,除權息,52.8,50.8,0.96212121
2026-07-28,2528,twse,除權息,22.0,19.13,0.86954545
2026-07-28,5876,twse,除權息,47.0,44.75,0.95212766
2026-07-28,6416,twse,除權息,102.0,99.2,0.97254902
2026-07-28,6757,twse,除權息,55.5,53.07,0.95621622
2026-07-28,7786,twse,除權息,128.0,122.4,0.95625
2026-07-29,1540,twse,除權息,20.75,19.75,0.95180723
2026-07-29,2009,twse,除權息,36.75,36.35,0.98911565
2026-07-29,2402,twse,除權息,55.0,53.0,0.96363636
2026-07-29,2482,twse,除權息,17.25,17.15,0.9942029
2026-07-29,2836,twse,除權息,13.0,12.47,0.95923077
2026-07-29,4942,twse,除權息,36.65,34.65,0.94542974
2026-07-29,5871,twse,除權息,120.0,111.96,0.933
2026-07-29,5871A,twse,除權息,103.0,98.82,0.95941748
2026-07-29,6689,twse,除權息,59.1,57.1,0.96615905
2026-07-29,6715,twse,除權息,360.0,355.94,0.98872222
2026-07-30,1216,twse,除權息,78.2,75.2,0.96163683
2026-07-30,1231,twse,除權息,90.3,80.72,0.89390919
2026-07-30,1514,twse,除權息,98.7,94.8,0.96048632
2026-07-30,2233,twse,除權息,185.5,181.5,0.97843666
2026-07-30,2345,twse,除權息,1910.0,1895.0,0.9921466
2026-07-30,2409,twse,除權息,23.65,23.25,0.98308668
2026-07-30,2511,twse,除權息,8.43,8.13,0.96441281
2026-07-30,2538,twse,除權息,10.0,9.5,0.95
2026-07-30,2748,twse,除權息,39.8,38.05,0.95603015
2026-07-30,2912,twse,除權息,241.0,232.0,0.9626556
2026-07-30,3583,twse,除權息,624.0,618.25,0.99078526
2026-07-30,4106,twse,除權息,24.5,23.5,0.95918367
2026-07-30,4526,twse,除權息,27.55,26.55,0.96370236
2026-07-30,4551,twse,除權息,160.5,156.3,0.97383178
2026-07-30,4916,twse,除權息,90.2,89.7,0.99445676
2026-07-30,5607,twse,除權息,49.1,47.3,0.96334012
2026-07-30,6239,twse,除權息,233.0,228.5,0.9806867
2026-07-30,6962,twse,除權息,30.15,29.15,0.9668325
2026-07-30,7769,twse,除權息,5175.0,5110.0,0.98743961
2026-07-30,9942,twse,除權息,120.0,113.0,0.94166667
2026-07-30,9955,twse,除權息,22.85,22.49,0.98424508
2026-07-31,00406A,twse,除權息,8.06,7.93,0.98387097
2026-07-31,00939,twse,除權息,21.41,21.28,0.99392807
2026-07-31,00984D,twse,除權息,10.21,10.12,0.99118511
2026-07-31,1532,twse,除權息,22.55,21.75,0.96452328
2026-07-31,2616,twse,除權息,13.6,13.3,0.97794118
2026-07-31,6024,twse,除權息,62.9,56.32,0.89538951
2026-07-31,6472,twse,除權息,384.0,374.0,0.97395833
2026-07-31,8467,twse,除權息,99.7,96.7,0.96990973
2026-08-03,1459,twse,減資,11.85,12.46,1.05147679
2026-08-03,1465,twse,除權息,12.7,12.4,0.97637795
2026-08-03,1527,twse,除權息,33.75,32.25,0.95555556
2026-08-03,2367,twse,除權息,36.3,36.1,0.99449036
2026-08-03,2376,twse,除權息,336.5,324.5,0.96433878
2026-08-03,3051,twse,除權息,22.15,21.65,0.97742664
2026-08-03,3501,twse,除權息,39.95,37.95,0.94993742
2026-08-03,6957,twse,除權息,226.0,216.89,0.95969027
2026-08-04,00946,twse,除權息,14.56,14.5,0.99587912
2026-08-04,00953B,twse,除權息,9.83,9.76,0.99287894
2026-08-04,00985B,twse,除權息,10.41,10.35,0.99423631
2026-08-04,1474,twse,除權息,10.25,10.0,0.97560976
2026-08-04,1736,twse,除權息,130.0,125.5,0.96538462
2026-08-04,2348,twse,除權息,74.4,66.09,0.88830645
2026-08-04,2348A,twse,除權息,38.1,36.5,0.95800525
2026-08-04,2351,twse,除權息,156.5,155.47,0.99341853
2026-08-04,2393,twse,除權息,61.5,57.0,0.92682927
2026-08-04,2543,twse,除權息,37.45,36.42,0.97249666
2026-08-04,2812,twse,除權息,20.65,18.98,0.91912833
2026-08-04,2834,twse,除權息,18.2,16.72,0.91868132
2026-08-04,3533,twse,除權息,2005.0,1970.06,0.98257357
2026-08-04,3545,twse,除權息,50.1,49.28,0.98363273
2026-08-04,4190,twse,除權息,25.5,25.0,0.98039216
2026-08-04,6209,twse,除權息,69.8,69.3,0.99283668
2026-08-04,6743,twse,除權息,30.3,27.3,0.9009901
2026-08-04,8404,twse,除權息,16.65,16.15,0.96996997
2026-08-04,9938,twse,除權息,45.9,42.9,0.93464052
2026-08-05,00400A,twse,除權息,13.57,13.45,0.99115696
2026-08-05,1437,twse,除權息,30.85,30.36,0.98411669
2026-08-05,1519,twse,除權息,713.0,638.18,0.89506311
2026-08-05,2427,twse,除權息,23.05,22.35,0.96963124
2026-08-05,2801,twse,除權息,25.2,23.8,0.94444444
2026-08-05,6201,twse,除權息,49.15,46.05,0.93692777
2026-08-06,1419,twse,除權息,65.6,63.8,0.97256098
2026-08-06,1439,twse,除權息,29.1,28.6,0.98281787
2026-08-06,1713,twse,除權息,46.95,43.85,0.93397231
2026-08-06,2375,twse,除權息,123.5,122.3,0.9902834
2026-08-06,2762,twse,除權息,85.4,81.76,0.95737705
2026-08-06,3003,twse,除權息,59.5,58.5,0.98319328
2026-08-06,3033,twse,除權息,47.8,45.88,0.95983264
2026-08-06,3376,twse,除權息,185.0,181.0,0.97837838
2026-08-06,5288,twse,除權息,191.5,184.99,0.96600522
2026-08-06,5525,twse,除權息,23.25,22.05,0.9483871
2026-08-06,9914,twse,除權息,78.3,75.5,0.9642401
2026-08-07,1210,twse,除權息,55.2,52.2,0.94565217
2026-08-07,6491,twse,除權息,379.0,368.99,0.97358839
2026-08-10,2520,twse,除權息,34.7,33.08,0.95331412
2026-08-10,2540,twse,除權息,54.9,48.9,0.89071038
2026-08-10,2546,twse,除權息,99.1,84.19,0.84954591
2026-08-10,3023,twse,除權息,318.0,308.0,0.96855346
2026-08-10,6869,twse,除權息,68.0,66.0,0.97058824
2026-08-10,8478,twse,除權息,151.5,145.0,0.95709571
2026-08-11,00940,twse,除權息,12.44,12.39,0.99598071
2026-08-11,2892,twse,除權息,34.95,33.65,0.96280401
2026-08-11,5880,twse,除權息,26.1,24.68,0.94559387
2026-08-11,6005,twse,除權息,33.8,29.53,0.87366864
2026-08-11,6958,twse,除權息,18.65,17.75,0.95174263
2026-08-12,3605,twse,除權息,111.0,109.42,0.98576577
2026-08-12,4569,twse,除權息,167.0,163.75,0.98053892
2026-08-12,4581,twse,除權息,51.5,48.5,0.94174757
2026-08-12,5203,twse,除權息,65.8,62.1,0.943769
2026-08-13,2476,twse,除權息,128.0,125.02,0.97671875
2026-08-13,2880,twse,除權息,43.2,41.43,0.95902778
2026-08-13,2886,twse,除權息,48.7,46.95,0.96406571
2026-08-13,3008,twse,除權息,4585.0,4543.5,0.99094875
2026-08-13,3050,twse,除權息,11.55,11.3,0.97835498
2026-08-13,6117,twse,除權息,66.8,64.8,0.97005988
2026-08-13,6202,twse,除權息,63.8,63.12,0.98934169
2026-08-14,00401A,twse,除權息,13.81,13.68,0.99058653
2026-08-17,00775B,twse,除權息,31.46,31.11,0.98887476
2026-08-17,00936,twse,除權息,21.47,21.35,0.99441081
2026-08-17,00962,twse,除權息,15.65,15.49,0.98977636
2026-08-17,1477,twse,除權息,218.0,212.0,0.97247706
2026-08-17,1618,twse,除權息,41.7,40.0,0.95923261
2026-08-17,2231,twse,除權息,102.0,101.5,0.99509804
2026-08-17,4967,twse,除權息,275.0,266.38,0.96865455
2026-08-17,6282,twse,除權息,47.8,47.0,0.9832636
2026-08-17,6698,twse,除權息,31.45,31.02,0.9863275
2026-08-18,00690,twse,除權息,80.2,78.01,0.97269327
2026-08-18,00701,twse,除權息,38.75,37.15,0.95870968
2026-08-18,00730,twse,除權息,29.3,29.19,0.99624573
2026-08-18,00878,twse,除權息,33.75,32.74,0.97007407
2026-08-18,00881,twse,除權息,55.15,50.55,0.91659112
2026-08-18,00891,twse,除權息,36.23,34.68,0.95721778
2026-08-18,00894,twse,除權息,49.9,47.85,0.95891784
2026-08-18,00900,twse,除權息,18.74,18.66,0.99573106
2026-08-18,00913,twse,除權息,49.36,47.58,0.96393841
2026-08-18,00923,twse,除權息,42.89,39.84,0.92888785
2026-08-18,00932,twse,除權息,17.67,17.44,0.98698359
2026-08-18,00934,twse,除權息,29.15,28.85,0.9897084
2026-08-18,00938,twse,除權息,25.09,24.77,0.98724591
2026-08-18,00943,twse,除權息,21.63,21.51,0.99445215
2026-08-18,00944,twse,除權息,20.87,20.76,0.99472928
2026-08-18,00945B,twse,除權息,14.57,14.48,0.99382292
2026-08-18,00952,twse,除權息,18.17,18.05,0.99339571
2026-08-18,00961,twse,除權息,13.3,13.11,0.98571429
2026-08-18,00963,twse,除權息,13.23,13.13,0.99244142
2026-08-18,00964,twse,除權息,14.6,14.48,0.99178082
2026-08-18,009801,twse,除權息,12.57,11.57,0.92044551
2026-08-18,009808,twse,除權息,31.12,30.55,0.9816838
2026-08-18,00980A,twse,除權息,25.62,24.98,0.97501952
2026-08-18,00981T,twse,除權息,11.94,11.85,0.99246231
2026-08-18,00982A,twse,除權息,23.45,22.81,0.97270789
2026-08-18,00982D,twse,除權息,9.79,9.73,0.9938713
2026-08-18,00983D,twse,除權息,10.0,9.94,0.994
2026-08-18,2885,twse,除權息,68.3,65.67,0.96149341
2026-08-18,3022,twse,除權息,96.5,93.0,0.96373057
2026-08-18,6225,twse,除權息,44.4,30.04,0.67657658
2026-08-18,6799,twse,除權息,84.1,81.59,0.97015458
2026-08-19,00731,twse,除權息,91.75,90.29,0.98408719
2026-08-19,00929,twse,除權息,28.87,28.49,0.98683755
2026-08-19,1537,twse,除權息,127.5,120.3,0.94352941
2026-08-19,2301,twse,除權息,273.5,271.0,0.99085923
2026-08-19,2363,twse,除權息,51.3,50.69,0.98810916
2026-08-19,2374,twse,除權息,69.3,67.3,0.97113997
2026-08-19,2496,twse,除權息,59.4,55.14,0.92828283
2026-08-19,3017,twse,除權息,3035.0,3014.11,0.99311697
2026-08-20,1597,twse,除權息,135.0,134.3,0.99481481
2026-08-20,1714,twse,除權息,16.75,16.57,0.98925373
2026-08-20,2377,twse,除權息,146.5,142.3,0.97133106
2026-08-20,2472,twse,除權息,234.0,230.5,0.98504274
2026-08-20,2505,twse,除權息,18.2,17.2,0.94505495
2026-08-20,2539,twse,除權息,41.25,33.31,0.80751515
2026-08-20,4441,twse,除權息,196.5,185.7,0.94503817
2026-08-20,4764,twse,除權息,203.0,200.77,0.98901478
2026-08-20,5222,twse,除權息,117.5,106.82,0.90910638
2026-08-20,6177,twse,除權息,48.4,45.4,0.93801653
2026-08-20,6666,twse,除權息,43.5,41.5,0.95402299
2026-08-20,6691,twse,除權息,706.0,622.72,0.88203966
2026-08-20,6805,twse,除權息,1800.0,1787.5,0.99305556
2026-08-21,00771,twse,除權息,15.65,15.44,0.98658147
2026-08-21,00850,twse,除權息,89.2,88.35,0.99047085
2026-08-21,2458,twse,除權息,146.0,141.57,0.96965753
2026-08-24,1454,twse,除權息,12.4,12.3,0.99193548
2026-08-24,1737,twse,除權息,32.5,31.1,0.95692308
2026-08-24,2413,twse,除權息,43.8,43.3,0.98858447
2026-08-24,2468,twse,除權息,35.05,34.05,0.97146933
2026-08-24,2484,twse,除權息,76.5,75.8,0.99084967
2026-08-24,2527,twse,除權息,44.4,42.9,0.96621622
2026-08-24,4746,twse,除權息,53.9,50.9,0.94434137
2026-08-24,6176,twse,減資,81.3,105.06,1.29225092
2026-08-24,9958,twse,除權息,102.0,100.57,0.98598039
2026-08-25,00907,twse,除權息,17.47,17.23,0.98626216
2026-08-25,1722,twse,除權息,46.2,44.2,0.95670996
2026-08-25,2012,twse,除權息,14.95,14.65,0.97993311
2026-08-25,2201,twse,除權息,29.1,28.54,0.98075601
2026-08-25,5284,twse,除權息,318.5,315.7,0.99120879
2026-08-25,5534,twse,除權息,80.2,75.13,0.93678304
2026-08-25,6873,twse,除權息,68.6,66.06,0.96297376
2026-08-25,9921,twse,除權息,104.0,102.18,0.9825
2026-08-26,1583,twse,除權息,51.3,46.97,0.91559454
2026-08-26,2227,twse,除權息,48.0,47.16,0.9825
2026-08-26,2420,twse,除權息,56.5,53.5,0.94690265
2026-08-26,2753,twse,除權息,188.5,179.52,0.95236074
2026-08-26,4582,twse,除權息,23.35,22.55,0.96573876
2026-08-26,6216,twse,除權息,22.0,20.96,0.95272727
2026-08-26,6914,twse,除權息,148.5,118.75,0.7996633
2026-08-26,6955,twse,除權息,120.0,97.95,0.81625
2026-08-26,7818,twse,除權息,63.0,60.96,0.96761905
2026-08-26,8442,twse,除權息,49.6,46.6,0.93951613
2026-08-27,1315,twse,除權息,66.3,64.3,0.96983409
2026-08-27,1339,twse,除權息,46.3,43.8,0.94600432
2026-08-27,1409,twse,除權息,24.85,23.95,0.9637827
2026-08-27,1734,twse,除權息,32.5,30.66,0.94338462
2026-08-27,2059,twse,除權息,14510.0,14459.0,0.99648518
2026-08-27,2415,twse,除權息,30.8,27.28,0.88571429
2026-08-27,2428,twse,除權息,252.0,246.1,0.9765873
2026-08-27,2439,twse,除權息,82.1,78.01,0.9501827
2026-08-27,2441,twse,除權息,118.0,114.99,0.97449153
2026-08-27,2901,twse,除權息,23.55,23.17,0.98386412
2026-08-27,3016,twse,除權息,102.0,101.8,0.99803922
2026-08-27,3025,twse,除權息,57.2,54.0,0.94405594
2026-08-27,3528,twse,除權息,83.4,82.02,0.98345324
2026-08-27,3702,twse,除權息,108.0,104.35,0.9662037
2026-08-27,4736,twse,除權息,139.0,121.59,0.8747482
2026-08-27,6770,twse,除權息,70.2,69.97,0.99672365
2026-08-27,9946,twse,除權息,19.1,17.71,0.92722513
2026-08-28,1453,twse,除權息,11.7,11.35,0.97008547
2026-08-28,1709,twse,除權息,34.15,33.15,0.97071742
2026-08-28,2072,twse,除權息,149.5,143.5,0.95986622
2026-08-28,2101,twse,除權息,32.9,32.3,0.98176292
2026-08-28,2250,twse,除權息,62.3,59.3,0.95184591
2026-08-28,2364,twse,除權息,76.8,68.0,0.88541667
2026-08-28,2383,twse,除權息,5500.0,5475.0,0.99545455
2026-08-28,5283,twse,除權息,61.1,52.5,0.85924714
2026-08-28,6183,twse,除權息,94.6,91.05,0.96247357
2026-08-28,7730,twse,除權息,185.0,175.23,0.94718919
2026-08-28,7822,twse,除權息,957.0,950.61,0.99332288
2026-08-31,1531,twse,除權息,13.7,12.7,0.9270073
2026-08-31,1795,twse,除權息,193.0,187.98,0.97398964
2026-08-31,2905,twse,除權息,17.45,17.15,0.98280802
2026-08-31,3209,twse,除權息,51.9,47.52,0.91560694
2026-08-31,9105,twse,除權息,8.35,8.28,0.99161677
2026-08-31,9917,twse,除權息,111.0,105.71,0.95234234
2026-09-01,00939,twse,除權息,23.17,23.04,0.9943893
2026-09-01,00984D,twse,除權息,10.01,9.92,0.99100899
2026-09-01,1732,twse,除權息,26.45,25.85,0.97731569
2026-09-01,1783,twse,除權息,41.35,39.35,0.95163241
2026-09-01,2701,twse,除權息,10.65,10.37,0.97370892
2026-09-01,2889,twse,除權息,15.95,15.31,0.95987461
2026-09-01,3052,twse,除權息,11.15,10.55,0.94618834
2026-09-01,3135,twse,除權息,182.5,171.08,0.93742466
2026-09-01,3416,twse,除權息,182.0,173.37,0.95258242
2026-09-01,4977,twse,除權息,175.0,168.61,0.96348571
2026-09-01,6534,twse,除權息,92.0,90.99,0.98902174
2026-09-01,9941,twse,除權息,86.9,80.9,0.93095512
2026-09-01,9941A,twse,除權息,51.4,49.06,0.95447471
2026-09-02,00406A,twse,除權息,9.96,9.82,0.98594378
2026-09-02,00946,twse,除權息,15.74,15.68,0.99618806
2026-09-02,00953B,twse,除權息,9.63,9.56,0.99273105
2026-09-02,00985B,twse,除權息,10.16,10.1,0.99409449
2026-09-02,2464,twse,除權息,184.5,182.3,0.98807588
2026-09-02,2845,twse,除權息,13.65,12.98,0.95091575
2026-09-02,2923,twse,除權息,24.75,24.63,0.99515152
2026-09-02,3013,twse,除權息,92.4,88.84,0.96147186
2026-09-02,3346,twse,除權息,19.6,19.49,0.99438776
2026-09-02,4438,twse,除權息,60.8,58.5,0.96217105
2026-09-02,6139,twse,除權息,770.0,747.0,0.97012987
2026-09-02,6426,twse,除權息,270.0,269.5,0.99814815
2026-09-02,6669,twse,除權息,7800.0,2614.99,0.33525513
2026-09-02,6753,twse,除權息,142.5,141.25,0.99122807
2026-09-03,1203,twse,除權息,44.35,43.35,0.97745209
2026-09-03,3661,twse,除權息,4200.0,4167.44,0.99224762
2026-09-03,7780,twse,除權息,17.05,16.93,0.99296188
2026-09-03,8466,twse,除權息,15.65,15.34,0.98019169
2026-09-07,00400A,twse,除權息,15.17,15.05,0.99208965
2026-09-07,01010T,twse,除權息,10.0,9.9,0.99
2026-09-07,1466,twse,除權息,15.95,15.75,0.98746082
2026-09-07,1563,twse,減資,66.0,84.66,1.28272727
2026-09-07,6533,twse,除權息,264.0,255.83,0.96905303
2026-09-07,6949,twse,變更面額,1490.0,74.5,0.05
2026-09-08,00940,twse,除權息,12.99,12.93,0.99538106
2026-09-08,2379,twse,除權息,729.0,704.0,0.96570645
2026-09-08,2442,twse,除權息,19.45,16.26,0.83598972
2026-09-08,2706,twse,除權息,12.55,12.2,0.97211155
2026-09-08,3312,twse,除權息,52.6,51.3,0.97528517
2026-09-08,3622,twse,除權息,53.5,50.3,0.94018692
2026-09-08,8473,twse,除權息,45.5,40.43,0.88857143
2026-09-08,9933,twse,除權息,40.3,38.79,0.96253102
2026-09-09,1438,twse,除權息,23.3,21.38,0.91759657
2026-09-09,3059,twse,除權息,38.5,37.5,0.97402597
2026-09-09,3706,twse,除權息,91.3,80.27,0.87918949
2026-09-09,6133,twse,除權息,24.5,23.5,0.95918367
2026-09-10,2062,twse,除權息,19.55,18.55,0.9488491
2026-09-10,4912,twse,除權息,97.5,96.69,0.99169231
2026-09-10,5906,twse,除權息,41.55,39.38,0.94777377
2026-09-10,6504,twse,除權息,37.9,36.9,0.97361478
2026-09-10,9802,twse,除權息,71.2,68.1,0.95646067
2026-09-10,9906,twse,除權息,41.4,41.05,0.99154589
2026-09-14,00401A,twse,除權息,14.07,13.94,0.99076048
2026-09-14,2530,twse,除權息,20.1,19.64,0.97711443
2026-09-14,5243,twse,除權息,89.6,87.4,0.97544643
2026-09-15,00936,twse,除權息,21.28,21.12,0.9924812
2026-09-15,00962,twse,除權息,15.0,14.75,0.98333333
2026-09-15,009803,twse,除權息,21.64,20.74,0.95841035
2026-09-15,01009T,twse,除權息,5.67,5.53,0.97530864
2026-09-15,6924,twse,除權息,142.5,139.0,0.9754386
2026-09-16,00404A,twse,除權息,9.72,9.36,0.96296296
2026-09-16,00730,twse,除權息,28.19,28.08,0.99609791
2026-09-16,00770,twse,除權息,67.75,61.75,0.91143911
2026-09-16,00896,twse,除權息,27.69,26.24,0.94763453
2026-09-16,00900,twse,除權息,19.52,19.44,0.99590164
2026-09-16,00915,twse,除權息,32.89,32.29,0.98175737
2026-09-16,00919,twse,除權息,32.74,31.64,0.96640195
2026-09-16,00921,twse,除權息,24.04,23.04,0.95840266
2026-09-16,00934,twse,除權息,29.56,29.23,0.98883627
2026-09-16,00935,twse,除權息,57.4,55.57,0.96811847
2026-09-16,00943,twse,除權息,20.78,20.53,0.9879692
2026-09-16,00944,twse,除權息,21.42,21.31,0.99486461
2026-09-16,00945B,twse,除權息,14.41,14.31,0.99306037
2026-09-16,00952,twse,除權息,17.66,17.54,0.99320498
2026-09-16,00961,twse,除權息,13.33,13.14,0.98574644
2026-09-16,00963,twse,除權息,13.11,13.01,0.99237223
2026-09-16,00964,twse,除權息,14.85,14.65,0.98653199
2026-09-16,00972,twse,除權息,22.15,21.93,0.99006772
2026-09-16,009802,twse,除權息,19.7,19.51,0.99035533
2026-09-16,009809,twse,除權息,17.95,17.73,0.98774373
2026-09-16,00981A,twse,除權息,28.86,28.23,0.97817048
2026-09-16,00981T,twse,除權息,11.72,11.63,0.99232082
2026-09-16,00982D,twse,除權息,9.51,9.45,0.99369085
2026-09-16,00982T,twse,除權息,15.78,14.78,0.93662864
2026-09-16,00983D,twse,除權息,9.77,9.7,0.99283521
2026-09-16,00999A,twse,除權息,11.18,10.89,0.97406082
2026-09-16,1517,twse,除權息,10.5,10.3,0.98095238
2026-09-16,2330,twse,除權息,2385.0,2377.99,0.9970608
2026-09-16,4763,twse,除權息,48.1,45.05,0.93659044
2026-09-16,6830,twse,除權息,532.0,528.83,0.99404135
2026-09-17,00710B,twse,除權息,19.06,18.67,0.9795383
2026-09-17,00711B,twse,除權息,15.34,15.14,0.98696219
2026-09-17,00712,twse,除權息,8.21,8.01,0.97563946
2026-09-17,00929,twse,除權息,28.84,28.46,0.98682386
2026-09-17,5306,twse,除權息,89.7,88.62,0.98795987
2026-09-18,00728,twse,除權息,68.5,67.73,0.98875912
2026-09-18,00918,twse,除權息,36.25,34.5,0.95172414
2026-09-18,00994A,twse,除權息,16.37,16.11,0.98411729
2026-09-21,00713,twse,除權息,65.1,63.85,0.98079877
2026-09-21,2321,twse,減資,15.1,27.61,1.82847682
2026-09-21,3356,twse,減資,59.4,68.04,1.14545455
2026-09-21,3591,twse,減資,23.65,25.22,1.06638478
2026-09-23,00930,twse,除權息,24.81,23.99,0.96694881
2026-09-23,1442,twse,除權息,31.15,28.75,0.92295345
2026-09-23,1808,twse,除權息,35.0,33.5,0.95714286
2026-09-23,2542,twse,除權息,45.45,41.45,0.9119912
2026-09-23,5258,twse,除權息,42.4,41.39,0.97617925
2026-09-24,1235,twse,除權息,41.15,38.71,0.94070474
2026-09-29,1441,twse,減資,8.72,10.13,1.16169725
2026-09-29,2109,twse,除權息,15.0,14.5,0.96666667
2026-09-29,6550,twse,減資,9.92,19.09,1.92439516
2026-09-29,7631,twse,除權息,138.5,137.7,0.99422383
2026-09-30,01004T,twse,除權息,10.17,9.94,0.97738446
2026-10-01,9927,twse,除權息,70.1,65.1,0.92867332
2026-10-02,6171,tpex,除息,27.35,25.35,0.92687386
2026-10-02,6834,twse,除權息,119.5,115.48,0.96635983
2026-10-05,00406A,twse,除權息,10.13,9.99,0.98617966
2026-10-05,00939,twse,除權息,24.0,23.87,0.99458333
2026-10-05,00950B,tpex,除息,13.12,13.06,0.99542683
2026-10-05,00959B,tpex,除息,8.72,8.67,0.99426606
2026-10-05,00966B,tpex,除息,12.96,12.89,0.99459877
2026-10-05,00983B,tpex,除息,14.41,14.35,0.99583622
2026-10-05,00984B,tpex,除息,15.13,15.05,0.99471249
2026-10-05,00984D,twse,除權息,9.74,9.65,0.99075975
2026-10-05,00986B,tpex,除息,9.19,9.15,0.99564744
2026-10-05,020035,tpex,除息,14.04,13.69,0.97507123
2026-10-05,2601,twse,減資,5.91,7.06,1.19458545
2026-10-05,5512,tpex,除息,7.69,7.59,0.9869961
2026-10-06,2614,twse,除權息,19.1,16.13,0.84450262
2026-10-06,8021,twse,除權息,560.0,555.45,0.991875
2026-10-07,00940,twse,除權息,13.3,13.24,0.99548872
2026-10-07,00946,twse,除權息,15.56,15.5,0.99614396
2026-10-07,00953B,twse,除權息,9.48,9.41,0.99261603
2026-10-07,00985B,twse,除權息,10.05,9.99,0.99402985
2026-10-07,2890,twse,除權息,45.4,44.97,0.99052863
2026-10-07,2947,tpex,除息,62.6,61.6,0.98402556
2026-10-07,6108,twse,除權息,25.4,24.4,0.96062992
2026-10-07,6129,tpex,除權,14.4,14.11,0.97986111
2026-10-07,6947,twse,除權息,68.8,68.26,0.99215116
2026-10-08,00400A,twse,除權息,16.47,16.35,0.99271403
2026-10-12,2323,twse,減資,11.0,10.88,0.98909091
