date,code,name,market,kind,start,end,detail
2026-09-22,2455,全新,twse,處置,2026-09-23,2026-10-05,第二次處置：連續五次及當日沖銷標準
2026-09-22,24552,全新二,tpex,處置,2026-09-23,2026-10-05,轉(交)換公司債之標的證券經本中心或臺灣證券交易所發布處置
2026-09-22,24553,全新三,tpex,處置,2026-09-23,2026-10-05,轉(交)換公司債之標的證券經本中心或臺灣證券交易所發布處置
2026-09-22,6218,豪勉,tpex,處置,2026-09-23,2026-10-05,連續3個營業日及沖銷標準
2026-09-23,2221,大甲,tpex,處置,2026-09-24,2026-10-06,連續3個營業日及沖銷標準
2026-09-23,22211,大甲一,tpex,處置,2026-09-24,2026-10-06,轉(交)換公司債之標的證券經本中心或臺灣證券交易所發布處置
2026-09-23,36053,宏致三,tpex,處置,2026-09-24,2026-10-02,連續3個營業日
2026-09-23,36054,宏致四,tpex,處置,2026-09-24,2026-10-02,連續3個營業日
2026-09-23,7772,耀穎,tpex,處置,2026-09-24,2026-10-02,連續3個營業日
2026-09-24,3374,精材,tpex,處置,2026-09-29,2026-10-05,最近10個營業日內有6個營業日
2026-09-24,3443,創意,twse,處置,2026-09-29,2026-10-05,第一次處置：連續三次
2026-09-24,4542,科嶠,tpex,處置,2026-09-29,2026-10-05,連續3個營業日
2026-09-24,4979,華星光,tpex,處置,2026-09-29,2026-10-05,連續5個營業日
2026-09-24,49793,華星光三,tpex,處置,2026-09-29,2026-10-05,轉(交)換公司債之標的證券經本中心或臺灣證券交易所發布處置
2026-09-24,49794,華星光四,tpex,處置,2026-09-29,2026-10-05,轉(交)換公司債之標的證券經本中心或臺灣證券交易所發布處置
2026-09-24,708726,擎亞凱基5B購03,tpex,處置,2026-09-29,2026-10-05,連續3個營業日
2026-09-29,22211,大甲一,tpex,處置,2026-09-30,2026-10-06,連續3個營業日
2026-09-29,30165,嘉晶五,tpex,處置,2026-09-30,2026-10-06,連續3個營業日
2026-09-29,6526,達發,twse,處置,2026-09-30,2026-10-06,第一次處置：連續三次
2026-09-29,7792,安葆,tpex,處置,2026-09-30,2026-10-06,連續3個營業日
2026-09-30,086845,全友台新64購01,twse,處置,2026-10-01,2026-10-07,第一次處置：連續三次
2026-09-30,2221,大甲,tpex,處置,2026-10-01,2026-10-12,連續3個營業日及沖銷標準
2026-09-30,22211,大甲一,tpex,處置,2026-10-01,2026-10-12,轉(交)換公司債之標的證券經本中心或臺灣證券交易所發布處置
2026-09-30,3016,嘉晶,twse,處置,2026-10-01,2026-10-12,第一次處置：連續三次及當日沖銷標準
2026-09-30,30165,嘉晶五,tpex,處置,2026-10-01,2026-10-12,轉(交)換公司債之標的證券經本中心或臺灣證券交易所發布處置
2026-09-30,30166,嘉晶六,tpex,處置,2026-10-01,2026-10-12,轉(交)換公司債之標的證券經本中心或臺灣證券交易所發布處置
2026-09-30,3055,蔚華科,twse,處置,2026-10-01,2026-10-12,第二次處置：連續五次及當日沖銷標準
2026-09-30,3219,倚強科,tpex,處置,2026-10-01,2026-10-07,連續3個營業日
2026-09-30,32191,倚強科一,tpex,處置,2026-10-01,2026-10-07,連續3個營業日
2026-10-01,2030,彰源,twse,處置,2026-10-02,2026-10-08,第一次處置：連續三次
2026-10-01,30165,嘉晶五,tpex,注意,2026-10-01,2026-10-01,最近六個營業日(含當日)累積之最後成交價漲幅達36.21%(第一款)
2026-10-01,3219,倚強科,tpex,注意,2026-10-01,2026-10-01,最近六個營業日(含當日)累積之最後成交價漲幅達30.18%(第一款)
2026-10-01,3441,聯一光,tpex,注意,2026-10-01,2026-10-01,當日本益比為83.33、股價淨值比為9.78且為其所屬產業類別股價淨值比之4.09倍、當日週轉率達15.69%、富邦證券公司當日買進該有價證券之成交金額達3.51億元，且占當日該有價證券之總成交金額28.1%、單一投資人當日買進該有價證券之成交金額達2.02億元，且占當日該有價證券之總成交金額16.16%(第六款)
2026-10-01,3455,由田,tpex,注意,2026-10-01,2026-10-01,當日本益比為80.39、股價淨值比為7.16且為其所屬產業類別股價淨值比之2.99倍、當日週轉率達6.64%(第六款)
2026-10-01,4174,浩鼎,tpex,注意,2026-10-01,2026-10-01,最近六個營業日(含當日)累積之最後成交價漲幅達38.4%(第一款)
2026-10-01,5443,均豪,tpex,注意,2026-10-01,2026-10-01,最近六個營業日(自當日之前一個營業日起)之借券賣出成交量占總成交量比率達10.03%，當日之前一個營業日借券賣出成交量較最近六十個營業日(自當日之前一個營業日起)之日平均借券賣出成交量放大為5倍(第十二款)
2026-10-01,6199,天品,tpex,注意,2026-10-01,2026-10-01,最近六個營業日(自當日之前一個營業日起)之當日沖銷成交量占總成交量比率達63.9%，當日之前一個營業日當日沖銷成交量占總成交量達72.94%（第十三款)
2026-10-01,62075,雷科五,tpex,注意,2026-10-01,2026-10-01,最近六個營業日(含當日)累積之最後成交價漲幅達24.9%且最近六個營業日(含當日)起迄兩個營業日之最後成交價價差達新臺幣53元(第一款)
2026-10-01,6244,茂迪,tpex,注意,2026-10-01,2026-10-01,最近六個營業日(自當日之前一個營業日起)之借券賣出成交量占總成交量比率達9.49%，當日之前一個營業日借券賣出成交量較最近六十個營業日(自當日之前一個營業日起)之日平均借券賣出成交量放大為4倍(第十二款)
2026-10-01,6510,精測,tpex,注意,2026-10-01,2026-10-01,最近六個營業日(含當日)起迄兩個營業日之最後成交價價差達新臺幣700元(第十一款)
2026-10-01,6643,M31,tpex,注意,2026-10-01,2026-10-01,當日本益比為548.42、股價淨值比為11.68且為其所屬產業類別股價淨值比之2.13倍、當日週轉率達5.31%(第六款)
2026-10-01,6708,天擎,tpex,注意,2026-10-01,2026-10-01,最近六個營業日(含當日)累積之最後成交價漲幅達38.4%(第一款)當日之成交量較最近六十個營業日日平均成交量放大22.19倍(第三款)當日週轉率達5.16%(第四款)
2026-10-01,69571,裕慶一KY,tpex,注意,2026-10-01,2026-10-01,最近六個營業日(含當日)累積之最後成交價漲幅達29.09%且最近六個營業日(含當日)起迄兩個營業日之最後成交價價差達新臺幣45元(第一款)
2026-10-01,712876,世紀*群益63購03,tpex,注意,2026-10-01,2026-10-01,最近六個營業日(含當日)累積之最後成交價跌幅達50.17%(第一款)
2026-10-01,8027,鈦昇,tpex,注意,2026-10-01,2026-10-01,當日本益比為698.33、股價淨值比為7.77且為其所屬產業類別股價淨值比之3.64倍、當日週轉率達8.11%、元大證券公司當日賣出該有價證券之成交金額達5.18億元，且占當日該有價證券之總成交金額26.63%、單一投資人當日賣出該有價證券之成交金額達2.12億元，且占當日該有價證券之總成交金額10.93%(第六款)
2026-10-01,8084,巨虹,tpex,注意,2026-10-01,2026-10-01,最近六個營業日(含當日)累積之最後成交價跌幅達49.07%(第一款)
2026-10-01,8084,巨虹,tpex,處置,2026-10-02,2026-10-08,連續3個營業日
2026-10-01,8227,巨有科技,tpex,注意,2026-10-01,2026-10-01,最近六個營業日(含當日)累積之最後成交價漲幅達24.6%且最近六個營業日(含當日)起迄兩個營業日之最後成交價價差達新臺幣58.5元(第一款)當日本益比為70.58、股價淨值比為11.98且為其所屬產業類別股價淨值比之2.19倍、當日週轉率達30.12%(第六款)
2026-10-01,8227,巨有科技,tpex,處置,2026-10-02,2026-10-08,連續3個營業日
2026-10-01,8358,金居,tpex,注意,2026-10-01,2026-10-01,當日本益比為75.26、股價淨值比為13.71且為其所屬產業類別股價淨值比之3.47倍、當日週轉率達7.07%(第六款)
2026-10-02,30165,嘉晶五,tpex,注意,2026-10-02,2026-10-02,最近六個營業日(含當日)累積之最後成交價漲幅達33.05%(第一款)
2026-10-02,30165,嘉晶五,tpex,處置,2026-10-05,2026-10-12,連續3個營業日
2026-10-02,3163,波若威,tpex,注意,2026-10-02,2026-10-02,當日本益比為72.76、股價淨值比為17.48且為其所屬產業類別股價淨值比之2.3倍、當日週轉率達8.52%(第六款)
2026-10-02,3167,大量,twse,處置,2026-10-05,2026-10-12,第一次處置：最近十個營業日已有六次
2026-10-02,3441,聯一光,tpex,注意,2026-10-02,2026-10-02,當日本益比為86.83、股價淨值比為10.19且為其所屬產業類別股價淨值比之4.22倍、當日週轉率達70.25%(第六款)最近六個營業日(含當日)之累積週轉率為93.98%(第十款)
2026-10-02,3455,由田,tpex,注意,2026-10-02,2026-10-02,當日本益比為78.43、股價淨值比為6.98且為其所屬產業類別股價淨值比之2.89倍、當日週轉率達10.99%、元大證券公司當日賣出該有價證券之成交金額達4.94億元，且占當日該有價證券之總成交金額26.3%、單一投資人當日賣出該有價證券之成交金額達2.04億元，且占當日該有價證券之總成交金額10.88%(第六款)
2026-10-02,3624,光頡,tpex,注意,2026-10-02,2026-10-02,最近六個營業日(含當日)之累積週轉率為153.83%，當日週轉率達34.52%(第十款)
2026-10-02,37075,漢磊五,tpex,注意,2026-10-02,2026-10-02,最近六個營業日(含當日)累積之最後成交價漲幅達31.12%(第一款)
2026-10-02,4174,浩鼎,tpex,注意,2026-10-02,2026-10-02,最近六個營業日(含當日)累積之最後成交價漲幅達36.68%(第一款)當日之成交量較最近六十個營業日日平均成交量放大8.81倍(第三款)
2026-10-02,4174,浩鼎,tpex,處置,2026-10-05,2026-10-12,連續3個營業日
2026-10-02,4556,旭然,tpex,注意,2026-10-02,2026-10-02,最近六個營業日(含當日)累積之最後成交價漲幅達31.08%(第一款)最近九十個營業日(含當日)起迄兩個營業日之最後成交價漲幅達189.19%(第二款)當日之成交量較最近六十個營業日日平均成交量放大7.25倍(第三款)當日週轉率達12.57%(第四款)
2026-10-02,4991,環宇-KY,tpex,注意,2026-10-02,2026-10-02,當日本益比為166.36、股價淨值比為14.54且為其所屬產業類別股價淨值比之2.59倍、當日週轉率達7.08%、元大證券公司當日買進該有價證券之成交金額達16.15億元，且占當日該有價證券之總成交金額36.27%、單一投資人當日買進該有價證券之成交金額達6.4億元，且占當日該有價證券之總成交金額14.39%(第六款)
2026-10-02,5013,強新,tpex,注意,2026-10-02,2026-10-02,最近六個營業日(含當日)累積之最後成交價漲幅達39.03%(第一款)
2026-10-02,5016,松和,tpex,注意,2026-10-02,2026-10-02,最近六個營業日(含當日)之日平均成交量較最近六十個營業日日平均成交量放大為7.53倍，當日成交量較最近六十個營業日之日平均成交量放大為32.06倍(第九款)
2026-10-02,6173,信昌電,tpex,注意,2026-10-02,2026-10-02,最近六個營業日(自當日之前一個營業日起)之當日沖銷成交量占總成交量比率達63.07%，當日之前一個營業日當日沖銷成交量占總成交量達67.68%（第十三款)
2026-10-02,62075,雷科五,tpex,注意,2026-10-02,2026-10-02,最近六個營業日(含當日)累積之最後成交價漲幅達26.94%且最近六個營業日(含當日)起迄兩個營業日之最後成交價價差達新臺幣65元(第一款)
2026-10-02,62075,雷科五,tpex,處置,2026-10-05,2026-10-12,連續3個營業日
2026-10-02,6244,茂迪,tpex,注意,2026-10-02,2026-10-02,最近六個營業日(自當日之前一個營業日起)之借券賣出成交量占總成交量比率達12.33%，當日之前一個營業日借券賣出成交量較最近六十個營業日(自當日之前一個營業日起)之日平均借券賣出成交量放大為4倍(第十二款)
2026-10-02,6661,威健生技,tpex,注意,2026-10-02,2026-10-02,最近六個營業日(含當日)之日平均成交量較最近六十個營業日日平均成交量放大為9.02倍，當日成交量較最近六十個營業日之日平均成交量放大為53.55倍(第九款)
2026-10-02,6708,天擎,tpex,注意,2026-10-02,2026-10-02,最近六個營業日(含當日)累積之最後成交價漲幅達49.51%(第一款)當日之成交量較最近六十個營業日日平均成交量放大10.3倍(第三款)
2026-10-02,69571,裕慶一KY,tpex,注意,2026-10-02,2026-10-02,最近六個營業日(含當日)累積之最後成交價漲幅達25.3%且最近六個營業日(含當日)起迄兩個營業日之最後成交價價差達新臺幣48元(第一款)
2026-10-02,69571,裕慶一KY,tpex,處置,2026-10-05,2026-10-12,連續3個營業日
2026-10-02,705235,力旺凱基5B購01,tpex,注意,2026-10-02,2026-10-02,最近六個營業日(含當日)累積之最後成交價漲幅達35.95%(第一款)
2026-10-02,712876,世紀*群益63購03,tpex,注意,2026-10-02,2026-10-02,最近六個營業日(含當日)累積之最後成交價跌幅達49.03%(第一款)
2026-10-02,8084,巨虹,tpex,注意,2026-10-02,2026-10-02,最近六個營業日(含當日)累積之最後成交價跌幅達59.47%(第一款)
2026-10-02,8358,金居,tpex,注意,2026-10-02,2026-10-02,當日本益比為77.35、股價淨值比為14.09且為其所屬產業類別股價淨值比之3.47倍、當日週轉率達7.95%(第六款)
2026-10-02,8996,高力,twse,處置,2026-10-05,2026-10-12,第二次處置：最近十個營業日已有六次
2026-10-02,9960,邁達康,tpex,注意,2026-10-02,2026-10-02,最近六個營業日(含當日)之日平均成交量較最近六十個營業日日平均成交量放大為5.17倍，當日成交量較最近六十個營業日之日平均成交量放大為20.1倍(第九款)
2026-10-05,3081,聯亞,tpex,注意,2026-10-05,2026-10-05,當日本益比為258.18、股價淨值比為58.81且為其所屬產業類別股價淨值比之7.63倍、當日週轉率達6.95%、摩根士丹利證券公司當日賣出該有價證券之成交金額達26.84億元，且占當日該有價證券之總成交金額12.61%、單一投資人當日賣出該有價證券之成交金額達29.82億元，且占當日該有價證券之總成交金額14.01%(第六款)
2026-10-05,3114,好德,tpex,注意,2026-10-05,2026-10-05,最近六個營業日(含當日)累積之最後成交價漲幅達35.12%(第一款)
2026-10-05,3163,波若威,tpex,注意,2026-10-05,2026-10-05,當日本益比為72.35、股價淨值比為17.38且為其所屬產業類別股價淨值比之2.25倍、當日週轉率達5.3%(第六款)
2026-10-05,3362,先進光,tpex,注意,2026-10-05,2026-10-05,當日本益比為N/A、股價淨值比為7.19且為其所屬產業類別股價淨值比之2.95倍、當日週轉率達5.36%、單一投資人當日買進該有價證券之成交金額達2.42億元，且占當日該有價證券之總成交金額16.4%(第六款)
2026-10-05,3441,聯一光,tpex,注意,2026-10-05,2026-10-05,最近六個營業日(含當日)累積之最後成交價漲幅達27.79%且最近六個營業日(含當日)起迄兩個營業日之最後成交價價差達新臺幣51元(第一款)最近三十個營業日(含當日)起迄兩個營業日之最後成交價漲幅達116.82%(第二款)最近六十個營業日(含當日)起迄兩個營業日之最後成交價漲幅達243.19%(第二款)最近九十個營業日(含當日)起迄兩個營業日之最後成交價漲幅達350.38%(第二款)當日週轉率達24
2026-10-05,3455,由田,tpex,注意,2026-10-05,2026-10-05,當日本益比為79.41、股價淨值比為7.07且為其所屬產業類別股價淨值比之2.9倍、當日週轉率達14.82%(第六款)
2026-10-05,3455,由田,tpex,處置,2026-10-06,2026-10-13,連續5個營業日
2026-10-05,3490,單井,tpex,注意,2026-10-05,2026-10-05,最近六個營業日(含當日)之累積週轉率為90.09%，當日週轉率達15.05%(第十款)
2026-10-05,37075,漢磊五,tpex,注意,2026-10-05,2026-10-05,最近六個營業日(含當日)累積之最後成交價漲幅達26.28%且最近六個營業日(含當日)起迄兩個營業日之最後成交價價差達新臺幣50元(第一款)
2026-10-05,4174,浩鼎,tpex,注意,2026-10-05,2026-10-05,最近六個營業日(含當日)累積之最後成交價漲幅達36.74%(第一款)
2026-10-05,4556,旭然,tpex,注意,2026-10-05,2026-10-05,最近六個營業日(含當日)累積之最後成交價漲幅達30.7%(第一款)最近九十個營業日(含當日)起迄兩個營業日之最後成交價漲幅達225.83%(第二款)當日週轉率達7.18%(第四款)
2026-10-05,4760,勤凱,tpex,注意,2026-10-05,2026-10-05,最近六個營業日(含當日)累積之最後成交價漲幅達28.82%且最近六個營業日(含當日)起迄兩個營業日之最後成交價價差達新臺幣80元(第一款)
2026-10-05,4991,環宇-KY,tpex,注意,2026-10-05,2026-10-05,當日本益比為163.24、股價淨值比為14.27且為其所屬產業類別股價淨值比之2.53倍、當日週轉率達8.42%、元大證券公司當日賣出該有價證券之成交金額達16.12億元，且占當日該有價證券之總成交金額29.85%、單一投資人當日賣出該有價證券之成交金額達5.71億元，且占當日該有價證券之總成交金額10.57%(第六款)
2026-10-05,5013,強新,tpex,注意,2026-10-05,2026-10-05,最近六個營業日(含當日)累積之最後成交價漲幅達48.34%(第一款)
2026-10-05,5205,中茂,tpex,注意,2026-10-05,2026-10-05,最近六個營業日(含當日)累積之最後成交價漲幅達39.1%(第一款)
2026-10-05,5309,系統電,tpex,注意,2026-10-05,2026-10-05,最近六個營業日(含當日)累積之最後成交價漲幅達27.29%，當日週轉率達5.79%(第四款)
2026-10-05,5328,華容,tpex,注意,2026-10-05,2026-10-05,最近六個營業日(自當日之前一個營業日起)之當日沖銷成交量占總成交量比率達60.77%，當日之前一個營業日當日沖銷成交量占總成交量達68.88%（第十三款)
2026-10-05,5475,德宏,tpex,注意,2026-10-05,2026-10-05,當日本益比為142.64、股價淨值比為21.47且為其所屬產業類別股價淨值比之5.14倍、當日週轉率達5.13%(第六款)
2026-10-05,5536,聖暉*,tpex,注意,2026-10-05,2026-10-05,最近六個營業日(自當日之前一個營業日起)之借券賣出成交量占總成交量比率達11.96%，當日之前一個營業日借券賣出成交量較最近六十個營業日(自當日之前一個營業日起)之日平均借券賣出成交量放大為6倍(第十二款)
2026-10-05,6174,安碁,tpex,注意,2026-10-05,2026-10-05,最近六個營業日(含當日)累積之最後成交價漲幅達31.99%(第一款)凱基證券公司當日受託買進該有價證券之成交量占當日該有價證券總成交量之比率為30.87%，凱基證券公司當日受託賣出該有價證券之成交量占當日該有價證券總成交量之比率為40.04%(第五款)
2026-10-05,6182,合晶,tpex,注意,2026-10-05,2026-10-05,最近六個營業日(自當日之前一個營業日起)之當日沖銷成交量占總成交量比率達60.74%，當日之前一個營業日當日沖銷成交量占總成交量達67.37%（第十三款)
2026-10-05,6207,雷科,tpex,注意,2026-10-05,2026-10-05,最近六個營業日(含當日)累積之最後成交價漲幅達30.24%(第一款)當日週轉率達18.93%(第四款)
2026-10-05,62075,雷科五,tpex,注意,2026-10-05,2026-10-05,最近六個營業日(含當日)累積之最後成交價漲幅達26.94%且最近六個營業日(含當日)起迄兩個營業日之最後成交價價差達新臺幣43元(第一款)
2026-10-05,65331,晶心科一,tpex,處置,2026-10-06,2026-10-13,轉(交)換公司債之標的證券經本中心或臺灣證券交易所發布處置
2026-10-05,65381,倉和一,tpex,注意,2026-10-05,2026-10-05,最近六個營業日(含當日)累積之最後成交價跌幅達23.68%且最近六個營業日(含當日)起迄兩個營業日之最後成交價價差達新臺幣55元(第一款)
2026-10-05,6708,天擎,tpex,注意,2026-10-05,2026-10-05,最近六個營業日(含當日)累積之最後成交價漲幅達59.32%(第一款)當日之成交量較最近六十個營業日日平均成交量放大6.72倍(第三款)
2026-10-05,6708,天擎,tpex,處置,2026-10-06,2026-10-13,連續3個營業日
2026-10-05,69571,裕慶一KY,tpex,注意,2026-10-05,2026-10-05,最近六個營業日(含當日)累積之最後成交價漲幅達34.29%(第一款)
2026-10-05,705235,力旺凱基5B購01,tpex,注意,2026-10-05,2026-10-05,最近六個營業日(含當日)累積之最後成交價漲幅達35.15%(第一款)
2026-10-05,712737,巨有統一6B購03,tpex,注意,2026-10-05,2026-10-05,最近六個營業日(含當日)累積之最後成交價漲幅達39.07%(第一款)
2026-10-05,712876,世紀*群益63購03,tpex,注意,2026-10-05,2026-10-05,最近六個營業日(含當日)累積之最後成交價跌幅達42.51%(第一款)
2026-10-05,712876,世紀*群益63購03,tpex,處置,2026-10-06,2026-10-13,連續3個營業日
2026-10-05,8084,巨虹,tpex,注意,2026-10-05,2026-10-05,最近六個營業日(含當日)累積之最後成交價跌幅達59.41%(第一款)
2026-10-05,8111,立碁,tpex,注意,2026-10-05,2026-10-05,當日本益比為82.72、股價淨值比為7.44且為其所屬產業類別股價淨值比之3.06倍、當日週轉率達34.59%、單一投資人當日買進該有價證券之成交金額達3.98億元，且占當日該有價證券之總成交金額11.65%(第六款)最近六個營業日(含當日)之累積週轉率為87.06%(第十款)
2026-10-05,8358,金居,tpex,注意,2026-10-05,2026-10-05,當日本益比為84.95、股價淨值比為15.47且為其所屬產業類別股價淨值比之3.7倍、當日週轉率達16.69%、元大證券公司當日賣出該有價證券之成交金額達60.93億元，且占當日該有價證券之總成交金額25.66%、單一投資人當日買進該有價證券之成交金額達38.51億元，且占當日該有價證券之總成交金額16.21%(第六款)
