code,shares,date
1101,7523181742,2026-10-07
1102,3546562881,2026-10-07
1103,832874553,2026-10-07
1104,686681816,2026-10-07
1108,404738049,2026-10-07
1109,341158868,2026-10-07
1110,572000797,2026-10-07
1201,506062914,2026-10-07
1203,240000000,2026-10-07
1210,894767222,2026-10-07
1213,56622627,2026-10-07
1215,294790098,2026-10-07
1216,5682015421,2026-10-07
1217,494513336,2026-10-07
1218,499999038,2026-10-07
1219,341238364,2026-10-07
1220,177077944,2026-10-07
1225,242268306,2026-10-07
1227,915089591,2026-10-07
1229,1831879881,2026-10-07
1231,328299922,2026-10-07
1232,159974915,2026-10-07
1233,90591948,2026-10-07
1234,401871094,2026-10-07
1235,188577836,2026-10-07
1236,86674008,2026-10-07
1240,46443992,2026-10-07
1256,35781378,2026-10-07
1259,32389500,2026-10-07
1264,37052367,2026-10-07
1268,42223730,2026-10-07
1294,36625875,2026-10-07
1295,37599800,2026-10-07
1301,6365740781,2026-10-07
1303,7930821589,2026-10-07
1304,1188763500,2026-10-07
1305,581050494,2026-10-07
1307,397818126,2026-10-07
1308,593743919,2026-10-07
1309,397586848,2026-10-07
1310,527869764,2026-10-07
1312,1506620328,2026-10-07
1313,1330846107,2026-10-07
1314,3784850130,2026-10-07
1315,99099000,2026-10-07
1316,401646150,2026-10-07
1319,591477068,2026-10-07
1321,227228268,2026-10-07
1323,91274554,2026-10-07
1324,75121882,2026-10-07
1325,85281198,2026-10-07
1326,5861186291,2026-10-07
1336,77614419,2026-10-07
1337,268954729,2026-10-07
1338,83840000,2026-10-07
1339,74123875,2026-10-07
1340,152922855,2026-10-07
1341,52850634,2026-10-07
1342,78500902,2026-10-07
1402,5352875227,2026-10-07
1409,1618409286,2026-10-07
1410,62000000,2026-10-07
1413,132112454,2026-10-07
1414,198000000,2026-10-07
1416,185342168,2026-10-07
1417,189941840,2026-10-07
1418,56834309,2026-10-07
1419,300041280,2026-10-07
1423,99648000,2026-10-07
1432,108000000,2026-10-07
1434,1684664637,2026-10-07
1435,139780080,2026-10-07
1436,194151795,2026-10-07
1437,201871284,2026-10-07
1438,111205759,2026-10-07
1439,92000000,2026-10-07
1440,1656815857,2026-10-07
1441,61744387,2026-10-07
1442,366211358,2026-10-07
1443,135343011,2026-10-07
1444,995595059,2026-10-07
1445,130666034,2026-10-07
1446,137709513,2026-10-07
1447,910071242,2026-10-07
1449,127114572,2026-10-07
1451,198000000,2026-10-07
1452,132641400,2026-10-07
1453,116640340,2026-10-07
1454,129833848,2026-10-07
1455,531688380,2026-10-07
1456,93720000,2026-10-07
1457,316730022,2026-10-07
1459,268971680,2026-10-07
1460,694643484,2026-10-07
1463,173268381,2026-10-07
1464,425575733,2026-10-07
1465,103607267,2026-10-07
1466,111157320,2026-10-07
1467,233624667,2026-10-07
1468,160405244,2026-10-07
1470,85767000,2026-10-07
1471,150414536,2026-10-07
1472,52488082,2026-10-07
1473,146153534,2026-10-07
1474,129896969,2026-10-07
1475,66016749,2026-10-07
1476,274367111,2026-10-07
1477,246693713,2026-10-07
1503,520972223,2026-10-07
1504,2376440684,2026-10-07
1506,300388501,2026-10-07
1512,98183498,2026-10-07
1513,503112515,2026-10-07
1514,278570642,2026-10-07
1515,181473500,2026-10-07
1516,30008195,2026-10-07
1517,220000007,2026-10-07
1519,347468929,2026-10-07
1521,76230000,2026-10-07
1522,312897881,2026-10-07
1524,165310397,2026-10-07
1525,73400135,2026-10-07
1526,60000000,2026-10-07
1527,138570640,2026-10-07
1528,191331000,2026-10-07
1529,202849827,2026-10-07
1530,103107647,2026-10-07
1531,182108080,2026-10-07
1532,422604271,2026-10-07
1533,98547486,2026-10-07
1535,123742552,2026-10-07
1536,278959513,2026-10-07
1537,82062794,2026-10-07
1538,32300000,2026-10-07
1539,65370000,2026-10-07
1540,85473612,2026-10-07
1541,78800000,2026-10-07
1558,64535631,2026-10-07
1560,150289456,2026-10-07
1563,169206105,2026-10-07
1565,50416516,2026-10-07
1568,103086559,2026-10-07
1569,144247441,2026-10-07
1570,51500839,2026-10-07
1580,49339242,2026-10-07
1582,144268604,2026-10-07
1583,109400372,2026-10-07
1584,232470533,2026-10-07
1586,129500467,2026-10-07
1587,80055672,2026-10-07
1589,153135941,2026-10-07
1590,199999998,2026-10-07
1591,38048047,2026-10-07
1593,39784772,2026-10-07
1595,57554896,2026-10-07
1597,89261804,2026-10-07
1598,179142092,2026-10-07
1599,73028764,2026-10-07
1603,191688000,2026-10-07
1604,384200000,2026-10-07
1605,4431332948,2026-10-07
1608,632773506,2026-10-07
1609,785261944,2026-10-07
1611,322735742,2026-10-07
1612,316080063,2026-10-07
1614,269113406,2026-10-07
1615,198630339,2026-10-07
1616,194148515,2026-10-07
1617,169514700,2026-10-07
1618,192691747,2026-10-07
1623,66000000,2026-10-07
1626,149821721,2026-10-07
1702,294132962,2026-10-07
1707,148137373,2026-10-07
1708,249001651,2026-10-07
1709,477016272,2026-10-07
1710,885703029,2026-10-07
1711,547752226,2026-10-07
1712,420492585,2026-10-07
1713,150951700,2026-10-07
1714,991824808,2026-10-07
1717,1184245483,2026-10-07
1718,1685905745,2026-10-07
1720,196565698,2026-10-07
1721,184884092,2026-10-07
1722,980000000,2026-10-07
1723,236904480,2026-10-07
1725,181829978,2026-10-07
1726,162000000,2026-10-07
1727,128019559,2026-10-07
1730,63233851,2026-10-07
1731,132915244,2026-10-07
1732,42443957,2026-10-07
1733,99950192,2026-10-07
1734,201608581,2026-10-07
1735,99388000,2026-10-07
1736,303394617,2026-10-07
1737,200000000,2026-10-07
1742,92671300,2026-10-07
1752,100988472,2026-10-07
1760,85739013,2026-10-07
1762,76918000,2026-10-07
1773,300000000,2026-10-07
1776,60106952,2026-10-07
1777,44591713,2026-10-07
1780,109075173,2026-10-07
1781,47407605,2026-10-07
1783,89698115,2026-10-07
1784,53121191,2026-10-07
1785,595950743,2026-10-07
1786,74827641,2026-10-07
1788,44520971,2026-10-07
1789,790739222,2026-10-07
1795,270154757,2026-10-07
1796,41459793,2026-10-07
1799,248775894,2026-10-07
1802,2908060800,2026-10-07
1805,134970455,2026-10-07
1806,390403870,2026-10-07
1808,714425393,2026-10-07
1809,167041937,2026-10-07
1810,302303719,2026-10-07
1813,46635510,2026-10-07
1815,585459487,2026-10-07
1817,72600000,2026-10-07
1903,260039121,2026-10-07
1904,1108274522,2026-10-07
1905,1102835316,2026-10-07
1906,151000000,2026-10-07
1907,1660371495,2026-10-07
1909,1327685727,2026-10-07
2002,15734860997,2026-10-07
2006,730213818,2026-10-07
2007,530651613,2026-10-07
2008,190852293,2026-10-07
2009,359622165,2026-10-07
2010,647655390,2026-10-07
2012,302162700,2026-10-07
2013,200000000,2026-10-07
2014,1435544446,2026-10-07
2015,581599424,2026-10-07
2017,446874691,2026-10-07
2020,267031320,2026-10-07
2022,337168138,2026-10-07
2023,1821240214,2026-10-07
2024,97500000,2026-10-07
2025,172660536,2026-10-07
2027,2584260615,2026-10-07
2028,325714800,2026-10-07
2029,321180000,2026-10-07
2030,280526027,2026-10-07
2031,321146341,2026-10-07
2032,130521545,2026-10-07
2033,120000000,2026-10-07
2034,528995589,2026-10-07
2035,350000000,2026-10-07
2038,194134303,2026-10-07
2049,353792240,2026-10-07
2059,95297072,2026-10-07
2061,57378052,2026-10-07
2062,199994152,2026-10-07
2063,48101453,2026-10-07
2064,69330000,2026-10-07
2065,63516707,2026-10-07
2066,44449527,2026-10-07
2067,33858177,2026-10-07
2069,166386836,2026-10-07
2070,41782800,2026-10-07
2072,192000000,2026-10-07
2073,27500000,2026-10-07
2101,733934904,2026-10-07
2102,473329207,2026-10-07
2103,825709978,2026-10-07
2104,984733625,2026-10-07
2105,3241415536,2026-10-07
2106,954890000,2026-10-07
2107,303593400,2026-10-07
2108,492416659,2026-10-07
2109,279349134,2026-10-07
2114,77991707,2026-10-07
2115,104373163,2026-10-07
2201,1070001251,2026-10-07
2204,553620342,2026-10-07
2206,773675604,2026-10-07
2207,557102768,2026-10-07
2208,1274539449,2026-10-07
2211,417091463,2026-10-07
2221,42325000,2026-10-07
2227,300000000,2026-10-07
2228,79779692,2026-10-07
2230,68029605,2026-10-07
2231,135931870,2026-10-07
2233,60288889,2026-10-07
2235,35878000,2026-10-07
2236,63517032,2026-10-07
2237,128885901,2026-10-07
2239,117712593,2026-10-07
2241,104602306,2026-10-07
2243,77373596,2026-10-07
2247,80710926,2026-10-07
2248,47600000,2026-10-07
2250,36388226,2026-10-07
2254,63907680,2026-10-07
2258,1751267300,2026-10-07
2301,2316107763,2026-10-07
2302,166302881,2026-10-07
2303,12570093899,2026-10-07
2305,205660827,2026-10-07
2308,2597543329,2026-10-07
2312,1505781211,2026-10-07
2313,1233820589,2026-10-07
2314,108596422,2026-10-07
2316,182740536,2026-10-07
2317,14075746497,2026-10-07
2321,16555060,2026-10-07
2323,980413495,2026-10-07
2324,4407146625,2026-10-07
2327,2058730688,2026-10-07
2328,518346282,2026-10-07
2329,658948333,2026-10-07
2330,25932370067,2026-10-07
2331,557402968,2026-10-07
2332,602163173,2026-10-07
2337,1981856638,2026-10-07
2338,370349183,2026-10-07
2340,438622846,2026-10-07
2342,157335244,2026-10-07
2344,4500000193,2026-10-07
2345,561117897,2026-10-07
2347,1667946968,2026-10-07
2348,159485596,2026-10-07
2349,693679663,2026-10-07
2351,193734061,2026-10-07
2352,1580506505,2026-10-07
2353,3047853828,2026-10-07
2354,1414485192,2026-10-07
2355,397495420,2026-10-07
2356,3587475066,2026-10-07
2357,742760280,2026-10-07
2359,171471052,2026-10-07
2360,425245742,2026-10-07
2362,622263000,2026-10-07
2363,514988161,2026-10-07
2364,57627513,2026-10-07
2365,221528496,2026-10-07
2367,706253175,2026-10-07
2368,530594972,2026-10-07
2369,380102344,2026-10-07
2371,2150834851,2026-10-07
2373,236202518,2026-10-07
2374,337992133,2026-10-07
2375,108675334,2026-10-07
2376,669888886,2026-10-07
2377,844856199,2026-10-07
2379,515512641,2026-10-07
2380,60000000,2026-10-07
2382,4107627432,2026-10-07
2383,358321114,2026-10-07
2385,765721188,2026-10-07
2387,195251051,2026-10-07
2388,555955941,2026-10-07
2390,192619442,2026-10-07
2392,512326940,2026-10-07
2393,443393086,2026-10-07
2395,869046008,2026-10-07
2397,114488857,2026-10-07
2399,178100000,2026-10-07
2401,591994919,2026-10-07
2402,307536533,2026-10-07
2404,190586698,2026-10-07
2405,343427303,2026-10-07
2406,350905689,2026-10-07
2408,3450205894,2026-10-07
2409,7547098972,2026-10-07
2412,7757446545,2026-10-07
2413,127359200,2026-10-07
2414,161735846,2026-10-07
2415,100000000,2026-10-07
2417,157218864,2026-10-07
2419,321317229,2026-10-07
2420,152648688,2026-10-07
2421,286943669,2026-10-07
2423,145047289,2026-10-07
2424,59585000,2026-10-07
2425,96498831,2026-10-07
2426,300622252,2026-10-07
2427,197999573,2026-10-07
2428,128112726,2026-10-07
2429,86100000,2026-10-07
2430,116800000,2026-10-07
2431,80714436,2026-10-07
2432,61860000,2026-10-07
2433,144496011,2026-10-07
2434,37000000,2026-10-07
2436,204177561,2026-10-07
2438,71195641,2026-10-07
2439,248641314,2026-10-07
2440,139117271,2026-10-07
2441,568845921,2026-10-07
2442,325232021,2026-10-07
2444,106569573,2026-10-07
2449,1283882318,2026-10-07
2450,258252657,2026-10-07
2451,431345675,2026-10-07
2453,100000000,2026-10-07
2454,1604952613,2026-10-07
2455,186983443,2026-10-07
2457,424772416,2026-10-07
2458,303880392,2026-10-07
2459,105595615,2026-10-07
2460,169200000,2026-10-07
2461,190293963,2026-10-07
2462,150784482,2026-10-07
2464,216680434,2026-10-07
2465,93946031,2026-10-07
2466,173458697,2026-10-07
2467,161513684,2026-10-07
2468,69961249,2026-10-07
2471,47253890,2026-10-07
2472,164735137,2026-10-07
2474,538821068,2026-10-07
2476,219070454,2026-10-07
2477,158573244,2026-10-07
2478,144731339,2026-10-07
2480,106360291,2026-10-07
2481,382114927,2026-10-07
2482,77882711,2026-10-07
2483,107889807,2026-10-07
2484,159421022,2026-10-07
2485,317689037,2026-10-07
2486,240482510,2026-10-07
2488,79999433,2026-10-07
2489,610000000,2026-10-07
2491,82008000,2026-10-07
2492,485204774,2026-10-07
2493,126796629,2026-10-07
2495,273551538,2026-10-07
2496,20055462,2026-10-07
2497,130887676,2026-10-07
2498,836097086,2026-10-07
2501,1159561059,2026-10-07
2504,1180000000,2026-10-07
2505,380000000,2026-10-07
2506,387000000,2026-10-07
2509,224550530,2026-10-07
2511,1623326147,2026-10-07
2514,394729278,2026-10-07
2515,1688460079,2026-10-07
2516,226278457,2026-10-07
2520,609487110,2026-10-07
2524,366184596,2026-10-07
2527,270306000,2026-10-07
2528,435996467,2026-10-07
2530,841255731,2026-10-07
2534,474227970,2026-10-07
2535,270793967,2026-10-07
2536,332808652,2026-10-07
2537,300557795,2026-10-07
2538,445025495,2026-10-07
2539,1455585149,2026-10-07
2540,944873965,2026-10-07
2542,2153083539,2026-10-07
2543,528541961,2026-10-07
2545,379734808,2026-10-07
2546,146187097,2026-10-07
2547,1035094649,2026-10-07
2548,335704631,2026-10-07
2596,100000000,2026-10-07
2597,310716000,2026-10-07
2601,690379011,2026-10-07
2603,2165042996,2026-10-07
2605,585353297,2026-10-07
2606,845055712,2026-10-07
2607,533570547,2026-10-07
2608,467000498,2026-10-07
2609,3492104270,2026-10-07
2610,6144988558,2026-10-07
2611,189002272,2026-10-07
2612,197484593,2026-10-07
2613,148423458,2026-10-07
2614,327264946,2026-10-07
2615,2806146293,2026-10-07
2616,137281827,2026-10-07
2617,417294487,2026-10-07
2618,5400444335,2026-10-07
2630,209438204,2026-10-07
2633,5628293058,2026-10-07
2634,941867101,2026-10-07
2636,141835230,2026-10-07
2637,746409199,2026-10-07
2640,59264956,2026-10-07
2641,330333744,2026-10-07
2642,95467000,2026-10-07
2643,35000000,2026-10-07
2645,374570962,2026-10-07
2646,3008735000,2026-10-07
2701,449967838,2026-10-07
2702,156613249,2026-10-07
2704,366923343,2026-10-07
2705,191312830,2026-10-07
2706,499998346,2026-10-07
2707,127403238,2026-10-07
2712,105000000,2026-10-07
2718,87576000,2026-10-07
2719,69182500,2026-10-07
2722,143169696,2026-10-07
2723,180000000,2026-10-07
2724,59656345,2026-10-07
2726,37689817,2026-10-07
2727,82940109,2026-10-07
2729,43040783,2026-10-07
2731,93277739,2026-10-07
2732,46518570,2026-10-07
2734,57259760,2026-10-07
2736,79972230,2026-10-07
2739,91526000,2026-10-07
2740,16762016,2026-10-07
2743,46815210,2026-10-07
2745,33808526,2026-10-07
2748,105778740,2026-10-07
2751,19811250,2026-10-07
2752,26693861,2026-10-07
2753,66644796,2026-10-07
2754,46907000,2026-10-07
2755,46792491,2026-10-07
2756,24597584,2026-10-07
2762,112500000,2026-10-07
2801,12060197409,2026-10-07
2812,6425074858,2026-10-07
2816,223608000,2026-10-07
2820,1342960000,2026-10-07
2832,253540280,2026-10-07
2834,10398326179,2026-10-07
2836,1858316153,2026-10-07
2838,4607828961,2026-10-07
2845,4865284731,2026-10-07
2849,1957609349,2026-10-07
2850,315963300,2026-10-07
2851,800388750,2026-10-07
2852,301163784,2026-10-07
2855,1601414478,2026-10-07
2880,14056134739,2026-10-07
2881,14007364952,2026-10-07
2882,14669210128,2026-10-07
2883,16974612475,2026-10-07
2884,17723510471,2026-10-07
2885,13864395944,2026-10-07
2886,14833378282,2026-10-07
2887,25115061997,2026-10-07
2889,3665902186,2026-10-07
2890,14782168721,2026-10-07
2891,19675932806,2026-10-07
2892,14379468650,2026-10-07
2897,2805357878,2026-10-07
2901,73043283,2026-10-07
2903,1416940589,2026-10-07
2904,77834432,2026-10-07
2905,1110371703,2026-10-07
2906,209116648,2026-10-07
2908,509887558,2026-10-07
2910,175403000,2026-10-07
2911,105125999,2026-10-07
2912,1039622255,2026-10-07
2913,790000000,2026-10-07
2915,1104318772,2026-10-07
2916,64626878,2026-10-07
2923,1740296982,2026-10-07
2924,52035934,2026-10-07
2926,47389650,2026-10-07
2929,109493838,2026-10-07
2937,47896173,2026-10-07
2938,20140000,2026-10-07
2939,45548665,2026-10-07
2941,15390000,2026-10-07
2945,67500000,2026-10-07
2947,23642366,2026-10-07
2948,32000000,2026-10-07
2949,30641100,2026-10-07
3002,102000000,2026-10-07
3003,155654890,2026-10-07
3004,64383155,2026-10-07
3005,624570150,2026-10-07
3006,298127841,2026-10-07
3008,130798197,2026-10-07
3010,259436817,2026-10-07
3011,129565851,2026-10-07
3013,213344488,2026-10-07
3014,165954124,2026-10-07
3015,187261950,2026-10-07
3016,293256903,2026-10-07
3017,392670107,2026-10-07
3018,75377715,2026-10-07
3019,279243901,2026-10-07
3021,94683000,2026-10-07
3022,176597790,2026-10-07
3023,240069014,2026-10-07
3024,277157496,2026-10-07
3025,56736440,2026-10-07
3026,165890318,2026-10-07
3027,129160299,2026-10-07
3028,237241193,2026-10-07
3029,167005212,2026-10-07
3030,236216000,2026-10-07
3031,173203224,2026-10-07
3032,113285626,2026-10-07
3033,516559448,2026-10-07
3034,608511469,2026-10-07
3035,260550313,2026-10-07
3036,1270562701,2026-10-07
3037,1641291596,2026-10-07
3038,157407603,2026-10-07
3040,66224538,2026-10-07
3041,142096647,2026-10-07
3042,342992971,2026-10-07
3043,38975634,2026-10-07
3044,525605898,2026-10-07
3045,3723431015,2026-10-07
3046,78448013,2026-10-07
3047,224761608,2026-10-07
3048,269829794,2026-10-07
3049,802010529,2026-10-07
3050,154984450,2026-10-07
3051,167000000,2026-10-07
3052,233245771,2026-10-07
3054,80651041,2026-10-07
3055,114974918,2026-10-07
3056,480555051,2026-10-07
3057,67864629,2026-10-07
3058,201722779,2026-10-07
3059,307668025,2026-10-07
3060,137563190,2026-10-07
3062,330081818,2026-10-07
3064,13011451,2026-10-07
3066,83070612,2026-10-07
3067,20000000,2026-10-07
3071,110000000,2026-10-07
3073,39511028,2026-10-07
3078,227391064,2026-10-07
3081,101869004,2026-10-07
3083,86486858,2026-10-07
3085,53581570,2026-10-07
3086,272710510,2026-10-07
3088,113011197,2026-10-07
3090,287567150,2026-10-07
3092,106649250,2026-10-07
3093,145155576,2026-10-07
3094,83117089,2026-10-07
3095,14680000,2026-10-07
3105,423940384,2026-10-07
3114,67722584,2026-10-07
3115,72197615,2026-10-07
3118,32452860,2026-10-07
3122,40771918,2026-10-07
3128,50156538,2026-10-07
3130,33190700,2026-10-07
3131,29831623,2026-10-07
3135,97158956,2026-10-07
3138,56392314,2026-10-07
3141,75460728,2026-10-07
3147,43686831,2026-10-07
3149,286233604,2026-10-07
3150,44377001,2026-10-07
3152,39016200,2026-10-07
3158,30665925,2026-10-07
3162,154153162,2026-10-07
3163,94635370,2026-10-07
3164,86010364,2026-10-07
3167,89513491,2026-10-07
3168,75099649,2026-10-07
3169,63306981,2026-10-07
3171,33118158,2026-10-07
3176,139306755,2026-10-07
3178,45050000,2026-10-07
3188,189087767,2026-10-07
3189,526910360,2026-10-07
3191,43597381,2026-10-07
3205,67545631,2026-10-07
3206,58916621,2026-10-07
3207,66422124,2026-10-07
3209,247160748,2026-10-07
3211,154387021,2026-10-07
3213,58685547,2026-10-07
3217,90104203,2026-10-07
3218,84724899,2026-10-07
3219,71780880,2026-10-07
3221,104989210,2026-10-07
3224,78172648,2026-10-07
3226,64430573,2026-10-07
3227,151912842,2026-10-07
3228,71937495,2026-10-07
3229,64263000,2026-10-07
3230,86010900,2026-10-07
3231,3429842250,2026-10-07
3232,46567865,2026-10-07
3234,127259692,2026-10-07
3236,105000613,2026-10-07
3252,50195754,2026-10-07
3257,79823590,2026-10-07
3259,72965934,2026-10-07
3260,336463418,2026-10-07
3264,490170076,2026-10-07
3265,136261659,2026-10-07
3266,352314309,2026-10-07
3268,34720796,2026-10-07
3272,61176789,2026-10-07
3276,69712666,2026-10-07
3284,108482473,2026-10-07
3285,42735324,2026-10-07
3287,43970483,2026-10-07
3288,16380000,2026-10-07
3289,86746371,2026-10-07
3290,90215034,2026-10-07
3293,281801560,2026-10-07
3294,132015919,2026-10-07
3296,96724450,2026-10-07
3297,36049445,2026-10-07
3303,94790607,2026-10-07
3305,143373974,2026-10-07
3306,50607702,2026-10-07
3308,60000000,2026-10-07
3310,74948402,2026-10-07
3311,100000000,2026-10-07
3312,182626815,2026-10-07
3313,221133831,2026-10-07
3317,90000000,2026-10-07
3321,86113769,2026-10-07
3322,137582157,2026-10-07
3323,99593385,2026-10-07
3324,93076837,2026-10-07
3325,110168610,2026-10-07
3332,48104246,2026-10-07
3338,87908141,2026-10-07
3339,66568300,2026-10-07
3346,121228352,2026-10-07
3349,47821648,2026-10-07
3354,70112426,2026-10-07
3356,68550422,2026-10-07
3357,116385739,2026-10-07
3360,76402244,2026-10-07
3362,147445475,2026-10-07
3363,113640567,2026-10-07
3372,235324000,2026-10-07
3373,47618782,2026-10-07
3374,271364316,2026-10-07
3376,195780215,2026-10-07
3379,38041748,2026-10-07
3380,541718460,2026-10-07
3388,81599825,2026-10-07
3390,79329659,2026-10-07
3402,73047692,2026-10-07
3406,112743063,2026-10-07
3413,110924410,2026-10-07
3416,84517736,2026-10-07
3419,120480417,2026-10-07
3430,33716085,2026-10-07
3432,42230000,2026-10-07
3434,35754740,2026-10-07
3437,144548000,2026-10-07
3438,47165815,2026-10-07
3441,40039920,2026-10-07
3443,134011911,2026-10-07
3444,44996877,2026-10-07
3447,77449120,2026-10-07
3450,145681382,2026-10-07
3455,59850750,2026-10-07
3465,42329862,2026-10-07
3466,77892073,2026-10-07
3467,31556569,2026-10-07
3479,72630164,2026-10-07
3481,7989197337,2026-10-07
3483,99049257,2026-10-07
3484,78828189,2026-10-07
3485,38500850,2026-10-07
3489,90452155,2026-10-07
3490,55006435,2026-10-07
3491,68805125,2026-10-07
3492,35531600,2026-10-07
3494,94800000,2026-10-07
3498,61273008,2026-10-07
3499,54970596,2026-10-07
3501,118257927,2026-10-07
3504,114059785,2026-10-07
3508,108866737,2026-10-07
3511,79972945,2026-10-07
3512,113072372,2026-10-07
3515,123520889,2026-10-07
3516,59560874,2026-10-07
3518,102467230,2026-10-07
3520,83846778,2026-10-07
3521,185765552,2026-10-07
3522,104096209,2026-10-07
3523,64257868,2026-10-07
3526,66839477,2026-10-07
3527,44445125,2026-10-07
3528,66639216,2026-10-07
3529,74686492,2026-10-07
3530,77475900,2026-10-07
3531,61175011,2026-10-07
3532,387848300,2026-10-07
3533,112534691,2026-10-07
3535,79052356,2026-10-07
3537,56242979,2026-10-07
3540,84458548,2026-10-07
3541,56349142,2026-10-07
3543,146263150,2026-10-07
3545,222411350,2026-10-07
3546,61348690,2026-10-07
3548,68244175,2026-10-07
3550,107550000,2026-10-07
3551,62274890,2026-10-07
3552,97918334,2026-10-07
3555,39998797,2026-10-07
3556,63702844,2026-10-07
3557,84315435,2026-10-07
3558,59060881,2026-10-07
3563,63960858,2026-10-07
3564,59123100,2026-10-07
3567,33954000,2026-10-07
3570,17097000,2026-10-07
3576,1627795375,2026-10-07
3577,63965653,2026-10-07
3580,39470657,2026-10-07
3581,51006000,2026-10-07
3583,83858644,2026-10-07
3587,69369988,2026-10-07
3588,61991182,2026-10-07
3591,130386835,2026-10-07
3592,75855226,2026-10-07
3593,60825449,2026-10-07
3594,95948358,2026-10-07
3596,220354321,2026-10-07
3597,39236440,2026-10-07
3605,175270339,2026-10-07
3607,121662239,2026-10-07
3609,38419387,2026-10-07
3611,47554634,2026-10-07
3615,68466976,2026-10-07
3617,94762049,2026-10-07
3622,151327600,2026-10-07
3623,29185946,2026-10-07
3624,117340842,2026-10-07
3625,58100000,2026-10-07
3628,45000000,2026-10-07
3629,32954782,2026-10-07
3630,204191848,2026-10-07
3631,81820909,2026-10-07
3632,22000000,2026-10-07
3645,136754207,2026-10-07
3646,39297371,2026-10-07
3652,75097500,2026-10-07
3653,147203878,2026-10-07
3661,86305114,2026-10-07
3663,108494074,2026-10-07
3664,75945377,2026-10-07
3665,199578405,2026-10-07
3666,138949850,2026-10-07
3669,92919950,2026-10-07
3672,40790375,2026-10-07
3673,406663759,2026-10-07
3675,53057923,2026-10-07
3679,63022229,2026-10-07
3680,96211690,2026-10-07
3684,30304737,2026-10-07
3685,79574000,2026-10-07
3686,76495118,2026-10-07
3687,30124059,2026-10-07
3689,89458815,2026-10-07
3691,91883420,2026-10-07
3693,42990694,2026-10-07
3694,154890708,2026-10-07
3701,236668883,2026-10-07
3702,1751374307,2026-10-07
3703,823215980,2026-10-07
3704,415444970,2026-10-07
3705,266422983,2026-10-07
3706,1327212468,2026-10-07
3707,400484353,2026-10-07
3708,89842872,2026-10-07
3709,145569450,2026-10-07
3710,177086787,2026-10-07
3711,4470572282,2026-10-07
3712,246242146,2026-10-07
3713,88099380,2026-10-07
3714,400000000,2026-10-07
3715,283574584,2026-10-07
3716,150579211,2026-10-07
3717,210948286,2026-10-07
3718,390981110,2026-10-07
4102,42373443,2026-10-07
4104,188367456,2026-10-07
4105,248649959,2026-10-07
4106,100911557,2026-10-07
4107,69298336,2026-10-07
4108,198618879,2026-10-07
4109,118736681,2026-10-07
4111,59832135,2026-10-07
4113,231138137,2026-10-07
4114,550429688,2026-10-07
4116,44566000,2026-10-07
4119,119508634,2026-10-07
4120,86747119,2026-10-07
4121,83111045,2026-10-07
4123,807456341,2026-10-07
4126,72600000,2026-10-07
4127,45760000,2026-10-07
4128,588170597,2026-10-07
4129,96437650,2026-10-07
4131,39857000,2026-10-07
4133,60553594,2026-10-07
4137,82492350,2026-10-07
4138,39930000,2026-10-07
4139,45009911,2026-10-07
4142,429507750,2026-10-07
4147,273202425,2026-10-07
4148,67235701,2026-10-07
4153,58668197,2026-10-07
4154,38390000,2026-10-07
4155,125186998,2026-10-07
4157,711833575,2026-10-07
4160,28013734,2026-10-07
4161,59798204,2026-10-07
4162,143677640,2026-10-07
4163,50675143,2026-10-07
4164,195310989,2026-10-07
4166,243035089,2026-10-07
4167,331554307,2026-10-07
4168,112521318,2026-10-07
4169,66431612,2026-10-07
4171,58057469,2026-10-07
4173,74574355,2026-10-07
4174,131579687,2026-10-07
4175,42323307,2026-10-07
4178,215866981,2026-10-07
4183,23800000,2026-10-07
4188,63332900,2026-10-07
4190,61262957,2026-10-07
4192,35164500,2026-10-07
4195,80000057,2026-10-07
4198,24108000,2026-10-07
4205,97649228,2026-10-07
4207,188611108,2026-10-07
4303,132447444,2026-10-07
4304,61038065,2026-10-07
4305,55014000,2026-10-07
4306,676757216,2026-10-07
4401,122692012,2026-10-07
4402,67991830,2026-10-07
4406,51912000,2026-10-07
4413,31314689,2026-10-07
4414,263795773,2026-10-07
4416,73586213,2026-10-07
4417,83971399,2026-10-07
4419,169163133,2026-10-07
4420,40455000,2026-10-07
4426,172677198,2026-10-07
4430,56273609,2026-10-07
4432,50589000,2026-10-07
4433,61299774,2026-10-07
4438,113425455,2026-10-07
4439,38214843,2026-10-07
4440,67598000,2026-10-07
4441,68175578,2026-10-07
4442,33124805,2026-10-07
4502,57469686,2026-10-07
4503,78313326,2026-10-07
4506,177012000,2026-10-07
4510,108977724,2026-10-07
4513,143761921,2026-10-07
4523,64949000,2026-10-07
4526,254826461,2026-10-07
4527,68537133,2026-10-07
4528,84165695,2026-10-07
4529,84549096,2026-10-07
4530,35794959,2026-10-07
4532,494895105,2026-10-07
4533,178434110,2026-10-07
4534,86788948,2026-10-07
4535,75661740,2026-10-07
4536,90820000,2026-10-07
4538,59469604,2026-10-07
4540,115186724,2026-10-07
4541,67647068,2026-10-07
4542,35254258,2026-10-07
4543,62760915,2026-10-07
4545,77000000,2026-10-07
4549,57002445,2026-10-07
4550,37838783,2026-10-07
4551,115222498,2026-10-07
4552,116000000,2026-10-07
4554,30276584,2026-10-07
4555,69987653,2026-10-07
4556,42302840,2026-10-07
4557,47971840,2026-10-07
4558,50000000,2026-10-07
4560,68097240,2026-10-07
4561,58521619,2026-10-07
4562,87546000,2026-10-07
4563,54950000,2026-10-07
4564,232788303,2026-10-07
4566,110381002,2026-10-07
4568,32045125,2026-10-07
4569,30600000,2026-10-07
4571,53017115,2026-10-07
4572,40018679,2026-10-07
4576,119801848,2026-10-07
4577,49137998,2026-10-07
4580,46803109,2026-10-07
4581,33899000,2026-10-07
4582,75480000,2026-10-07
4583,80171351,2026-10-07
4584,30002400,2026-10-07
4585,104609000,2026-10-07
4588,42985000,2026-10-07
4590,54838400,2026-10-07
4609,47946820,2026-10-07
4702,72333200,2026-10-07
4706,79030093,2026-10-07
4707,413808151,2026-10-07
4711,61056000,2026-10-07
4714,221838188,2026-10-07
4716,94427191,2026-10-07
4720,114516037,2026-10-07
4721,74986304,2026-10-07
4722,103765073,2026-10-07
4726,207041800,2026-10-07
4728,54463000,2026-10-07
4729,79226741,2026-10-07
4735,41568758,2026-10-07
4736,95374469,2026-10-07
4737,77328053,2026-10-07
4739,124651313,2026-10-07
4741,34812079,2026-10-07
4743,480533486,2026-10-07
4744,56948450,2026-10-07
4745,66220547,2026-10-07
4746,120255963,2026-10-07
4747,90922064,2026-10-07
4749,94732865,2026-10-07
4754,30283215,2026-10-07
4755,100706000,2026-10-07
4760,32778289,2026-10-07
4763,989146670,2026-10-07
4764,85542062,2026-10-07
4766,120570780,2026-10-07
4767,31415000,2026-10-07
4768,48200288,2026-10-07
4770,79976000,2026-10-07
4771,58708700,2026-10-07
4772,147681552,2026-10-07
4804,71991920,2026-10-07
4806,69924107,2026-10-07
4807,48996032,2026-10-07
4903,105343714,2026-10-07
4904,3607705357,2026-10-07
4905,29260044,2026-10-07
4906,451706232,2026-10-07
4907,118145778,2026-10-07
4908,78216907,2026-10-07
4909,93356864,2026-10-07
4911,68817133,2026-10-07
4912,66953099,2026-10-07
4915,471880824,2026-10-07
4916,124082539,2026-10-07
4919,452397767,2026-10-07
4923,36940360,2026-10-07
4924,37164409,2026-10-07
4927,264937988,2026-10-07
4930,80000000,2026-10-07
4931,65565761,2026-10-07
4933,82662675,2026-10-07
4934,225000000,2026-10-07
4935,128864091,2026-10-07
4938,2675708703,2026-10-07
4939,98200868,2026-10-07
4942,142367613,2026-10-07
4943,126694353,2026-10-07
4946,8852816,2026-10-07
4949,67751543,2026-10-07
4950,57729107,2026-10-07
4951,34148713,2026-10-07
4952,108815816,2026-10-07
4953,74326386,2026-10-07
4956,100408236,2026-10-07
4958,1133397175,2026-10-07
4960,571705388,2026-10-07
4961,121253603,2026-10-07
4966,78957788,2026-10-07
4967,98566394,2026-10-07
4968,92209898,2026-10-07
4971,47185743,2026-10-07
4972,56888587,2026-10-07
4973,65292843,2026-10-07
4974,72500104,2026-10-07
4976,141218000,2026-10-07
4977,90989841,2026-10-07
4979,142802027,2026-10-07
4989,172776500,2026-10-07
4991,121363372,2026-10-07
4994,66383400,2026-10-07
4995,42592036,2026-10-07
4999,74417200,2026-10-07
5007,294940154,2026-10-07
5009,602471197,2026-10-07
5011,100673922,2026-10-07
5013,133416000,2026-10-07
5014,183265054,2026-10-07
5015,60639189,2026-10-07
5016,49622076,2026-10-07
5201,38674600,2026-10-07
5202,89094000,2026-10-07
5203,77342550,2026-10-07
5205,14200000,2026-10-07
5206,180093375,2026-10-07
5209,28567224,2026-10-07
5210,82177779,2026-10-07
5211,32024727,2026-10-07
5212,34633000,2026-10-07
5213,721334326,2026-10-07
5215,64337500,2026-10-07
5220,39667000,2026-10-07
5222,100108465,2026-10-07
5223,44549781,2026-10-07
5225,79136499,2026-10-07
5227,96000000,2026-10-07
5228,38056253,2026-10-07
5230,56303831,2026-10-07
5234,102715911,2026-10-07
5236,60004038,2026-10-07
5243,168528915,2026-10-07
5244,68241899,2026-10-07
5245,45127141,2026-10-07
5251,33733377,2026-10-07
5258,110364894,2026-10-07
5263,78936891,2026-10-07
5269,74156359,2026-10-07
5272,55276118,2026-10-07
5274,41582953,2026-10-07
5276,39500000,2026-10-07
5278,300000000,2026-10-07
5283,87600510,2026-10-07
5284,55142683,2026-10-07
5285,102040926,2026-10-07
5287,60310050,2026-10-07
5288,69884722,2026-10-07
5289,98289931,2026-10-07
5291,41890606,2026-10-07
5292,46318800,2026-10-07
5299,50888981,2026-10-07
5301,53928846,2026-10-07
5302,159888349,2026-10-07
5306,126000772,2026-10-07
5309,230967451,2026-10-07
5310,28943517,2026-10-07
5312,60059898,2026-10-07
5314,292000000,2026-10-07
5315,106351832,2026-10-07
5321,59543149,2026-10-07
5324,226379090,2026-10-07
5328,172710724,2026-10-07
5340,194893964,2026-10-07
5344,79447460,2026-10-07
5345,37795000,2026-10-07
5347,1878502192,2026-10-07
5348,14775917,2026-10-07
5351,328636781,2026-10-07
5353,76500000,2026-10-07
5355,77500000,2026-10-07
5356,103040000,2026-10-07
5364,63849940,2026-10-07
5381,207690562,2026-10-07
5386,54121322,2026-10-07
5388,304342542,2026-10-07
5392,180093388,2026-10-07
5398,49465460,2026-10-07
5403,78120722,2026-10-07
5410,93368623,2026-10-07
5425,263485486,2026-10-07
5426,143800000,2026-10-07
5432,20687804,2026-10-07
5434,194007983,2026-10-07
5438,112536565,2026-10-07
5439,92975752,2026-10-07
5443,164746644,2026-10-07
5450,122403239,2026-10-07
5452,148763669,2026-10-07
5455,65501813,2026-10-07
5457,196237000,2026-10-07
5460,58778130,2026-10-07
5464,71071490,2026-10-07
5465,147682629,2026-10-07
5468,58922909,2026-10-07
5469,486166000,2026-10-07
5471,167877062,2026-10-07
5474,39756944,2026-10-07
5475,127127017,2026-10-07
5478,156074332,2026-10-07
5481,71402891,2026-10-07
5483,641221651,2026-10-07
5484,66801000,2026-10-07
5487,24222516,2026-10-07
5488,91586124,2026-10-07
5489,102706441,2026-10-07
5490,96152201,2026-10-07
5493,43689255,2026-10-07
5498,193548545,2026-10-07
5508,217428133,2026-10-07
5511,136000000,2026-10-07
5512,766312494,2026-10-07
5514,236118280,2026-10-07
5515,201600084,2026-10-07
5516,51545223,2026-10-07
5519,230157039,2026-10-07
5520,59975245,2026-10-07
5521,492280155,2026-10-07
5522,781596241,2026-10-07
5523,155001464,2026-10-07
5525,318105378,2026-10-07
5529,105769350,2026-10-07
5530,420084199,2026-10-07
5531,977589245,2026-10-07
5533,285244944,2026-10-07
5534,315325960,2026-10-07
5536,124080930,2026-10-07
5538,201203333,2026-10-07
5543,46703593,2026-10-07
5546,82353402,2026-10-07
5547,51000000,2026-10-07
5548,63723065,2026-10-07
5601,64800000,2026-10-07
5603,104876607,2026-10-07
5604,108782968,2026-10-07
5607,370552913,2026-10-07
5608,389276138,2026-10-07
5609,142884000,2026-10-07
5701,143000000,2026-10-07
5703,70239594,2026-10-07
5704,58861658,2026-10-07
5706,83767920,2026-10-07
5864,504490084,2026-10-07
5871,1745649584,2026-10-07
5876,4910219171,2026-10-07
5878,25024303,2026-10-07
5880,16072960337,2026-10-07
5902,94500000,2026-10-07
5903,223220000,2026-10-07
5904,1064438260,2026-10-07
5905,281623235,2026-10-07
5906,37528483,2026-10-07
5907,195531000,2026-10-07
6005,2455297058,2026-10-07
6015,403614082,2026-10-07
6016,772419946,2026-10-07
6020,252353154,2026-10-07
6021,312005974,2026-10-07
6023,447972732,2026-10-07
6024,266683403,2026-10-07
6026,396161841,2026-10-07
6028,25000000,2026-10-07
6101,116601850,2026-10-07
6103,13604891,2026-10-07
6104,91128607,2026-10-07
6108,108146018,2026-10-07
6109,87825414,2026-10-07
6111,108511051,2026-10-07
6112,188357336,2026-10-07
6113,52549455,2026-10-07
6114,43911937,2026-10-07
6115,187662154,2026-10-07
6116,2858654851,2026-10-07
6117,92586749,2026-10-07
6118,90889573,2026-10-07
6120,598999602,2026-10-07
6121,184970519,2026-10-07
6122,78091632,2026-10-07
6123,62089430,2026-10-07
6124,182479945,2026-10-07
6125,259011150,2026-10-07
6126,130050754,2026-10-07
6127,108079751,2026-10-07
6128,127588740,2026-10-07
6129,160574120,2026-10-07
6130,49300000,2026-10-07
6133,117006294,2026-10-07
6134,81882117,2026-10-07
6136,115536412,2026-10-07
6138,75633500,2026-10-07
6139,235575724,2026-10-07
6140,54897760,2026-10-07
6141,113354005,2026-10-07
6142,304206695,2026-10-07
6143,86058897,2026-10-07
6144,38273701,2026-10-07
6146,101867199,2026-10-07
6147,744577539,2026-10-07
6148,46603757,2026-10-07
6150,48345985,2026-10-07
6151,55257300,2026-10-07
6152,167738463,2026-10-07
6153,636177694,2026-10-07
6154,80080000,2026-10-07
6155,88023988,2026-10-07
6156,107875010,2026-10-07
6158,55028788,2026-10-07
6160,68489120,2026-10-07
6161,56237477,2026-10-07
6163,148838747,2026-10-07
6164,80000000,2026-10-07
6165,77752623,2026-10-07
6166,217779257,2026-10-07
6167,143080000,2026-10-07
6168,205761801,2026-10-07
6169,23394960,2026-10-07
6170,97260038,2026-10-07
6171,100000000,2026-10-07
6173,160928000,2026-10-07
6174,50000000,2026-10-07
6175,150121812,2026-10-07
6176,348770447,2026-10-07
6177,472370728,2026-10-07
6179,177324650,2026-10-07
6180,175493573,2026-10-07
6182,625305662,2026-10-07
6183,150000000,2026-10-07
6184,158230657,2026-10-07
6185,149867531,2026-10-07
6186,194907598,2026-10-07
6187,98262739,2026-10-07
6188,278358910,2026-10-07
6189,263826017,2026-10-07
6190,186522441,2026-10-07
6191,499303000,2026-10-07
6192,96155770,2026-10-07
6194,48000000,2026-10-07
6195,50192942,2026-10-07
6196,220329529,2026-10-07
6197,123439128,2026-10-07
6198,171400350,2026-10-07
6199,61760018,2026-10-07
6201,89200000,2026-10-07
6202,230388200,2026-10-07
6203,82401370,2026-10-07
6204,23102080,2026-10-07
6205,82235907,2026-10-07
6206,143062324,2026-10-07
6207,93066484,2026-10-07
6208,94462343,2026-10-07
6209,181887549,2026-10-07
6210,35048000,2026-10-07
6212,102000000,2026-10-07
6213,363597218,2026-10-07
6214,272243066,2026-10-07
6215,83529693,2026-10-07
6216,97296137,2026-10-07
6217,117210018,2026-10-07
6218,64262000,2026-10-07
6219,124967090,2026-10-07
6220,146462640,2026-10-07
6221,168601206,2026-10-07
6222,95688878,2026-10-07
6223,97981309,2026-10-07
6224,85645361,2026-10-07
6225,60000000,2026-10-07
6226,115534789,2026-10-07
6227,76111786,2026-10-07
6228,29000000,2026-10-07
6229,40360700,2026-10-07
6230,86343396,2026-10-07
6231,45652186,2026-10-07
6233,80971896,2026-10-07
6234,100386398,2026-10-07
6235,199906306,2026-10-07
6236,41654039,2026-10-07
6237,79645371,2026-10-07
6239,759146634,2026-10-07
6240,22867370,2026-10-07
6241,45533670,2026-10-07
6242,31806500,2026-10-07
6243,45268841,2026-10-07
6244,387041875,2026-10-07
6245,146608303,2026-10-07
6246,37851415,2026-10-07
6248,99956149,2026-10-07
6257,483912325,2026-10-07
6259,28056146,2026-10-07
6261,128497989,2026-10-07
6263,62500964,2026-10-07
6264,136355291,2026-10-07
6265,118172151,2026-10-07
6266,153871641,2026-10-07
6269,323831481,2026-10-07
6270,72145759,2026-10-07
6271,209058024,2026-10-07
6272,81763948,2026-10-07
6274,299460093,2026-10-07
6275,80344567,2026-10-07
6276,22043000,2026-10-07
6277,119471166,2026-10-07
6278,292398353,2026-10-07
6279,119015736,2026-10-07
6281,99172945,2026-10-07
6282,856100705,2026-10-07
6283,147581343,2026-10-07
6284,148980341,2026-10-07
6285,483441359,2026-10-07
6290,169652410,2026-10-07
6291,42000000,2026-10-07
6292,46600712,2026-10-07
6294,26047106,2026-10-07
6405,65800000,2026-10-07
6409,88253566,2026-10-07
6411,99508031,2026-10-07
6412,400769126,2026-10-07
6414,151315037,2026-10-07
6415,390362929,2026-10-07
6416,73348460,2026-10-07
6417,42274000,2026-10-07
6418,34522000,2026-10-07
6419,13159170,2026-10-07
6423,31016000,2026-10-07
6425,51382317,2026-10-07
6426,38509000,2026-10-07
6431,97398835,2026-10-07
6432,38784067,2026-10-07
6435,37461300,2026-10-07
6438,82206325,2026-10-07
6441,53318429,2026-10-07
6442,81817552,2026-10-07
6443,512796730,2026-10-07
6446,422434636,2026-10-07
6449,91878014,2026-10-07
6451,117853601,2026-10-07
6456,337939800,2026-10-07
6461,110324527,2026-10-07
6462,91250754,2026-10-07
6464,133932793,2026-10-07
6465,59073685,2026-10-07
6469,159085152,2026-10-07
6470,37694100,2026-10-07
6472,128019122,2026-10-07
6474,52526199,2026-10-07
6477,123787196,2026-10-07
6482,28634463,2026-10-07
6485,47366493,2026-10-07
6486,50893286,2026-10-07
6488,478113725,2026-10-07
6491,78000000,2026-10-07
6492,114903620,2026-10-07
6494,31559690,2026-10-07
6496,47290220,2026-10-07
6498,47475892,2026-10-07
6499,96944893,2026-10-07
6504,72600000,2026-10-07
6505,9525959652,2026-10-07
6506,82360826,2026-10-07
6508,86538864,2026-10-07
6509,197080553,2026-10-07
6510,32929138,2026-10-07
6512,25260000,2026-10-07
6515,36444782,2026-10-07
6516,56336935,2026-10-07
6517,30579053,2026-10-07
6523,45047625,2026-10-07
6525,129047384,2026-10-07
6526,167505554,2026-10-07
6527,25458550,2026-10-07
6530,33750000,2026-10-07
6531,163149082,2026-10-07
6532,37445147,2026-10-07
6533,50650911,2026-10-07
6534,102800000,2026-10-07
6535,167840825,2026-10-07
6538,37270493,2026-10-07
6541,265216367,2026-10-07
6542,42000630,2026-10-07
6546,66848449,2026-10-07
6547,328943644,2026-10-07
6548,950464700,2026-10-07
6550,464846344,2026-10-07
6552,83000000,2026-10-07
6556,28750000,2026-10-07
6558,93788875,2026-10-07
6560,33474715,2026-10-07
6561,77958370,2026-10-07
6568,30796200,2026-10-07
6569,42820745,2026-10-07
6570,37119170,2026-10-07
6573,80499345,2026-10-07
6574,21990000,2026-10-07
6576,157540541,2026-10-07
6577,60060145,2026-10-07
6578,71941901,2026-10-07
6579,169451221,2026-10-07
6581,111270887,2026-10-07
6582,106174141,2026-10-07
6584,71379810,2026-10-07
6585,72133587,2026-10-07
6588,34700825,2026-10-07
6589,302068169,2026-10-07
6590,28695603,2026-10-07
6591,41122465,2026-10-07
6592,641845008,2026-10-07
6593,31856609,2026-10-07
6596,38000000,2026-10-07
6597,30042250,2026-10-07
6598,102819061,2026-10-07
6603,167442946,2026-10-07
6604,50731039,2026-10-07
6605,165816397,2026-10-07
6606,110303783,2026-10-07
6609,72456246,2026-10-07
6612,52266043,2026-10-07
6613,77801485,2026-10-07
6614,80660521,2026-10-07
6615,21593400,2026-10-07
6616,35428473,2026-10-07
6617,127506100,2026-10-07
6620,165981900,2026-10-07
6624,22579482,2026-10-07
6625,57972488,2026-10-07
6629,38379563,2026-10-07
6637,26810000,2026-10-07
6640,28911500,2026-10-07
6641,36500000,2026-10-07
6642,37399662,2026-10-07
6643,42620160,2026-10-07
6645,60864050,2026-10-07
6649,42000000,2026-10-07
6651,34601541,2026-10-07
6654,40962720,2026-10-07
6655,80571817,2026-10-07
6657,88808000,2026-10-07
6658,38370000,2026-10-07
6661,23304248,2026-10-07
6662,25612400,2026-10-07
6664,61151307,2026-10-07
6666,47388000,2026-10-07
6667,49278878,2026-10-07
6668,107116087,2026-10-07
6669,560199772,2026-10-07
6670,139386973,2026-10-07
6671,60750000,2026-10-07
6672,81620212,2026-10-07
6674,68222459,2026-10-07
6679,54975335,2026-10-07
6680,25071427,2026-10-07
6683,27552661,2026-10-07
6684,44559496,2026-10-07
6689,68000000,2026-10-07
6690,29999720,2026-10-07
6691,133546930,2026-10-07
6692,58843890,2026-10-07
6693,45720000,2026-10-07
6695,106947650,2026-10-07
6697,27323364,2026-10-07
6698,66389753,2026-10-07
6703,36607210,2026-10-07
6706,78549433,2026-10-07
6708,29008779,2026-10-07
6712,100488861,2026-10-07
6715,68274026,2026-10-07
6716,30241814,2026-10-07
6719,105516989,2026-10-07
6720,30225741,2026-10-07
6721,24500000,2026-10-07
6722,88400000,2026-10-07
6725,37130000,2026-10-07
6727,26884177,2026-10-07
6728,30120000,2026-10-07
6730,36298151,2026-10-07
6732,48912618,2026-10-07
6733,134316026,2026-10-07
6735,46182292,2026-10-07
6739,23392500,2026-10-07
6741,120577997,2026-10-07
6742,71267948,2026-10-07
6743,150000000,2026-10-07
6751,22200000,2026-10-07
6752,38258471,2026-10-07
6753,117254081,2026-10-07
6754,66000000,2026-10-07
6756,69990000,2026-10-07
6757,459530000,2026-10-07
6761,34955867,2026-10-07
6762,36930288,2026-10-07
6763,184039130,2026-10-07
6767,39183630,2026-10-07
6768,200095061,2026-10-07
6770,4712080856,2026-10-07
6771,31179500,2026-10-07
6776,91581430,2026-10-07
6781,85418780,2026-10-07
6782,63000000,2026-10-07
6785,66800000,2026-10-07
6788,38739683,2026-10-07
6789,318299119,2026-10-07
6790,267129021,2026-10-07
6791,20847000,2026-10-07
6792,47875325,2026-10-07
6794,63637000,2026-10-07
6796,40233970,2026-10-07
6799,43652193,2026-10-07
6803,72794385,2026-10-07
6804,47500000,2026-10-07
6805,68553896,2026-10-07
6807,54000000,2026-10-07
6811,41449000,2026-10-07
6821,35913193,2026-10-07
6823,33233920,2026-10-07
6829,59169000,2026-10-07
6830,54413615,2026-10-07
6831,67500000,2026-10-07
6834,88471082,2026-10-07
6835,66172297,2026-10-07
6838,150977100,2026-10-07
6840,30767284,2026-10-07
6841,95223000,2026-10-07
6843,33304000,2026-10-07
6844,37428440,2026-10-07
6846,27066039,2026-10-07
6854,117678622,2026-10-07
6855,23249716,2026-10-07
6856,28200000,2026-10-07
6859,41588600,2026-10-07
6861,41599250,2026-10-07
6862,50000000,2026-10-07
6863,74888000,2026-10-07
6865,15840645,2026-10-07
6869,137830041,2026-10-07
6870,28317550,2026-10-07
6872,70750511,2026-10-07
6873,142649099,2026-10-07
6874,22000000,2026-10-07
6875,129182804,2026-10-07
6877,47167122,2026-10-07
6881,15000000,2026-10-07
6884,18390000,2026-10-07
6885,133061000,2026-10-07
6887,74205512,2026-10-07
6890,250296650,2026-10-07
6894,23800000,2026-10-07
6895,34100000,2026-10-07
6899,42398491,2026-10-07
6901,853360000,2026-10-07
6902,35529948,2026-10-07
6903,66676000,2026-10-07
6904,18500000,2026-10-07
6906,33537400,2026-10-07
6907,62562500,2026-10-07
6908,37180000,2026-10-07
6909,67487900,2026-10-07
6910,30521000,2026-10-07
6913,43848863,2026-10-07
6914,79471200,2026-10-07
6916,67500000,2026-10-07
6918,34571000,2026-10-07
6919,1557200860,2026-10-07
6921,32261941,2026-10-07
6922,27155385,2026-10-07
6923,90439000,2026-10-07
6924,20624000,2026-10-07
6925,20000300,2026-10-07
6928,86000000,2026-10-07
6929,45090000,2026-10-07
6931,66152160,2026-10-07
6933,42486350,2026-10-07
6934,36130304,2026-10-07
6936,72804000,2026-10-07
6937,67655263,2026-10-07
6944,99694286,2026-10-07
6945,97531160,2026-10-07
6947,106126334,2026-10-07
6949,1311601000,2026-10-07
6951,52000000,2026-10-07
6952,68345000,2026-10-07
6953,30014600,2026-10-07
6955,30380960,2026-10-07
6957,55736455,2026-10-07
6958,421453828,2026-10-07
6961,26834000,2026-10-07
6962,492396565,2026-10-07
6965,156336000,2026-10-07
6967,30404477,2026-10-07
6968,50436279,2026-10-07
6969,43857189,2026-10-07
6971,38668000,2026-10-07
6982,40752381,2026-10-07
6983,18020000,2026-10-07
6986,52134000,2026-10-07
6988,47600000,2026-10-07
6994,74162071,2026-10-07
6996,42090333,2026-10-07
6997,22100500,2026-10-07
7402,35280646,2026-10-07
7547,33963000,2026-10-07
7556,29080869,2026-10-07
7584,17055469,2026-10-07
7610,58305456,2026-10-07
7631,20142000,2026-10-07
7642,30194258,2026-10-07
7689,58507250,2026-10-07
7703,34745000,2026-10-07
7704,33769804,2026-10-07
7705,66067304,2026-10-07
7708,25500000,2026-10-07
7709,39102740,2026-10-07
7711,71700445,2026-10-07
7712,32561873,2026-10-07
7713,45478843,2026-10-07
7714,21000000,2026-10-07
7715,32756500,2026-10-07
7716,22500000,2026-10-07
7717,24831518,2026-10-07
7718,46356484,2026-10-07
7721,55370000,2026-10-07
7722,71400000,2026-10-07
7723,49619550,2026-10-07
7728,13992621,2026-10-07
7730,38636568,2026-10-07
7732,64680000,2026-10-07
7734,28000000,2026-10-07
7736,76000000,2026-10-07
7738,27355799,2026-10-07
7740,60000000,2026-10-07
7743,36483338,2026-10-07
7744,32076710,2026-10-07
7747,30168600,2026-10-07
7749,46485728,2026-10-07
7750,71843000,2026-10-07
7751,26888600,2026-10-07
7753,25000000,2026-10-07
7757,24100000,2026-10-07
7760,64548000,2026-10-07
7765,40681000,2026-10-07
7767,30100000,2026-10-07
7768,70065000,2026-10-07
7769,179930000,2026-10-07
7770,30062053,2026-10-07
7772,26498600,2026-10-07
7777,186606250,2026-10-07
7780,810024170,2026-10-07
7782,23213000,2026-10-07
7786,175953944,2026-10-07
7788,79745993,2026-10-07
7791,80000000,2026-10-07
7792,46662000,2026-10-07
7794,28000000,2026-10-07
7795,78828500,2026-10-07
7799,158245000,2026-10-07
7803,94412888,2026-10-07
7805,39750122,2026-10-07
7810,20250000,2026-10-07
7811,33377000,2026-10-07
7812,64398521,2026-10-07
7814,45000000,2026-10-07
7818,164946000,2026-10-07
7819,25263500,2026-10-07
7820,37768096,2026-10-07
7821,121913300,2026-10-07
7822,45560763,2026-10-07
7823,33490890,2026-10-07
7825,23114500,2026-10-07
7827,140887437,2026-10-07
7828,40493911,2026-10-07
7835,46544367,2026-10-07
7839,15096025,2026-10-07
7842,18250000,2026-10-07
7855,192527928,2026-10-07
7856,33000000,2026-10-07
8011,165921891,2026-10-07
8016,120136876,2026-10-07
8021,145042467,2026-10-07
8024,45160100,2026-10-07
8027,109750596,2026-10-07
8028,183550260,2026-10-07
8032,51810300,2026-10-07
8033,164629775,2026-10-07
8034,56586353,2026-10-07
8038,62278190,2026-10-07
8039,263803994,2026-10-07
8040,96413874,2026-10-07
8042,131479954,2026-10-07
8043,79907170,2026-10-07
8044,204768065,2026-10-07
8045,95041815,2026-10-07
8046,646165487,2026-10-07
8047,34613011,2026-10-07
8048,59436924,2026-10-07
8049,118279808,2026-10-07
8050,205204891,2026-10-07
8054,108732566,2026-10-07
8059,116466300,2026-10-07
8064,184817836,2026-10-07
8066,36642304,2026-10-07
8067,20700000,2026-10-07
8068,80765949,2026-10-07
8069,1154678380,2026-10-07
8070,725648455,2026-10-07
8071,60084283,2026-10-07
8072,80000000,2026-10-07
8074,86974466,2026-10-07
8076,292213592,2026-10-07
8077,21945669,2026-10-07
8080,67163821,2026-10-07
8081,86172072,2026-10-07
8083,35133193,2026-10-07
8084,69514149,2026-10-07
8085,139983060,2026-10-07
8086,196516123,2026-10-07
8087,38646042,2026-10-07
8088,60921749,2026-10-07
8089,65998718,2026-10-07
8091,56943651,2026-10-07
8092,57172325,2026-10-07
8093,56567567,2026-10-07
8096,149343066,2026-10-07
8097,60302468,2026-10-07
8099,100072800,2026-10-07
8101,52166216,2026-10-07
8102,23358350,2026-10-07
8103,78436671,2026-10-07
8104,104058192,2026-10-07
8105,441544851,2026-10-07
8107,75000000,2026-10-07
8109,82161236,2026-10-07
8110,517739876,2026-10-07
8111,109102223,2026-10-07
8112,565293058,2026-10-07
8114,76487772,2026-10-07
8121,212993743,2026-10-07
8131,442222223,2026-10-07
8147,41817166,2026-10-07
8150,704523126,2026-10-07
8155,62367700,2026-10-07
8162,68702000,2026-10-07
8163,280000001,2026-10-07
8171,112853326,2026-10-07
8176,59800000,2026-10-07
8182,107041215,2026-10-07
8201,62366275,2026-10-07
8210,125619146,2026-10-07
8213,271242488,2026-10-07
8215,320674514,2026-10-07
8222,68573500,2026-10-07
8227,39543000,2026-10-07
8234,141226472,2026-10-07
8240,100004414,2026-10-07
8249,137824500,2026-10-07
8255,101961041,2026-10-07
8261,118878393,2026-10-07
8271,129614266,2026-10-07
8272,18997755,2026-10-07
8277,39500000,2026-10-07
8279,27100851,2026-10-07
8284,47303000,2026-10-07
8289,68333765,2026-10-07
8291,17478450,2026-10-07
8299,221165247,2026-10-07
8341,130000000,2026-10-07
8342,33536692,2026-10-07
8349,208821391,2026-10-07
8354,78532263,2026-10-07
8358,252588000,2026-10-07
8367,92172031,2026-10-07
8374,112250487,2026-10-07
8383,113760482,2026-10-07
8390,96116128,2026-10-07
8401,70669058,2026-10-07
8403,137640343,2026-10-07
8404,419933884,2026-10-07
8409,32000000,2026-10-07
8410,36589200,2026-10-07
8411,218404319,2026-10-07
8415,1031500000,2026-10-07
8416,28210710,2026-10-07
8421,54817140,2026-10-07
8422,1358762544,2026-10-07
8423,41714030,2026-10-07
8424,36054368,2026-10-07
8426,50242500,2026-10-07
8429,185747151,2026-10-07
8431,48778331,2026-10-07
8432,38398140,2026-10-07
8433,54506098,2026-10-07
8435,35200450,2026-10-07
8436,117728830,2026-10-07
8437,47014070,2026-10-07
8438,69943000,2026-10-07
8440,50255299,2026-10-07
8442,70169764,2026-10-07
8443,66800000,2026-10-07
8444,125104845,2026-10-07
8446,52914405,2026-10-07
8450,51309947,2026-10-07
8454,264975275,2026-10-07
8455,25219056,2026-10-07
8462,80380116,2026-10-07
8463,150000000,2026-10-07
8464,293020200,2026-10-07
8466,79445628,2026-10-07
8467,48373575,2026-10-07
8472,17735800,2026-10-07
8473,182306922,2026-10-07
8476,166226358,2026-10-07
8477,84170616,2026-10-07
8478,93972276,2026-10-07
8481,66601866,2026-10-07
8482,107444000,2026-10-07
8487,26535000,2026-10-07
8488,73500000,2026-10-07
8489,59948960,2026-10-07
8499,41165557,2026-10-07
8905,119440000,2026-10-07
8906,44037370,2026-10-07
8908,315332742,2026-10-07
8916,148591646,2026-10-07
8917,162652459,2026-10-07
8921,46592159,2026-10-07
8923,30375800,2026-10-07
8924,83800000,2026-10-07
8926,830282000,2026-10-07
8927,419068367,2026-10-07
8928,50854015,2026-10-07
8929,50580862,2026-10-07
8930,81809406,2026-10-07
8931,122254862,2026-10-07
8932,426013152,2026-10-07
8933,326724305,2026-10-07
8935,113495000,2026-10-07
8936,248078157,2026-10-07
8937,441680272,2026-10-07
8938,156986490,2026-10-07
8940,67491032,2026-10-07
8941,34972071,2026-10-07
8942,198842255,2026-10-07
8996,93501537,2026-10-07
9103,549411240,2026-10-07
910322,5620600000,2026-10-07
9105,10450002831,2026-10-07
910861,1673607386,2026-10-07
9110,907680000,2026-10-07
911608,480000000,2026-10-07
911622,596748900,2026-10-07
911868,2094465417,2026-10-07
912000,2362546300,2026-10-07
9136,1200008445,2026-10-07
9802,200991673,2026-10-07
9902,98049600,2026-10-07
9904,2946787213,2026-10-07
9905,305000000,2026-10-07
9906,90376358,2026-10-07
9907,1579145342,2026-10-07
9908,516358000,2026-10-07
9910,987482831,2026-10-07
9911,222332287,2026-10-07
9912,53792569,2026-10-07
9914,298983800,2026-10-07
9917,473756948,2026-10-07
9918,180537453,2026-10-07
9919,195362750,2026-10-07
9921,392065395,2026-10-07
9924,150761736,2026-10-07
9925,387489605,2026-10-07
9926,179504075,2026-10-07
9927,120000000,2026-10-07
9928,70724583,2026-10-07
9929,101280000,2026-10-07
9930,248540368,2026-10-07
9931,120369303,2026-10-07
9933,944437034,2026-10-07
9934,411016962,2026-10-07
9935,177838926,2026-10-07
9937,309043000,2026-10-07
9938,297963902,2026-10-07
9939,295786475,2026-10-07
9940,736846500,2026-10-07
9941,587149073,2026-10-07
9942,83161320,2026-10-07
9943,125171510,2026-10-07
9944,105908100,2026-10-07
9945,2844225086,2026-10-07
9946,326554150,2026-10-07
9949,44860763,2026-10-07
9950,167716000,2026-10-07
9951,73300000,2026-10-07
9955,104424629,2026-10-07
9958,266896665,2026-10-07
9960,33592500,2026-10-07
9962,90220260,2026-10-07
