date,twse_index,twse_index_chg,tpex_index,tpex_index_chg,twse_turnover,tpex_turnover,twse_foreign_value,tpex_foreign_value,twse_trust_value,tpex_trust_value,twse_dealer_value,tpex_dealer_value,twse_margin_amount,twse_margin_amount_prev,tpex_margin_amount,tpex_margin_amount_prev
2026-09-09,47183.36,77.58,408.09,0.9,815976678108.0,212799271560.0,20924383308.0,3213687834.0,2084512601.0,-1716562118.0,-1883854140.0,-368415752.0,587166811.0,586266976.0,200584560.0,200067558.0
2026-09-10,46940.49,-242.87,405.24,-2.85,750742811639.0,170230939220.0,-38334160377.0,-11716149282.0,3350893757.0,1071104103.0,-13763655736.0,-568699495.0,591897687.0,587166811.0,201273701.0,200584560.0
2026-09-11,46184.85,-755.64,395.52,-9.72,762245189934.0,181863917290.0,-89270444926.0,-5883638122.0,8213725742.0,-791571400.0,-30201800886.0,-1337514519.0,587871180.0,591897687.0,199568970.0,201273701.0
2026-09-14,45862.52,-322.33,394.67,-0.85,665316266033.0,167166226110.0,-36963571856.0,5090406887.0,3695502542.0,-259887314.0,-15092711618.0,-276918961.0,583877609.0,587871180.0,197710150.0,199568970.0
2026-09-15,45511.49,-351.03,388.73,-5.94,634706804618.0,173862187170.0,-62698898366.0,-2632499773.0,-1991151348.0,1220306625.0,-14206165859.0,-862929429.0,582240465.0,583877609.0,197488605.0,197710150.0
2026-09-16,45848.9,337.41,399.21,10.48,675969528562.0,183058822680.0,-17980479320.0,-2506842199.0,10645635766.0,2758032421.0,-12973938883.0,1008869044.0,586166660.0,582240465.0,199722917.0,197488605.0
2026-09-17,46288.0,439.1,398.17,-1.04,866619179411.0,259310341850.0,12185000820.0,-11614829887.0,11703066352.0,-2217874383.0,1578033234.0,1955092607.0,589397267.0,586168547.0,201929733.0,199722974.0
2026-09-18,47180.75,892.75,412.68,14.51,1142321910407.0,264470284500.0,86994361942.0,21484732547.0,8153449132.0,2120556191.0,24303458512.0,3166793730.0,594039480.0,589397267.0,204617024.0,201929733.0
2026-09-21,47718.84,538.09,412.57,-0.11,866817533778.0,208709630230.0,20478937999.0,-9367508413.0,4596039545.0,-2932201244.0,22729588111.0,1274046394.0,603037778.0,594039480.0,206728540.0,204617024.0
2026-09-22,47800.17,81.33,415.17,2.6,1078776313348.0,269023731600.0,45320927564.0,12848868412.0,-366418155.0,-1613739138.0,15854142842.0,238654587.0,604861415.0,603037778.0,208524048.0,206728540.0
2026-09-23,48157.29,357.12,413.76,-1.41,894650683140.0,246466997200.0,37313363638.0,-18210516597.0,-4759436946.0,-811424091.0,5824666248.0,-920828496.0,606367833.0,604861415.0,210851410.0,208524048.0
2026-09-24,48024.6,-132.69,412.99,-0.77,775591428171.0,192995526950.0,-32964613655.0,-2988204226.0,-12823263300.0,-3416022556.0,1338430421.0,212811421.0,615103402.0,606367833.0,211727513.0,210851410.0
2026-09-29,47631.96,-392.64,412.25,-0.74,836144707733.0,176944305230.0,-62582550525.0,-5051326924.0,579387325.0,-1142759913.0,-16402520851.0,-3556982.0,618653344.0,615103402.0,213675300.0,211727513.0
2026-09-30,47940.13,308.17,417.07,4.82,921492702613.0,227041033380.0,30856555666.0,8159658452.0,8290786559.0,-2203631373.0,1240352622.0,656284223.0,622252453.0,618653344.0,215878925.0,213675300.0
2026-10-01,48353.49,413.36,418.82,1.75,837431416750.0,251898948310.0,,,,,,,,,,
