id,sent_at
ann|2312|1151006|172208|代子公司-泰金寶科技股份有限公司依「公開發行公司 資金貸與及背書保證處理準則」第,2026-10-07
ann|2426|1151006|154347|本公司有價證券於集中交易市場達公布注意交易資訊標準 故公布相關財務業務等重大訊息,2026-10-07
ann|3105|1151005|175935|代重要子公司Chainwin Biotech and Agrotech (Cay,2026-10-07
ann|3450|1151006|155853|係因本公司有價證券於集中交易市場達公布注意交易資訊標準， 故公布相關財務業務等重,2026-10-07
ann|3707|1151005|152730|本公司可轉換公司債漢磊五(代號：37075)近期達公布 注意交易資訊標準，故公告,2026-10-07
"ann|4977|1151006|174006|代子公司PCL TECHNOLOGIES TRADING, INC.公告新增資金",2026-10-07
ann|6155|1151005|155118|因本公司有價證券於集中交易市場達公佈注意交易資訊標準， 故公佈相關財務業務等重大,2026-10-07
ann|6239|1151005|172823|本公司訂購機器設備公告,2026-10-07
ann|6239|1151006|153705|代子公司晶兆成科技股份有限公司公告訂購機器設備,2026-10-07
digest|post|2026-10-06|2026-10-07,2026-10-07
flag|3081|注意|2026-10-05,2026-10-07
flag|3163|注意|2026-10-05,2026-10-07
flag|3455|注意|2026-10-05,2026-10-07
flag|3455|處置|2026-10-06,2026-10-07
flag|3491|注意|2026-10-06,2026-10-07
flag|4979|注意|2026-10-06,2026-10-07
flag|4991|注意|2026-10-05,2026-10-07
flag|5328|注意|2026-10-05,2026-10-07
flag|6174|注意|2026-10-05,2026-10-07
flag|6182|注意|2026-10-05,2026-10-07
flag|6207|注意|2026-10-05,2026-10-07
flag|6488|注意|2026-10-06,2026-10-07
flag|6533|處置|2026-10-06,2026-10-07
flow|2313|foreign連買|2026-10-06,2026-10-07
flow|2313|trust連買|2026-10-06,2026-10-07
flow|2327|foreign連賣|2026-10-06,2026-10-07
flow|2457|foreign連買|2026-10-06,2026-10-07
flow|2478|foreign連買|2026-10-06,2026-10-07
flow|2481|trust連賣|2026-10-06,2026-10-07
flow|3026|foreign連賣|2026-10-06,2026-10-07
flow|3042|foreign連賣|2026-10-06,2026-10-07
flow|3228|foreign連買|2026-10-06,2026-10-07
flow|3260|foreign連賣|2026-10-06,2026-10-07
flow|3455|foreign連賣|2026-10-06,2026-10-07
flow|3491|trust連買|2026-10-06,2026-10-07
flow|3624|trust連賣|2026-10-06,2026-10-07
flow|3661|foreign連買|2026-10-06,2026-10-07
flow|3661|trust連買|2026-10-06,2026-10-07
flow|5443|foreign連買|2026-10-06,2026-10-07
flow|6282|trust連賣|2026-10-06,2026-10-07
flow|6285|foreign連買|2026-10-06,2026-10-07
flow|6435|foreign連賣|2026-10-06,2026-10-07
flow|6531|trust連買|2026-10-06,2026-10-07
flow|6533|foreign連賣|2026-10-06,2026-10-07
flow|6664|foreign連買|2026-10-06,2026-10-07
flow|6664|trust連買|2026-10-06,2026-10-07
flow|6789|foreign連買|2026-10-06,2026-10-07
flow|8064|foreign連賣|2026-10-06,2026-10-07
flow|8182|foreign連賣|2026-10-06,2026-10-07
ma60|2451|站上|2026-10-07,2026-10-07
ma60|2451|跌破|2026-10-06,2026-10-07
ma60|2472|站上|2026-10-07,2026-10-07
ma60|2478|站上|2026-10-06,2026-10-07
ma60|6435|跌破|2026-10-07,2026-10-07
ma60|6451|跌破|2026-10-06,2026-10-07
ma60|8043|站上|2026-10-07,2026-10-07
ma60|8043|跌破|2026-10-06,2026-10-07
ma60|8054|跌破|2026-10-07,2026-10-07
ma60|8131|站上|2026-10-07,2026-10-07
ma60|8261|跌破|2026-10-07,2026-10-07
rev|2302|2026-08,2026-10-07
rev|2312|2026-08,2026-10-07
rev|2313|2026-08,2026-10-07
rev|2327|2026-08,2026-10-07
rev|2337|2026-08,2026-10-07
rev|2344|2026-08,2026-10-07
rev|2355|2026-08,2026-10-07
rev|2363|2026-08,2026-10-07
rev|2367|2026-08,2026-10-07
rev|2402|2026-08,2026-10-07
rev|2408|2026-08,2026-10-07
rev|2413|2026-08,2026-10-07
rev|2426|2026-08,2026-10-07
rev|2428|2026-08,2026-10-07
rev|2451|2026-08,2026-10-07
rev|2454|2026-08,2026-10-07
rev|2455|2026-08,2026-10-07
rev|2457|2026-08,2026-10-07
rev|2467|2026-08,2026-10-07
rev|2472|2026-08,2026-10-07
rev|2478|2026-08,2026-10-07
rev|2481|2026-08,2026-10-07
rev|2484|2026-08,2026-10-07
rev|2485|2026-08,2026-10-07
rev|2492|2026-08,2026-10-07
rev|3006|2026-08,2026-10-07
rev|3016|2026-08,2026-10-07
rev|3026|2026-08,2026-10-07
rev|3035|2026-08,2026-10-07
rev|3042|2026-08,2026-10-07
rev|3081|2026-08,2026-10-07
rev|3090|2026-08,2026-10-07
rev|3105|2026-08,2026-10-07
rev|3138|2026-08,2026-10-07
rev|3163|2026-08,2026-10-07
rev|3221|2026-08,2026-10-07
rev|3228|2026-08,2026-10-07
rev|3234|2026-08,2026-10-07
rev|3260|2026-08,2026-10-07
rev|3305|2026-08,2026-10-07
rev|3317|2026-08,2026-10-07
rev|3363|2026-08,2026-10-07
rev|3443|2026-08,2026-10-07
rev|3450|2026-08,2026-10-07
rev|3455|2026-08,2026-10-07
rev|3481|2026-08,2026-10-07
rev|3491|2026-08,2026-10-07
rev|3498|2026-08,2026-10-07
rev|3532|2026-08,2026-10-07
rev|3535|2026-08,2026-10-07
rev|3580|2026-08,2026-10-07
rev|3624|2026-08,2026-10-07
rev|3661|2026-08,2026-10-07
rev|3673|2026-08,2026-10-07
rev|3675|2026-08,2026-10-07
rev|3707|2026-08,2026-10-07
rev|4908|2026-08,2026-10-07
rev|4967|2026-08,2026-10-07
rev|4971|2026-08,2026-10-07
rev|4973|2026-08,2026-10-07
rev|4977|2026-08,2026-10-07
rev|4979|2026-08,2026-10-07
rev|4991|2026-08,2026-10-07
rev|5243|2026-08,2026-10-07
rev|5289|2026-08,2026-10-07
rev|5328|2026-08,2026-10-07
rev|5386|2026-08,2026-10-07
rev|5425|2026-08,2026-10-07
rev|5443|2026-08,2026-10-07
rev|5483|2026-08,2026-10-07
rev|6127|2026-08,2026-10-07
rev|6155|2026-08,2026-10-07
rev|6173|2026-08,2026-10-07
rev|6174|2026-08,2026-10-07
rev|6175|2026-08,2026-10-07
rev|6182|2026-08,2026-10-07
rev|6204|2026-08,2026-10-07
rev|6207|2026-08,2026-10-07
rev|6239|2026-08,2026-10-07
rev|6271|2026-08,2026-10-07
rev|6282|2026-08,2026-10-07
rev|6285|2026-08,2026-10-07
rev|6415|2026-08,2026-10-07
rev|6426|2026-08,2026-10-07
rev|6435|2026-08,2026-10-07
rev|6442|2026-08,2026-10-07
rev|6451|2026-08,2026-10-07
rev|6462|2026-08,2026-10-07
rev|6488|2026-08,2026-10-07
rev|6531|2026-08,2026-10-07
rev|6533|2026-08,2026-10-07
rev|6588|2026-08,2026-10-07
rev|6643|2026-08,2026-10-07
rev|6664|2026-08,2026-10-07
rev|6693|2026-08,2026-10-07
rev|6770|2026-08,2026-10-07
rev|6789|2026-08,2026-10-07
rev|7712|2026-08,2026-10-07
rev|7717|2026-08,2026-10-07
rev|8027|2026-08,2026-10-07
rev|8028|2026-08,2026-10-07
rev|8043|2026-08,2026-10-07
rev|8054|2026-08,2026-10-07
rev|8064|2026-08,2026-10-07
rev|8110|2026-08,2026-10-07
rev|8131|2026-08,2026-10-07
rev|8182|2026-08,2026-10-07
rev|8227|2026-08,2026-10-07
rev|8255|2026-08,2026-10-07
rev|8261|2026-08,2026-10-07
rev|8271|2026-08,2026-10-07
rev|8289|2026-08,2026-10-07
rev|8299|2026-08,2026-10-07
rotation|2026-10-06,2026-10-06
watch|2302,2026-10-07
watch|2312,2026-10-07
watch|2313,2026-10-07
watch|2327,2026-10-07
watch|2337,2026-10-07
watch|2344,2026-10-07
watch|2355,2026-10-07
watch|2363,2026-10-07
watch|2367,2026-10-07
watch|2402,2026-10-07
watch|2408,2026-10-07
watch|2413,2026-10-07
watch|2426,2026-10-07
watch|2428,2026-10-07
watch|2451,2026-10-07
watch|2454,2026-10-07
watch|2455,2026-10-07
watch|2457,2026-10-07
watch|2467,2026-10-07
watch|2472,2026-10-07
watch|2478,2026-10-07
watch|2481,2026-10-07
watch|2484,2026-10-07
watch|2485,2026-10-07
watch|2492,2026-10-07
watch|3006,2026-10-07
watch|3016,2026-10-07
watch|3026,2026-10-07
watch|3035,2026-10-07
watch|3042,2026-10-07
watch|3081,2026-10-07
watch|3090,2026-10-07
watch|3105,2026-10-07
watch|3138,2026-10-07
watch|3163,2026-10-07
watch|3221,2026-10-07
watch|3228,2026-10-07
watch|3234,2026-10-07
watch|3260,2026-10-07
watch|3305,2026-10-07
watch|3317,2026-10-07
watch|3363,2026-10-07
watch|3443,2026-10-07
watch|3450,2026-10-07
watch|3455,2026-10-07
watch|3481,2026-10-07
watch|3491,2026-10-07
watch|3498,2026-10-07
watch|3532,2026-10-07
watch|3535,2026-10-07
watch|3580,2026-10-07
watch|3624,2026-10-07
watch|3661,2026-10-07
watch|3673,2026-10-07
watch|3675,2026-10-07
watch|3707,2026-10-07
watch|4908,2026-10-07
watch|4967,2026-10-07
watch|4971,2026-10-07
watch|4973,2026-10-07
watch|4977,2026-10-07
watch|4979,2026-10-07
watch|4991,2026-10-07
watch|5243,2026-10-07
watch|5289,2026-10-07
watch|5328,2026-10-07
watch|5386,2026-10-07
watch|5425,2026-10-07
watch|5443,2026-10-07
watch|5483,2026-10-07
watch|6127,2026-10-07
watch|6155,2026-10-07
watch|6173,2026-10-07
watch|6174,2026-10-07
watch|6175,2026-10-07
watch|6182,2026-10-07
watch|6204,2026-10-07
watch|6207,2026-10-07
watch|6239,2026-10-07
watch|6271,2026-10-07
watch|6282,2026-10-07
watch|6285,2026-10-07
watch|6415,2026-10-07
watch|6426,2026-10-07
watch|6435,2026-10-07
watch|6442,2026-10-07
watch|6451,2026-10-07
watch|6462,2026-10-07
watch|6488,2026-10-07
watch|6531,2026-10-07
watch|6533,2026-10-07
watch|6588,2026-10-07
watch|6643,2026-10-07
watch|6664,2026-10-07
watch|6693,2026-10-07
watch|6770,2026-10-07
watch|6789,2026-10-07
watch|7712,2026-10-07
watch|7717,2026-10-07
watch|8027,2026-10-07
watch|8028,2026-10-07
watch|8043,2026-10-07
watch|8054,2026-10-07
watch|8064,2026-10-07
watch|8110,2026-10-07
watch|8131,2026-10-07
watch|8182,2026-10-07
watch|8227,2026-10-07
watch|8255,2026-10-07
watch|8261,2026-10-07
watch|8271,2026-10-07
watch|8289,2026-10-07
watch|8299,2026-10-07
