item,price_date,avg_price
DDR3 4Gb 512Mx8 1600/1866,2025-11-04,3.346
DDR4 16Gb (1Gx16)3200,2025-11-04,28.833
DDR4 16Gb (2Gx8) 3200,2025-11-04,26.9
DDR4 8Gb (1Gx8) 3200,2025-11-04,10.629
DDR4 8Gb (512Mx16) 3200,2025-11-04,9.4
DDR5 16Gb (2Gx8) 4800/5600,2025-11-04,16.125
DDR3 4Gb 512Mx8 1600/1866,2025-11-05,3.346
DDR4 16Gb (1Gx16)3200,2025-11-05,29.5
DDR4 16Gb (2Gx8) 3200,2025-11-05,28.0
DDR4 8Gb (1Gx8) 3200,2025-11-05,11.071
DDR4 8Gb (512Mx16) 3200,2025-11-05,9.525
DDR5 16Gb (2Gx8) 4800/5600,2025-11-05,17.319
DDR3 4Gb 512Mx8 1600/1866,2025-11-06,3.372
DDR4 16Gb (1Gx16)3200,2025-11-06,30.0
DDR4 16Gb (2Gx8) 3200,2025-11-06,29.1
DDR4 8Gb (1Gx8) 3200,2025-11-06,11.393
DDR4 8Gb (512Mx16) 3200,2025-11-06,9.7
DDR5 16Gb (2Gx8) 4800/5600,2025-11-06,19.156
DDR3 4Gb 512Mx8 1600/1866,2025-11-07,3.41
DDR4 16Gb (1Gx16)3200,2025-11-07,31.5
DDR4 16Gb (2Gx8) 3200,2025-11-07,30.5
DDR4 8Gb (1Gx8) 3200,2025-11-07,11.571
DDR4 8Gb (512Mx16) 3200,2025-11-07,9.775
DDR5 16Gb (2Gx8) 4800/5600,2025-11-07,20.938
DDR3 4Gb 512Mx8 1600/1866,2025-11-10,3.42
DDR4 16Gb (1Gx16)3200,2025-11-10,32.833
DDR4 16Gb (2Gx8) 3200,2025-11-10,31.9
DDR4 8Gb (1Gx8) 3200,2025-11-10,11.707
DDR4 8Gb (512Mx16) 3200,2025-11-10,9.9
DDR5 16Gb (2Gx8) 4800/5600,2025-11-10,22.1
DDR3 4Gb 512Mx8 1600/1866,2025-11-11,3.43
DDR4 16Gb (1Gx16)3200,2025-11-11,34.167
DDR4 16Gb (2Gx8) 3200,2025-11-11,33.25
DDR4 8Gb (1Gx8) 3200,2025-11-11,11.857
DDR4 8Gb (512Mx16) 3200,2025-11-11,10.225
DDR5 16Gb (2Gx8) 4800/5600,2025-11-11,23.038
DDR3 4Gb 512Mx8 1600/1866,2025-11-12,3.44
DDR4 16Gb (1Gx16)3200,2025-11-12,35.167
DDR4 16Gb (2Gx8) 3200,2025-11-12,33.95
DDR4 8Gb (1Gx8) 3200,2025-11-12,12.179
DDR4 8Gb (512Mx16) 3200,2025-11-12,10.475
DDR5 16Gb (2Gx8) 4800/5600,2025-11-12,23.819
DDR3 4Gb 512Mx8 1600/1866,2025-11-13,3.476
DDR4 16Gb (2Gx8) 3200,2025-11-13,34.01
DDR4 16Gb (2Gx8) eTT,2025-11-13,7.825
DDR4 8Gb (1Gx8) 3200,2025-11-13,12.286
DDR4 8Gb (1Gx8) eTT,2025-11-13,4.048
DDR5 16Gb (2Gx8) 4800/5600,2025-11-13,24.131
DDR5 16Gb (2Gx8) eTT,2025-11-13,9.95
DDR3 4Gb 512Mx8 1600/1866,2025-11-14,3.524
DDR4 16Gb (2Gx8) 3200,2025-11-14,34.375
DDR4 16Gb (2Gx8) eTT,2025-11-14,7.913
DDR4 8Gb (1Gx8) 3200,2025-11-14,12.543
DDR4 8Gb (1Gx8) eTT,2025-11-14,4.106
DDR5 16Gb (2Gx8) 4800/5600,2025-11-14,24.505
DDR5 16Gb (2Gx8) eTT,2025-11-14,10.1
DDR3 4Gb 512Mx8 1600/1866,2025-11-17,3.524
DDR4 16Gb (2Gx8) 3200,2025-11-17,34.75
DDR4 16Gb (2Gx8) eTT,2025-11-17,8.0
DDR4 8Gb (1Gx8) 3200,2025-11-17,12.757
DDR4 8Gb (1Gx8) eTT,2025-11-17,4.17
DDR5 16Gb (2Gx8) 4800/5600,2025-11-17,24.767
DDR5 16Gb (2Gx8) eTT,2025-11-17,10.3
DDR3 4Gb 512Mx8 1600/1866,2025-11-18,3.534
DDR4 16Gb (2Gx8) 3200,2025-11-18,35.0
DDR4 16Gb (2Gx8) eTT,2025-11-18,8.05
DDR4 8Gb (1Gx8) 3200,2025-11-18,12.757
DDR4 8Gb (1Gx8) eTT,2025-11-18,4.206
DDR5 16Gb (2Gx8) 4800/5600,2025-11-18,24.833
DDR5 16Gb (2Gx8) eTT,2025-11-18,10.5
DDR3 4Gb 512Mx8 1600/1866,2025-11-19,3.534
DDR4 16Gb (2Gx8) 3200,2025-11-19,35.25
DDR4 16Gb (2Gx8) eTT,2025-11-19,8.1
DDR4 8Gb (1Gx8) 3200,2025-11-19,12.821
DDR4 8Gb (1Gx8) eTT,2025-11-19,4.227
DDR5 16Gb (2Gx8) 4800/5600,2025-11-19,24.833
DDR5 16Gb (2Gx8) eTT,2025-11-19,10.6
DDR3 4Gb 512Mx8 1600/1866,2025-11-21,3.58
DDR4 16Gb (2Gx8) 3200,2025-11-21,37.5
DDR4 16Gb (2Gx8) eTT,2025-11-21,8.475
DDR4 8Gb (1Gx8) 3200,2025-11-21,13.614
DDR4 8Gb (1Gx8) eTT,2025-11-21,4.35
DDR5 16Gb (2Gx8) 4800/5600,2025-11-21,25.1
DDR5 16Gb (2Gx8) eTT,2025-11-21,11.0
DDR3 4Gb 512Mx8 1600/1866,2025-11-24,3.581
DDR4 16Gb (2Gx8) 3200,2025-11-24,38.525
DDR4 16Gb (2Gx8) eTT,2025-11-24,8.65
DDR4 8Gb (1Gx8) 3200,2025-11-24,14.15
DDR4 8Gb (1Gx8) eTT,2025-11-24,4.45
DDR5 16Gb (2Gx8) 4800/5600,2025-11-24,25.767
DDR5 16Gb (2Gx8) eTT,2025-11-24,11.2
DDR3 4Gb 512Mx8 1600/1866,2025-11-26,3.581
DDR4 16Gb (2Gx8) 3200,2025-11-26,40.75
DDR4 16Gb (2Gx8) eTT,2025-11-26,9.075
DDR4 8Gb (1Gx8) 3200,2025-11-26,14.914
DDR4 8Gb (1Gx8) eTT,2025-11-26,4.592
DDR5 16Gb (2Gx8) 4800/5600,2025-11-26,26.833
DDR5 16Gb (2Gx8) eTT,2025-11-26,11.82
DDR3 4Gb 512Mx8 1600/1866,2025-11-27,3.584
DDR4 16Gb (2Gx8) 3200,2025-11-27,42.0
DDR4 16Gb (2Gx8) eTT,2025-11-27,9.3
DDR4 8Gb (1Gx8) 3200,2025-11-27,15.429
DDR4 8Gb (1Gx8) eTT,2025-11-27,4.631
DDR5 16Gb (2Gx8) 4800/5600,2025-11-27,27.167
DDR5 16Gb (2Gx8) eTT,2025-11-27,12.2
DDR3 4Gb 512Mx8 1600/1866,2025-11-28,3.584
DDR4 16Gb (2Gx8) 3200,2025-11-28,42.5
DDR4 16Gb (2Gx8) eTT,2025-11-28,9.4
DDR4 8Gb (1Gx8) 3200,2025-11-28,15.9
DDR4 8Gb (1Gx8) eTT,2025-11-28,4.692
DDR5 16Gb (2Gx8) 4800/5600,2025-11-28,27.167
DDR5 16Gb (2Gx8) eTT,2025-11-28,12.5
DDR3 4Gb 512Mx8 1600/1866,2025-12-01,3.584
DDR4 16Gb (2Gx8) 3200,2025-12-01,43.625
DDR4 16Gb (2Gx8) eTT,2025-12-01,9.5
DDR4 8Gb (1Gx8) 3200,2025-12-01,16.314
DDR4 8Gb (1Gx8) eTT,2025-12-01,4.708
DDR5 16Gb (2Gx8) 4800/5600,2025-12-01,27.2
DDR5 16Gb (2Gx8) eTT,2025-12-01,12.53
DDR3 4Gb 512Mx8 1600/1866,2025-12-02,3.584
DDR4 16Gb (2Gx8) 3200,2025-12-02,44.55
DDR4 16Gb (2Gx8) eTT,2025-12-02,9.65
DDR4 8Gb (1Gx8) 3200,2025-12-02,16.514
DDR4 8Gb (1Gx8) eTT,2025-12-02,4.717
DDR5 16Gb (2Gx8) 4800/5600,2025-12-02,27.2
DDR5 16Gb (2Gx8) eTT,2025-12-02,12.53
DDR3 4Gb 512Mx8 1600/1866,2026-01-02,4.023
DDR4 16Gb (2Gx8) 3200,2026-01-02,65.561
DDR4 16Gb (2Gx8) eTT,2026-01-02,12.25
DDR4 8Gb (1Gx8) 3200,2026-01-02,24.496
DDR4 8Gb (1Gx8) eTT,2026-01-02,5.836
DDR5 16Gb (2Gx8) 4800/5600,2026-01-02,29.803
DDR5 16Gb (2Gx8) eTT,2026-01-02,16.4
DDR3 4Gb 512Mx8 1600/1866,2026-01-05,4.045
DDR4 16Gb (2Gx8) 3200,2026-01-05,66.488
DDR4 16Gb (2Gx8) eTT,2026-01-05,12.3
DDR4 8Gb (1Gx8) 3200,2026-01-05,24.983
DDR4 8Gb (1Gx8) eTT,2026-01-05,5.857
DDR5 16Gb (2Gx8) 4800/5600,2026-01-05,30.544
DDR5 16Gb (2Gx8) eTT,2026-01-05,16.8
DDR3 4Gb 512Mx8 1600/1866,2026-01-06,4.068
DDR4 16Gb (2Gx8) 3200,2026-01-06,67.415
DDR4 16Gb (2Gx8) eTT,2026-01-06,12.4
DDR4 8Gb (1Gx8) 3200,2026-01-06,25.086
DDR4 8Gb (1Gx8) eTT,2026-01-06,5.9
DDR5 16Gb (2Gx8) 4800/5600,2026-01-06,31.074
DDR5 16Gb (2Gx8) eTT,2026-01-06,17.2
DDR3 4Gb 512Mx8 1600/1866,2026-01-07,4.091
DDR4 16Gb (2Gx8) 3200,2026-01-07,68.683
DDR4 16Gb (2Gx8) eTT,2026-01-07,12.4
DDR4 8Gb (1Gx8) 3200,2026-01-07,25.407
DDR4 8Gb (1Gx8) eTT,2026-01-07,5.929
DDR5 16Gb (2Gx8) 4800/5600,2026-01-07,31.475
DDR5 16Gb (2Gx8) eTT,2026-01-07,17.5
DDR3 4Gb 512Mx8 1600/1866,2026-01-08,4.091
DDR4 16Gb (2Gx8) 3200,2026-01-08,70.0
DDR4 16Gb (2Gx8) eTT,2026-01-08,12.4
DDR4 8Gb (1Gx8) 3200,2026-01-08,26.214
DDR4 8Gb (1Gx8) eTT,2026-01-08,5.929
DDR5 16Gb (2Gx8) 4800/5600,2026-01-08,31.656
DDR5 16Gb (2Gx8) eTT,2026-01-08,17.8
DDR3 4Gb 512Mx8 1600/1866,2026-01-09,4.175
DDR4 16Gb (2Gx8) 3200,2026-01-09,71.0
DDR4 16Gb (2Gx8) eTT,2026-01-09,12.5
DDR4 8Gb (1Gx8) 3200,2026-01-09,26.821
DDR4 8Gb (1Gx8) eTT,2026-01-09,5.929
DDR5 16Gb (2Gx8) 4800/5600,2026-01-09,31.781
DDR5 16Gb (2Gx8) eTT,2026-01-09,18.0
DDR3 4Gb 512Mx8 1600/1866,2026-01-13,4.32
DDR4 16Gb (2Gx8) 3200,2026-01-13,73.5
DDR4 16Gb (2Gx8) eTT,2026-01-13,12.5
DDR4 8Gb (1Gx8) 3200,2026-01-13,27.857
DDR4 8Gb (1Gx8) eTT,2026-01-13,5.943
DDR5 16Gb (2Gx8) 4800/5600,2026-01-13,33.406
DDR5 16Gb (2Gx8) eTT,2026-01-13,18.6
DDR3 4Gb 512Mx8 1600/1866,2026-01-14,4.389
DDR4 16Gb (2Gx8) 3200,2026-01-14,74.5
DDR4 16Gb (2Gx8) eTT,2026-01-14,12.5
DDR4 8Gb (1Gx8) 3200,2026-01-14,28.357
DDR4 8Gb (1Gx8) eTT,2026-01-14,5.943
DDR5 16Gb (2Gx8) 4800/5600,2026-01-14,34.075
DDR5 16Gb (2Gx8) eTT,2026-01-14,18.8
DDR3 4Gb 512Mx8 1600/1866,2026-01-15,4.491
DDR4 16Gb (2Gx8) 3200,2026-01-15,75.545
DDR4 16Gb (2Gx8) eTT,2026-01-15,12.575
DDR4 8Gb (1Gx8) 3200,2026-01-15,28.5
DDR4 8Gb (1Gx8) eTT,2026-01-15,5.943
DDR5 16Gb (2Gx8) 4800/5600,2026-01-15,34.5
DDR5 16Gb (2Gx8) eTT,2026-01-15,19.0
DDR3 4Gb 512Mx8 1600/1866,2026-01-16,4.564
DDR4 16Gb (2Gx8) 3200,2026-01-16,76.909
DDR4 16Gb (2Gx8) eTT,2026-01-16,12.575
DDR4 8Gb (1Gx8) 3200,2026-01-16,28.885
DDR4 8Gb (1Gx8) eTT,2026-01-16,5.943
DDR5 16Gb (2Gx8) 4800/5600,2026-01-16,35.0
DDR5 16Gb (2Gx8) eTT,2026-01-16,19.1
DDR3 4Gb 512Mx8 1600/1866,2026-01-20,4.75
DDR4 16Gb (2Gx8) 3200,2026-01-20,78.364
DDR4 16Gb (2Gx8) eTT,2026-01-20,12.575
DDR4 8Gb (1Gx8) 3200,2026-01-20,30.077
DDR4 8Gb (1Gx8) eTT,2026-01-20,5.943
DDR5 16Gb (2Gx8) 4800/5600,2026-01-20,36.333
DDR5 16Gb (2Gx8) eTT,2026-01-20,19.2
DDR3 4Gb 512Mx8 1600/1866,2026-01-21,4.889
DDR4 16Gb (2Gx8) 3200,2026-01-21,78.364
DDR4 16Gb (2Gx8) eTT,2026-01-21,12.7
DDR4 8Gb (1Gx8) 3200,2026-01-21,30.3
DDR4 8Gb (1Gx8) eTT,2026-01-21,5.986
DDR5 16Gb (2Gx8) 4800/5600,2026-01-21,36.667
DDR5 16Gb (2Gx8) eTT,2026-01-21,19.2
DDR3 4Gb 512Mx8 1600/1866,2026-01-22,4.945
DDR4 16Gb (2Gx8) 3200,2026-01-22,78.636
DDR4 16Gb (2Gx8) eTT,2026-01-22,12.7
DDR4 8Gb (1Gx8) 3200,2026-01-22,30.3
DDR4 8Gb (1Gx8) eTT,2026-01-22,6.029
DDR5 16Gb (2Gx8) 4800/5600,2026-01-22,36.667
DDR5 16Gb (2Gx8) eTT,2026-01-22,19.2
DDR3 4Gb 512Mx8 1600/1866,2026-01-23,5.025
DDR4 16Gb (2Gx8) 3200,2026-01-23,78.75
DDR4 16Gb (2Gx8) eTT,2026-01-23,12.775
DDR4 8Gb (1Gx8) 3200,2026-01-23,30.7
DDR4 8Gb (1Gx8) eTT,2026-01-23,6.029
DDR5 16Gb (2Gx8) 4800/5600,2026-01-23,36.667
DDR5 16Gb (2Gx8) eTT,2026-01-23,19.2
DDR3 4Gb 512Mx8 1600/1866,2026-01-26,5.148
DDR4 16Gb (2Gx8) 3200,2026-01-26,78.805
DDR4 16Gb (2Gx8) eTT,2026-01-26,12.8
DDR4 8Gb (1Gx8) 3200,2026-01-26,30.9
DDR4 8Gb (1Gx8) eTT,2026-01-26,6.029
DDR5 16Gb (2Gx8) 4800/5600,2026-01-26,36.667
DDR5 16Gb (2Gx8) eTT,2026-01-26,19.3
DDR3 4Gb 512Mx8 1600/1866,2026-01-27,5.17
DDR4 16Gb (2Gx8) 3200,2026-01-27,78.75
DDR4 16Gb (2Gx8) eTT,2026-01-27,12.8
DDR4 8Gb (1Gx8) 3200,2026-01-27,30.9
DDR4 8Gb (1Gx8) eTT,2026-01-27,6.029
DDR5 16Gb (2Gx8) 4800/5600,2026-01-27,36.6
DDR5 16Gb (2Gx8) eTT,2026-01-27,19.3
DDR3 4Gb 512Mx8 1600/1866,2026-01-28,5.209
DDR4 16Gb (2Gx8) 3200,2026-01-28,78.205
DDR4 16Gb (2Gx8) eTT,2026-01-28,12.8
DDR4 8Gb (1Gx8) 3200,2026-01-28,30.86
DDR4 8Gb (1Gx8) eTT,2026-01-28,6.189
DDR5 16Gb (2Gx8) 4800/5600,2026-01-28,36.6
DDR5 16Gb (2Gx8) eTT,2026-01-28,19.3
DDR3 4Gb 512Mx8 1600/1866,2026-01-29,5.332
DDR4 16Gb (2Gx8) 3200,2026-01-29,77.932
DDR4 16Gb (2Gx8) eTT,2026-01-29,12.8
DDR4 8Gb (1Gx8) 3200,2026-01-29,30.86
DDR4 8Gb (1Gx8) eTT,2026-01-29,6.314
DDR5 16Gb (2Gx8) 4800/5600,2026-01-29,36.533
DDR5 16Gb (2Gx8) eTT,2026-01-29,19.4
DDR3 4Gb 512Mx8 1600/1866,2026-02-02,5.4
DDR4 16Gb (2Gx8) 3200,2026-02-02,77.591
DDR4 16Gb (2Gx8) eTT,2026-02-02,13.0
DDR4 8Gb (1Gx8) 3200,2026-02-02,30.9
DDR4 8Gb (1Gx8) eTT,2026-02-02,6.571
DDR5 16Gb (2Gx8) 4800/5600,2026-02-02,38.167
DDR5 16Gb (2Gx8) eTT,2026-02-02,19.5
DDR3 4Gb 512Mx8 1600/1866,2026-02-04,5.468
DDR4 16Gb (2Gx8) 3200,2026-02-04,77.084
DDR4 16Gb (2Gx8) eTT,2026-02-04,13.125
DDR4 8Gb (1Gx8) 3200,2026-02-04,30.86
DDR4 8Gb (1Gx8) eTT,2026-02-04,6.636
DDR5 16Gb (2Gx8) 4800/5600,2026-02-04,37.967
DDR5 16Gb (2Gx8) eTT,2026-02-04,19.7
DDR3 4Gb 512Mx8 1600/1866,2026-02-05,5.48
DDR4 16Gb (2Gx8) 3200,2026-02-05,76.949
DDR4 16Gb (2Gx8) eTT,2026-02-05,13.125
DDR4 8Gb (1Gx8) 3200,2026-02-05,30.84
DDR4 8Gb (1Gx8) eTT,2026-02-05,6.655
DDR5 16Gb (2Gx8) 4800/5600,2026-02-05,37.933
DDR5 16Gb (2Gx8) eTT,2026-02-05,19.7
DDR3 4Gb 512Mx8 1600/1866,2026-02-09,5.507
DDR4 16Gb (2Gx8) 3200,2026-02-09,76.848
DDR4 16Gb (2Gx8) eTT,2026-02-09,13.175
DDR4 8Gb (1Gx8) 3200,2026-02-09,30.9
DDR4 8Gb (1Gx8) eTT,2026-02-09,6.655
DDR5 16Gb (2Gx8) 4800/5600,2026-02-09,37.833
DDR5 16Gb (2Gx8) eTT,2026-02-09,19.7
DDR3 4Gb 512Mx8 1600/1866,2026-02-10,5.507
DDR4 16Gb (2Gx8) 3200,2026-02-10,76.966
DDR4 16Gb (2Gx8) eTT,2026-02-10,13.175
DDR4 8Gb (1Gx8) 3200,2026-02-10,31.1
DDR4 8Gb (1Gx8) eTT,2026-02-10,6.655
DDR5 16Gb (2Gx8) 4800/5600,2026-02-10,38.0
DDR5 16Gb (2Gx8) eTT,2026-02-10,19.8
DDR3 4Gb 512Mx8 1600/1866,2026-02-11,5.523
DDR4 16Gb (2Gx8) 3200,2026-02-11,77.236
DDR4 16Gb (2Gx8) eTT,2026-02-11,13.25
DDR4 8Gb (1Gx8) 3200,2026-02-11,31.34
DDR4 8Gb (1Gx8) eTT,2026-02-11,6.655
DDR5 16Gb (2Gx8) 4800/5600,2026-02-11,38.033
DDR5 16Gb (2Gx8) eTT,2026-02-11,19.9
DDR3 4Gb 512Mx8 1600/1866,2026-04-27,8.175
DDR4 16Gb (2Gx8) 3200,2026-04-27,63.174
DDR4 16Gb (2Gx8) eTT,2026-04-27,13.075
DDR4 8Gb (1Gx8) 3200,2026-04-27,32.5
DDR4 8Gb (1Gx8) eTT,2026-04-27,6.0
DDR5 16Gb (2Gx8) 4800/5600,2026-04-27,38.433
DDR5 16Gb (2Gx8) eTT,2026-04-27,21.9
DDR3 4Gb 512Mx8 1600/1866,2026-04-28,8.225
DDR4 16Gb (2Gx8) 3200,2026-04-28,62.391
DDR4 16Gb (2Gx8) eTT,2026-04-28,13.075
DDR4 8Gb (1Gx8) 3200,2026-04-28,32.5
DDR4 8Gb (1Gx8) eTT,2026-04-28,5.94
DDR5 16Gb (2Gx8) 4800/5600,2026-04-28,38.667
DDR5 16Gb (2Gx8) eTT,2026-04-28,22.0
DDR3 4Gb 512Mx8 1600/1866,2026-04-29,8.3
DDR4 16Gb (2Gx8) 3200,2026-04-29,61.783
DDR4 16Gb (2Gx8) eTT,2026-04-29,13.075
DDR4 8Gb (1Gx8) 3200,2026-04-29,32.48
DDR4 8Gb (1Gx8) eTT,2026-04-29,5.9
DDR5 16Gb (2Gx8) 4800/5600,2026-04-29,38.667
DDR5 16Gb (2Gx8) eTT,2026-04-29,22.0
DDR3 4Gb 512Mx8 1600/1866,2026-04-30,8.375
DDR4 16Gb (2Gx8) 3200,2026-04-30,61.152
DDR4 16Gb (2Gx8) eTT,2026-04-30,13.075
DDR4 8Gb (1Gx8) 3200,2026-04-30,32.48
DDR4 8Gb (1Gx8) eTT,2026-04-30,5.82
DDR5 16Gb (2Gx8) 4800/5600,2026-04-30,39.0
DDR5 16Gb (2Gx8) eTT,2026-04-30,22.0
DDR3 4Gb 512Mx8 1600/1866,2026-05-04,8.45
DDR4 16Gb (2Gx8) 3200,2026-05-04,60.543
DDR4 16Gb (2Gx8) eTT,2026-05-04,13.0
DDR4 8Gb (1Gx8) 3200,2026-05-04,32.4
DDR4 8Gb (1Gx8) eTT,2026-05-04,5.76
DDR5 16Gb (2Gx8) 4800/5600,2026-05-04,38.833
DDR5 16Gb (2Gx8) eTT,2026-05-04,22.0
DDR3 4Gb 512Mx8 1600/1866,2026-05-05,8.475
DDR4 16Gb (2Gx8) 3200,2026-05-05,60.087
DDR4 16Gb (2Gx8) eTT,2026-05-05,13.0
DDR4 8Gb (1Gx8) 3200,2026-05-05,32.4
DDR4 8Gb (1Gx8) eTT,2026-05-05,5.71
DDR5 16Gb (2Gx8) 4800/5600,2026-05-05,38.833
DDR5 16Gb (2Gx8) eTT,2026-05-05,22.0
DDR3 4Gb 512Mx8 1600/1866,2026-05-06,8.525
DDR4 16Gb (2Gx8) 3200,2026-05-06,59.114
DDR4 16Gb (2Gx8) eTT,2026-05-06,12.875
DDR4 8Gb (1Gx8) 3200,2026-05-06,32.0
DDR4 8Gb (1Gx8) eTT,2026-05-06,5.58
DDR5 16Gb (2Gx8) 4800/5600,2026-05-06,38.833
DDR5 16Gb (2Gx8) eTT,2026-05-06,22.0
DDR3 4Gb 512Mx8 1600/1866,2026-05-07,8.625
DDR4 16Gb (2Gx8) 3200,2026-05-07,58.568
DDR4 16Gb (2Gx8) eTT,2026-05-07,12.75
DDR4 8Gb (1Gx8) 3200,2026-05-07,32.0
DDR4 8Gb (1Gx8) eTT,2026-05-07,5.48
DDR5 16Gb (2Gx8) 4800/5600,2026-05-07,39.0
DDR5 16Gb (2Gx8) eTT,2026-05-07,22.1
DDR3 4Gb 512Mx8 1600/1866,2026-05-08,8.725
DDR4 16Gb (2Gx8) 3200,2026-05-08,58.455
DDR4 16Gb (2Gx8) eTT,2026-05-08,12.6
DDR4 8Gb (1Gx8) 3200,2026-05-08,32.1
DDR4 8Gb (1Gx8) eTT,2026-05-08,5.368
DDR5 16Gb (2Gx8) 4800/5600,2026-05-08,39.833
DDR5 16Gb (2Gx8) eTT,2026-05-08,22.1
DDR3 4Gb 512Mx8 1600/1866,2026-05-11,8.775
DDR4 16Gb (2Gx8) 3200,2026-05-11,58.476
DDR4 16Gb (2Gx8) eTT,2026-05-11,12.525
DDR4 8Gb (1Gx8) 3200,2026-05-11,32.3
DDR4 8Gb (1Gx8) eTT,2026-05-11,5.271
DDR5 16Gb (2Gx8) 4800/5600,2026-05-11,40.2
DDR5 16Gb (2Gx8) eTT,2026-05-11,22.1
DDR3 4Gb 512Mx8 1600/1866,2026-05-12,8.875
DDR4 16Gb (2Gx8) 3200,2026-05-12,58.476
DDR4 16Gb (2Gx8) eTT,2026-05-12,12.525
DDR4 8Gb (1Gx8) 3200,2026-05-12,32.3
DDR4 8Gb (1Gx8) eTT,2026-05-12,5.157
DDR5 16Gb (2Gx8) 4800/5600,2026-05-12,40.267
DDR5 16Gb (2Gx8) eTT,2026-05-12,22.1
DDR3 4Gb 512Mx8 1600/1866,2026-05-13,8.95
DDR4 16Gb (2Gx8) 3200,2026-05-13,58.476
DDR4 16Gb (2Gx8) eTT,2026-05-13,12.525
DDR4 8Gb (1Gx8) 3200,2026-05-13,32.2
DDR4 8Gb (1Gx8) eTT,2026-05-13,5.093
DDR5 16Gb (2Gx8) 4800/5600,2026-05-13,40.367
DDR5 16Gb (2Gx8) eTT,2026-05-13,22.1
DDR3 4Gb 512Mx8 1600/1866,2026-05-14,8.963
DDR4 16Gb (2Gx8) 3200,2026-05-14,58.238
DDR4 16Gb (2Gx8) eTT,2026-05-14,12.45
DDR4 8Gb (1Gx8) 3200,2026-05-14,32.1
DDR4 8Gb (1Gx8) eTT,2026-05-14,5.05
DDR5 16Gb (2Gx8) 4800/5600,2026-05-14,40.367
DDR5 16Gb (2Gx8) eTT,2026-05-14,22.2
DDR3 4Gb 512Mx8 1600/1866,2026-05-15,8.988
DDR4 16Gb (2Gx8) 3200,2026-05-15,58.238
DDR4 16Gb (2Gx8) eTT,2026-05-15,12.45
DDR4 8Gb (1Gx8) 3200,2026-05-15,32.0
DDR4 8Gb (1Gx8) eTT,2026-05-15,5.007
DDR5 16Gb (2Gx8) 4800/5600,2026-05-15,40.767
DDR5 16Gb (2Gx8) eTT,2026-05-15,22.3
DDR3 4Gb 512Mx8 1600/1866,2026-05-18,8.988
DDR4 16Gb (2Gx8) 3200,2026-05-18,58.357
DDR4 16Gb (2Gx8) eTT,2026-05-18,12.375
DDR4 8Gb (1Gx8) 3200,2026-05-18,32.0
DDR4 8Gb (1Gx8) eTT,2026-05-18,4.95
DDR5 16Gb (2Gx8) 4800/5600,2026-05-18,41.267
DDR5 16Gb (2Gx8) eTT,2026-05-18,22.5
DDR3 4Gb 512Mx8 1600/1866,2026-05-19,8.988
DDR4 16Gb (2Gx8) 3200,2026-05-19,58.357
DDR4 16Gb (2Gx8) eTT,2026-05-19,12.375
DDR4 8Gb (1Gx8) 3200,2026-05-19,32.0
DDR4 8Gb (1Gx8) eTT,2026-05-19,4.907
DDR5 16Gb (2Gx8) 4800/5600,2026-05-19,41.1
DDR5 16Gb (2Gx8) eTT,2026-05-19,22.5
DDR3 4Gb 512Mx8 1600/1866,2026-05-20,9.038
DDR4 16Gb (2Gx8) 3200,2026-05-20,59.19
DDR4 16Gb (2Gx8) eTT,2026-05-20,12.375
DDR4 8Gb (1Gx8) 3200,2026-05-20,32.1
DDR4 8Gb (1Gx8) eTT,2026-05-20,4.907
DDR5 16Gb (2Gx8) 4800/5600,2026-05-20,40.833
DDR5 16Gb (2Gx8) eTT,2026-05-20,22.5
DDR3 4Gb 512Mx8 1600/1866,2026-05-21,9.088
DDR4 16Gb (2Gx8) 3200,2026-05-21,60.143
DDR4 16Gb (2Gx8) eTT,2026-05-21,12.35
DDR4 8Gb (1Gx8) 3200,2026-05-21,32.9
DDR4 8Gb (1Gx8) eTT,2026-05-21,4.864
DDR5 16Gb (2Gx8) 4800/5600,2026-05-21,41.167
DDR5 16Gb (2Gx8) eTT,2026-05-21,22.5
DDR3 4Gb 512Mx8 1600/1866,2026-05-22,9.163
DDR4 16Gb (2Gx8) 3200,2026-05-22,60.857
DDR4 16Gb (2Gx8) eTT,2026-05-22,12.35
DDR4 8Gb (1Gx8) 3200,2026-05-22,33.3
DDR4 8Gb (1Gx8) eTT,2026-05-22,4.864
DDR5 16Gb (2Gx8) 4800/5600,2026-05-22,41.5
DDR5 16Gb (2Gx8) eTT,2026-05-22,22.5
DDR3 4Gb 512Mx8 1600/1866,2026-05-25,9.163
DDR4 16Gb (2Gx8) 3200,2026-05-25,61.095
DDR4 16Gb (2Gx8) eTT,2026-05-25,12.35
DDR4 8Gb (1Gx8) 3200,2026-05-25,33.5
DDR4 8Gb (1Gx8) eTT,2026-05-25,4.864
DDR5 16Gb (2Gx8) 4800/5600,2026-05-25,41.667
DDR5 16Gb (2Gx8) eTT,2026-05-25,22.5
DDR3 4Gb 512Mx8 1600/1866,2026-05-26,9.213
DDR4 16Gb (2Gx8) 3200,2026-05-26,61.143
DDR4 16Gb (2Gx8) eTT,2026-05-26,12.35
DDR4 8Gb (1Gx8) 3200,2026-05-26,33.6
DDR4 8Gb (1Gx8) eTT,2026-05-26,4.864
DDR5 16Gb (2Gx8) 4800/5600,2026-05-26,41.667
DDR5 16Gb (2Gx8) eTT,2026-05-26,22.5
DDR3 4Gb 512Mx8 1600/1866,2026-05-27,9.213
DDR4 16Gb (2Gx8) 3200,2026-05-27,61.333
DDR4 16Gb (2Gx8) eTT,2026-05-27,12.35
DDR4 8Gb (1Gx8) 3200,2026-05-27,33.6
DDR4 8Gb (1Gx8) eTT,2026-05-27,4.854
DDR5 16Gb (2Gx8) 4800/5600,2026-05-27,41.667
DDR5 16Gb (2Gx8) eTT,2026-05-27,22.5
DDR3 4Gb 512Mx8 1600/1866,2026-05-28,9.275
DDR4 16Gb (2Gx8) 3200,2026-05-28,61.595
DDR4 16Gb (2Gx8) eTT,2026-05-28,12.325
DDR4 8Gb (1Gx8) 3200,2026-05-28,33.8
DDR4 8Gb (1Gx8) eTT,2026-05-28,4.854
DDR5 16Gb (2Gx8) 4800/5600,2026-05-28,41.833
DDR5 16Gb (2Gx8) eTT,2026-05-28,22.5
DDR3 4Gb 512Mx8 1600/1866,2026-06-01,9.475
DDR4 16Gb (2Gx8) 3200,2026-06-01,62.625
DDR4 16Gb (2Gx8) eTT,2026-06-01,12.275
DDR4 8Gb (1Gx8) 3200,2026-06-01,34.5
DDR4 8Gb (1Gx8) eTT,2026-06-01,4.882
DDR5 16Gb (2Gx8) 4800/5600,2026-06-01,42.267
DDR5 16Gb (2Gx8) eTT,2026-06-01,22.5
DDR3 4Gb 512Mx8 1600/1866,2026-06-02,9.625
DDR4 16Gb (2Gx8) 3200,2026-06-02,63.0
DDR4 16Gb (2Gx8) eTT,2026-06-02,12.3
DDR4 8Gb (1Gx8) 3200,2026-06-02,34.8
DDR4 8Gb (1Gx8) eTT,2026-06-02,4.882
DDR5 16Gb (2Gx8) 4800/5600,2026-06-02,42.567
DDR5 16Gb (2Gx8) eTT,2026-06-02,22.6
DDR3 4Gb 512Mx8 1600/1866,2026-06-03,9.8
DDR4 16Gb (2Gx8) 3200,2026-06-03,63.5
DDR4 16Gb (2Gx8) eTT,2026-06-03,12.3
DDR4 8Gb (1Gx8) 3200,2026-06-03,35.12
DDR4 8Gb (1Gx8) eTT,2026-06-03,4.871
DDR5 16Gb (2Gx8) 4800/5600,2026-06-03,42.833
DDR5 16Gb (2Gx8) eTT,2026-06-03,22.65
DDR3 4Gb 512Mx8 1600/1866,2026-06-04,9.9
DDR4 16Gb (2Gx8) 3200,2026-06-04,63.75
DDR4 16Gb (2Gx8) eTT,2026-06-04,12.3
DDR4 8Gb (1Gx8) 3200,2026-06-04,35.42
DDR4 8Gb (1Gx8) eTT,2026-06-04,4.825
DDR5 16Gb (2Gx8) 4800/5600,2026-06-04,43.233
DDR5 16Gb (2Gx8) eTT,2026-06-04,22.65
DDR3 4Gb 512Mx8 1600/1866,2026-06-05,10.025
DDR4 16Gb (2Gx8) 3200,2026-06-05,64.125
DDR4 16Gb (2Gx8) eTT,2026-06-05,12.25
DDR4 8Gb (1Gx8) 3200,2026-06-05,35.5
DDR4 8Gb (1Gx8) eTT,2026-06-05,4.793
DDR5 16Gb (2Gx8) 4800/5600,2026-06-05,43.4
DDR5 16Gb (2Gx8) eTT,2026-06-05,22.7
DDR3 4Gb 512Mx8 1600/1866,2026-06-08,10.167
DDR4 16Gb (2Gx8) 3200,2026-06-08,64.375
DDR4 16Gb (2Gx8) eTT,2026-06-08,12.15
DDR4 8Gb (1Gx8) 3200,2026-06-08,35.7
DDR4 8Gb (1Gx8) eTT,2026-06-08,4.75
DDR5 16Gb (2Gx8) 4800/5600,2026-06-08,43.567
DDR5 16Gb (2Gx8) eTT,2026-06-08,22.7
DDR3 4Gb 512Mx8 1600/1866,2026-06-09,10.314
DDR4 16Gb (2Gx8) 3200,2026-06-09,64.875
DDR4 16Gb (2Gx8) eTT,2026-06-09,12.1
DDR4 8Gb (1Gx8) 3200,2026-06-09,35.9
DDR4 8Gb (1Gx8) eTT,2026-06-09,4.729
DDR5 16Gb (2Gx8) 4800/5600,2026-06-09,44.0
DDR5 16Gb (2Gx8) eTT,2026-06-09,22.8
DDR3 4Gb 512Mx8 1600/1866,2026-06-10,10.433
DDR4 16Gb (2Gx8) 3200,2026-06-10,65.55
DDR4 16Gb (2Gx8) eTT,2026-06-10,12.1
DDR4 8Gb (1Gx8) 3200,2026-06-10,35.9
DDR4 8Gb (1Gx8) eTT,2026-06-10,4.707
DDR5 16Gb (2Gx8) 4800/5600,2026-06-10,44.5
DDR5 16Gb (2Gx8) eTT,2026-06-10,23.0
DDR3 4Gb 512Mx8 1600/1866,2026-06-11,10.548
DDR4 16Gb (2Gx8) 3200,2026-06-11,66.25
DDR4 16Gb (2Gx8) eTT,2026-06-11,11.988
DDR4 8Gb (1Gx8) 3200,2026-06-11,36.1
DDR4 8Gb (1Gx8) eTT,2026-06-11,4.664
DDR5 16Gb (2Gx8) 4800/5600,2026-06-11,44.667
DDR5 16Gb (2Gx8) eTT,2026-06-11,23.0
DDR3 4Gb 512Mx8 1600/1866,2026-06-12,10.671
DDR4 16Gb (2Gx8) 3200,2026-06-12,67.0
DDR4 16Gb (2Gx8) eTT,2026-06-12,11.975
DDR4 8Gb (1Gx8) 3200,2026-06-12,35.9
DDR4 8Gb (1Gx8) eTT,2026-06-12,4.643
DDR5 16Gb (2Gx8) 4800/5600,2026-06-12,44.833
DDR5 16Gb (2Gx8) eTT,2026-06-12,23.0
DDR3 4Gb 512Mx8 1600/1866,2026-06-15,10.743
DDR4 16Gb (2Gx8) 3200,2026-06-15,67.5
DDR4 16Gb (2Gx8) eTT,2026-06-15,11.975
DDR4 8Gb (1Gx8) 3200,2026-06-15,35.8
DDR4 8Gb (1Gx8) eTT,2026-06-15,4.6
DDR5 16Gb (2Gx8) 4800/5600,2026-06-15,45.0
DDR5 16Gb (2Gx8) eTT,2026-06-15,23.0
DDR3 4Gb 512Mx8 1600/1866,2026-06-16,10.857
DDR4 16Gb (2Gx8) 3200,2026-06-16,68.125
DDR4 16Gb (2Gx8) eTT,2026-06-16,11.975
DDR4 8Gb (1Gx8) 3200,2026-06-16,35.8
DDR4 8Gb (1Gx8) eTT,2026-06-16,4.519
DDR5 16Gb (2Gx8) 4800/5600,2026-06-16,45.233
DDR5 16Gb (2Gx8) eTT,2026-06-16,23.2
DDR3 4Gb 512Mx8 1600/1866,2026-06-17,10.952
DDR4 16Gb (2Gx8) 3200,2026-06-17,68.5
DDR4 16Gb (2Gx8) eTT,2026-06-17,11.875
DDR4 8Gb (1Gx8) 3200,2026-06-17,35.8
DDR4 8Gb (1Gx8) eTT,2026-06-17,4.476
DDR5 16Gb (2Gx8) 4800/5600,2026-06-17,45.4
DDR5 16Gb (2Gx8) eTT,2026-06-17,23.2
DDR3 4Gb 512Mx8 1600/1866,2026-06-18,10.976
DDR4 16Gb (2Gx8) 3200,2026-06-18,69.125
DDR4 16Gb (2Gx8) eTT,2026-06-18,11.8
DDR4 8Gb (1Gx8) 3200,2026-06-18,35.9
DDR4 8Gb (1Gx8) eTT,2026-06-18,4.45
DDR5 16Gb (2Gx8) 4800/5600,2026-06-18,46.0
DDR5 16Gb (2Gx8) eTT,2026-06-18,23.5
DDR3 4Gb 512Mx8 1600/1866,2026-06-22,11.152
DDR4 16Gb (2Gx8) 3200,2026-06-22,69.75
DDR4 16Gb (2Gx8) eTT,2026-06-22,11.75
DDR4 8Gb (1Gx8) 3200,2026-06-22,35.9
DDR4 8Gb (1Gx8) eTT,2026-06-22,4.407
DDR5 16Gb (2Gx8) 4800/5600,2026-06-22,46.167
DDR5 16Gb (2Gx8) eTT,2026-06-22,23.5
DDR3 4Gb 512Mx8 1600/1866,2026-06-23,11.271
DDR4 16Gb (2Gx8) 3200,2026-06-23,70.634
DDR4 16Gb (2Gx8) eTT,2026-06-23,11.75
DDR4 8Gb (1Gx8) 3200,2026-06-23,35.9
DDR4 8Gb (1Gx8) eTT,2026-06-23,4.407
DDR5 16Gb (2Gx8) 4800/5600,2026-06-23,46.5
DDR5 16Gb (2Gx8) eTT,2026-06-23,23.5
DDR3 4Gb 512Mx8 1600/1866,2026-06-24,11.386
DDR4 16Gb (2Gx8) 3200,2026-06-24,71.305
DDR4 16Gb (2Gx8) eTT,2026-06-24,11.675
DDR4 8Gb (1Gx8) 3200,2026-06-24,35.9
DDR4 8Gb (1Gx8) eTT,2026-06-24,4.364
DDR5 16Gb (2Gx8) 4800/5600,2026-06-24,46.667
DDR5 16Gb (2Gx8) eTT,2026-06-24,23.5
DDR3 4Gb 512Mx8 1600/1866,2026-06-25,11.5
DDR4 16Gb (2Gx8) 3200,2026-06-25,71.585
DDR4 16Gb (2Gx8) eTT,2026-06-25,11.675
DDR4 8Gb (1Gx8) 3200,2026-06-25,36.0
DDR4 8Gb (1Gx8) eTT,2026-06-25,4.321
DDR5 16Gb (2Gx8) 4800/5600,2026-06-25,46.733
DDR5 16Gb (2Gx8) eTT,2026-06-25,23.5
DDR3 4Gb 512Mx8 1600/1866,2026-06-26,11.571
DDR4 16Gb (2Gx8) 3200,2026-06-26,72.317
DDR4 16Gb (2Gx8) eTT,2026-06-26,11.675
DDR4 8Gb (1Gx8) 3200,2026-06-26,36.0
DDR4 8Gb (1Gx8) eTT,2026-06-26,4.3
DDR5 16Gb (2Gx8) 4800/5600,2026-06-26,46.733
DDR5 16Gb (2Gx8) eTT,2026-06-26,23.5
DDR3 4Gb 512Mx8 1600/1866,2026-06-29,11.762
DDR4 16Gb (2Gx8) 3200,2026-06-29,72.988
DDR4 16Gb (2Gx8) eTT,2026-06-29,11.65
DDR4 8Gb (1Gx8) 3200,2026-06-29,36.0
DDR4 8Gb (1Gx8) eTT,2026-06-29,4.279
DDR5 16Gb (2Gx8) 4800/5600,2026-06-29,46.733
DDR5 16Gb (2Gx8) eTT,2026-06-29,23.5
DDR3 4Gb 512Mx8 1600/1866,2026-06-30,12.038
DDR4 16Gb (2Gx8) 3200,2026-06-30,73.744
DDR4 16Gb (2Gx8) eTT,2026-06-30,11.65
DDR4 8Gb (1Gx8) 3200,2026-06-30,36.0
DDR4 8Gb (1Gx8) eTT,2026-06-30,4.257
DDR5 16Gb (2Gx8) 4800/5600,2026-06-30,46.833
DDR5 16Gb (2Gx8) eTT,2026-06-30,23.5
DDR3 4Gb 512Mx8 1600/1866,2026-07-01,12.171
DDR4 16Gb (2Gx8) 3200,2026-07-01,74.625
DDR4 16Gb (2Gx8) eTT,2026-07-01,11.625
DDR4 8Gb (1Gx8) 3200,2026-07-01,36.1
DDR4 8Gb (1Gx8) eTT,2026-07-01,4.236
DDR5 16Gb (2Gx8) 4800/5600,2026-07-01,46.833
DDR5 16Gb (2Gx8) eTT,2026-07-01,23.3
DDR3 4Gb 512Mx8 1600/1866,2026-07-02,12.341
DDR4 16Gb (2Gx8) 3200,2026-07-02,75.5
DDR4 16Gb (2Gx8) eTT,2026-07-02,11.6
DDR4 8Gb (1Gx8) 3200,2026-07-02,36.34
DDR4 8Gb (1Gx8) eTT,2026-07-02,4.204
DDR5 16Gb (2Gx8) 4800/5600,2026-07-02,46.633
DDR5 16Gb (2Gx8) eTT,2026-07-02,23.3
DDR3 4Gb 512Mx8 1600/1866,2026-07-03,12.476
DDR4 16Gb (2Gx8) 3200,2026-07-03,76.375
DDR4 16Gb (2Gx8) eTT,2026-07-03,11.525
DDR4 8Gb (1Gx8) 3200,2026-07-03,36.54
DDR4 8Gb (1Gx8) eTT,2026-07-03,4.171
DDR5 16Gb (2Gx8) 4800/5600,2026-07-03,46.667
DDR5 16Gb (2Gx8) eTT,2026-07-03,23.25
DDR3 4Gb 512Mx8 1600/1866,2026-07-06,12.675
DDR4 16Gb (2Gx8) 3200,2026-07-06,76.625
DDR4 16Gb (2Gx8) eTT,2026-07-06,11.45
DDR4 8Gb (1Gx8) 3200,2026-07-06,36.74
DDR4 8Gb (1Gx8) eTT,2026-07-06,4.114
DDR5 16Gb (2Gx8) 4800/5600,2026-07-06,47.0
DDR5 16Gb (2Gx8) eTT,2026-07-06,23.3
DDR3 4Gb 512Mx8 1600/1866,2026-07-07,12.75
DDR4 16Gb (2Gx8) 3200,2026-07-07,77.175
DDR4 16Gb (2Gx8) eTT,2026-07-07,11.45
DDR4 8Gb (1Gx8) 3200,2026-07-07,37.14
DDR4 8Gb (1Gx8) eTT,2026-07-07,4.16
DDR5 16Gb (2Gx8) 4800/5600,2026-07-07,47.067
DDR5 16Gb (2Gx8) eTT,2026-07-07,23.3
DDR3 4Gb 512Mx8 1600/1866,2026-07-08,12.825
DDR4 16Gb (2Gx8) 3200,2026-07-08,76.925
DDR4 16Gb (2Gx8) eTT,2026-07-08,11.45
DDR4 8Gb (1Gx8) 3200,2026-07-08,37.34
DDR4 8Gb (1Gx8) eTT,2026-07-08,4.18
DDR5 16Gb (2Gx8) 4800/5600,2026-07-08,47.067
DDR5 16Gb (2Gx8) eTT,2026-07-08,23.3
DDR3 4Gb 512Mx8 1600/1866,2026-07-09,12.875
DDR4 16Gb (2Gx8) 3200,2026-07-09,77.125
DDR4 16Gb (2Gx8) eTT,2026-07-09,11.45
DDR4 8Gb (1Gx8) 3200,2026-07-09,37.4
DDR4 8Gb (1Gx8) eTT,2026-07-09,4.2
DDR5 16Gb (2Gx8) 4800/5600,2026-07-09,47.767
DDR5 16Gb (2Gx8) eTT,2026-07-09,23.5
DDR3 4Gb 512Mx8 1600/1866,2026-07-10,12.925
DDR4 16Gb (2Gx8) 3200,2026-07-10,77.625
DDR4 16Gb (2Gx8) eTT,2026-07-10,11.5
DDR4 8Gb (1Gx8) 3200,2026-07-10,37.8
DDR4 8Gb (1Gx8) eTT,2026-07-10,4.214
DDR5 16Gb (2Gx8) 4800/5600,2026-07-10,47.8
DDR5 16Gb (2Gx8) eTT,2026-07-10,23.6
DDR3 4Gb 512Mx8 1600/1866,2026-07-13,12.95
DDR4 16Gb (2Gx8) 3200,2026-07-13,78.125
DDR4 16Gb (2Gx8) eTT,2026-07-13,11.5
DDR4 8Gb (1Gx8) 3200,2026-07-13,38.5
DDR4 8Gb (1Gx8) eTT,2026-07-13,4.214
DDR5 16Gb (2Gx8) 4800/5600,2026-07-13,48.333
DDR5 16Gb (2Gx8) eTT,2026-07-13,23.6
DDR3 4Gb 512Mx8 1600/1866,2026-07-14,13.05
DDR4 16Gb (2Gx8) 3200,2026-07-14,78.375
DDR4 16Gb (2Gx8) eTT,2026-07-14,11.5
DDR4 8Gb (1Gx8) 3200,2026-07-14,39.2
DDR4 8Gb (1Gx8) eTT,2026-07-14,4.214
DDR5 16Gb (2Gx8) 4800/5600,2026-07-14,48.5
DDR5 16Gb (2Gx8) eTT,2026-07-14,23.6
DDR3 4Gb 512Mx8 1600/1866,2026-07-15,13.175
DDR4 16Gb (2Gx8) 3200,2026-07-15,79.375
DDR4 16Gb (2Gx8) eTT,2026-07-15,11.525
DDR4 8Gb (1Gx8) 3200,2026-07-15,39.8
DDR4 8Gb (1Gx8) eTT,2026-07-15,4.214
DDR5 16Gb (2Gx8) 4800/5600,2026-07-15,48.9
DDR5 16Gb (2Gx8) eTT,2026-07-15,23.62
DDR3 4Gb 512Mx8 1600/1866,2026-07-16,13.175
DDR4 16Gb (2Gx8) 3200,2026-07-16,80.125
DDR4 16Gb (2Gx8) eTT,2026-07-16,11.5
DDR4 8Gb (1Gx8) 3200,2026-07-16,39.9
DDR4 8Gb (1Gx8) eTT,2026-07-16,4.214
DDR5 16Gb (2Gx8) 4800/5600,2026-07-16,49.333
DDR5 16Gb (2Gx8) eTT,2026-07-16,23.62
DDR3 4Gb 512Mx8 1600/1866,2026-07-17,13.175
DDR4 16Gb (2Gx8) 3200,2026-07-17,80.2
DDR4 16Gb (2Gx8) eTT,2026-07-17,11.5
DDR4 8Gb (1Gx8) 3200,2026-07-17,40.5
DDR4 8Gb (1Gx8) eTT,2026-07-17,4.214
DDR5 16Gb (2Gx8) 4800/5600,2026-07-17,49.667
DDR5 16Gb (2Gx8) eTT,2026-07-17,23.62
DDR3 4Gb 512Mx8 1600/1866,2026-07-20,13.175
DDR4 16Gb (2Gx8) 3200,2026-07-20,80.45
DDR4 16Gb (2Gx8) eTT,2026-07-20,11.5
DDR4 8Gb (1Gx8) 3200,2026-07-20,40.8
DDR4 8Gb (1Gx8) eTT,2026-07-20,4.216
DDR5 16Gb (2Gx8) 4800/5600,2026-07-20,49.767
DDR5 16Gb (2Gx8) eTT,2026-07-20,23.62
DDR3 4Gb 512Mx8 1600/1866,2026-07-21,13.175
DDR4 16Gb (2Gx8) 3200,2026-07-21,81.2
DDR4 16Gb (2Gx8) eTT,2026-07-21,11.5
DDR4 8Gb (1Gx8) 3200,2026-07-21,41.1
DDR4 8Gb (1Gx8) eTT,2026-07-21,4.216
DDR5 16Gb (2Gx8) 4800/5600,2026-07-21,50.067
DDR5 16Gb (2Gx8) eTT,2026-07-21,23.62
DDR3 4Gb 512Mx8 1600/1866,2026-07-22,13.25
DDR4 16Gb (2Gx8) 3200,2026-07-22,81.25
DDR4 16Gb (2Gx8) eTT,2026-07-22,11.5
DDR4 8Gb (1Gx8) 3200,2026-07-22,41.5
DDR4 8Gb (1Gx8) eTT,2026-07-22,4.216
DDR5 16Gb (2Gx8) 4800/5600,2026-07-22,50.333
DDR5 16Gb (2Gx8) eTT,2026-07-22,23.62
DDR3 4Gb 512Mx8 1600/1866,2026-07-23,13.31
DDR4 16Gb (2Gx8) 3200,2026-07-23,82.125
DDR4 16Gb (2Gx8) eTT,2026-07-23,11.525
DDR4 8Gb (1Gx8) 3200,2026-07-23,41.6
DDR4 8Gb (1Gx8) eTT,2026-07-23,4.216
DDR5 16Gb (2Gx8) 4800/5600,2026-07-23,50.5
DDR5 16Gb (2Gx8) eTT,2026-07-23,23.62
DDR3 4Gb 512Mx8 1600/1866,2026-07-24,13.429
DDR4 16Gb (2Gx8) 3200,2026-07-24,82.75
DDR4 16Gb (2Gx8) eTT,2026-07-24,11.525
DDR4 8Gb (1Gx8) 3200,2026-07-24,42.143
DDR4 8Gb (1Gx8) eTT,2026-07-24,4.216
DDR5 16Gb (2Gx8) 4800/5600,2026-07-24,50.833
DDR5 16Gb (2Gx8) eTT,2026-07-24,23.62
DDR3 4Gb 512Mx8 1600/1866,2026-07-27,13.595
DDR4 16Gb (2Gx8) 3200,2026-07-27,84.512
DDR4 16Gb (2Gx8) eTT,2026-07-27,11.525
DDR4 8Gb (1Gx8) 3200,2026-07-27,42.077
DDR4 8Gb (1Gx8) eTT,2026-07-27,4.214
DDR5 16Gb (2Gx8) 4800/5600,2026-07-27,50.833
DDR5 16Gb (2Gx8) eTT,2026-07-27,23.62
DDR3 4Gb 512Mx8 1600/1866,2026-07-28,13.738
DDR4 16Gb (2Gx8) 3200,2026-07-28,85.0
DDR4 16Gb (2Gx8) eTT,2026-07-28,11.525
DDR4 8Gb (1Gx8) 3200,2026-07-28,42.077
DDR4 8Gb (1Gx8) eTT,2026-07-28,4.212
DDR5 16Gb (2Gx8) 4800/5600,2026-07-28,50.933
DDR5 16Gb (2Gx8) eTT,2026-07-28,23.63
DDR3 4Gb 512Mx8 1600/1866,2026-07-29,13.81
DDR4 16Gb (2Gx8) 3200,2026-07-29,84.976
DDR4 16Gb (2Gx8) eTT,2026-07-29,11.525
DDR4 8Gb (1Gx8) 3200,2026-07-29,42.041
DDR4 8Gb (1Gx8) eTT,2026-07-29,4.212
DDR5 16Gb (2Gx8) 4800/5600,2026-07-29,50.933
DDR5 16Gb (2Gx8) eTT,2026-07-29,23.63
DDR3 4Gb 512Mx8 1600/1866,2026-07-30,13.81
DDR4 16Gb (2Gx8) 3200,2026-07-30,84.976
DDR4 16Gb (2Gx8) eTT,2026-07-30,11.45
DDR4 8Gb (1Gx8) 3200,2026-07-30,42.13
DDR4 8Gb (1Gx8) eTT,2026-07-30,4.21
DDR5 16Gb (2Gx8) 4800/5600,2026-07-30,50.967
DDR5 16Gb (2Gx8) eTT,2026-07-30,23.63
DDR3 4Gb 512Mx8 1600/1866,2026-07-31,13.81
DDR4 16Gb (2Gx8) 3200,2026-07-31,85.22
DDR4 16Gb (2Gx8) eTT,2026-07-31,11.45
DDR4 8Gb (1Gx8) 3200,2026-07-31,42.112
DDR4 8Gb (1Gx8) eTT,2026-07-31,4.21
DDR5 16Gb (2Gx8) 4800/5600,2026-07-31,50.967
DDR5 16Gb (2Gx8) eTT,2026-07-31,23.63
DDR3 4Gb 512Mx8 1600/1866,2026-08-03,13.838
DDR4 16Gb (2Gx8) 3200,2026-08-03,85.707
DDR4 16Gb (2Gx8) eTT,2026-08-03,11.45
DDR4 8Gb (1Gx8) 3200,2026-08-03,42.112
DDR4 8Gb (1Gx8) eTT,2026-08-03,4.21
DDR5 16Gb (2Gx8) 4800/5600,2026-08-03,51.333
DDR5 16Gb (2Gx8) eTT,2026-08-03,23.63
DDR3 4Gb 512Mx8 1600/1866,2026-08-04,13.867
DDR4 16Gb (2Gx8) 3200,2026-08-04,85.951
DDR4 16Gb (2Gx8) eTT,2026-08-04,11.4
DDR4 8Gb (1Gx8) 3200,2026-08-04,42.112
DDR4 8Gb (1Gx8) eTT,2026-08-04,4.208
DDR5 16Gb (2Gx8) 4800/5600,2026-08-04,51.333
DDR5 16Gb (2Gx8) eTT,2026-08-04,23.64
DDR3 4Gb 512Mx8 1600/1866,2026-08-05,13.919
DDR4 16Gb (2Gx8) 3200,2026-08-05,86.683
DDR4 16Gb (2Gx8) eTT,2026-08-05,11.4
DDR4 8Gb (1Gx8) 3200,2026-08-05,42.112
DDR4 8Gb (1Gx8) eTT,2026-08-05,4.208
DDR5 16Gb (2Gx8) 4800/5600,2026-08-05,51.333
DDR5 16Gb (2Gx8) eTT,2026-08-05,23.64
DDR3 4Gb 512Mx8 1600/1866,2026-08-06,13.948
DDR4 16Gb (2Gx8) 3200,2026-08-06,86.683
DDR4 16Gb (2Gx8) eTT,2026-08-06,11.4
DDR4 8Gb (1Gx8) 3200,2026-08-06,42.237
DDR4 8Gb (1Gx8) eTT,2026-08-06,4.208
DDR5 16Gb (2Gx8) 4800/5600,2026-08-06,51.5
DDR5 16Gb (2Gx8) eTT,2026-08-06,23.64
DDR3 4Gb 512Mx8 1600/1866,2026-08-07,13.976
DDR4 16Gb (2Gx8) 3200,2026-08-07,86.268
DDR4 16Gb (2Gx8) eTT,2026-08-07,11.4
DDR4 8Gb (1Gx8) 3200,2026-08-07,42.45
DDR4 8Gb (1Gx8) eTT,2026-08-07,4.208
DDR5 16Gb (2Gx8) 4800/5600,2026-08-07,51.6
DDR5 16Gb (2Gx8) eTT,2026-08-07,23.64
DDR3 4Gb 512Mx8 1600/1866,2026-08-10,14.024
DDR4 16Gb (2Gx8) 3200,2026-08-10,86.744
DDR4 16Gb (2Gx8) eTT,2026-08-10,11.4
DDR4 8Gb (1Gx8) 3200,2026-08-10,42.45
DDR4 8Gb (1Gx8) eTT,2026-08-10,4.208
DDR5 16Gb (2Gx8) 4800/5600,2026-08-10,51.767
DDR5 16Gb (2Gx8) eTT,2026-08-10,23.64
DDR3 4Gb 512Mx8 1600/1866,2026-08-11,14.024
DDR4 16Gb (2Gx8) 3200,2026-08-11,86.866
DDR4 16Gb (2Gx8) eTT,2026-08-11,11.375
DDR4 8Gb (1Gx8) 3200,2026-08-11,42.504
DDR4 8Gb (1Gx8) eTT,2026-08-11,4.206
DDR5 16Gb (2Gx8) 4800/5600,2026-08-11,52.133
DDR5 16Gb (2Gx8) eTT,2026-08-11,23.64
DDR3 4Gb 512Mx8 1600/1866,2026-08-13,13.978
DDR4 16Gb (2Gx8) 3200,2026-08-13,87.72
DDR4 16Gb (2Gx8) eTT,2026-08-13,11.325
DDR4 8Gb (1Gx8) 3200,2026-08-13,42.61
DDR4 8Gb (1Gx8) eTT,2026-08-13,4.208
DDR5 16Gb (2Gx8) 4800/5600,2026-08-13,52.7
DDR5 16Gb (2Gx8) eTT,2026-08-13,23.65
DDR3 4Gb 512Mx8 1600/1866,2026-08-14,13.978
DDR4 16Gb (2Gx8) 3200,2026-08-14,88.207
DDR4 16Gb (2Gx8) eTT,2026-08-14,11.325
DDR4 8Gb (1Gx8) 3200,2026-08-14,42.717
DDR4 8Gb (1Gx8) eTT,2026-08-14,4.219
DDR5 16Gb (2Gx8) 4800/5600,2026-08-14,52.733
DDR5 16Gb (2Gx8) eTT,2026-08-14,23.65
DDR3 4Gb 512Mx8 1600/1866,2026-08-17,13.982
DDR4 16Gb (2Gx8) 3200,2026-08-17,88.939
DDR4 16Gb (2Gx8) eTT,2026-08-17,11.325
DDR4 8Gb (1Gx8) 3200,2026-08-17,42.895
DDR4 8Gb (1Gx8) eTT,2026-08-17,4.229
DDR5 16Gb (2Gx8) 4800/5600,2026-08-17,52.733
DDR5 16Gb (2Gx8) eTT,2026-08-17,23.65
DDR3 4Gb 512Mx8 1600/1866,2026-08-18,13.991
DDR4 16Gb (2Gx8) 3200,2026-08-18,89.427
DDR4 16Gb (2Gx8) eTT,2026-08-18,11.325
DDR4 8Gb (1Gx8) 3200,2026-08-18,42.895
DDR4 8Gb (1Gx8) eTT,2026-08-18,4.236
DDR5 16Gb (2Gx8) 4800/5600,2026-08-18,52.733
DDR5 16Gb (2Gx8) eTT,2026-08-18,23.65
DDR3 4Gb 512Mx8 1600/1866,2026-08-19,13.961
DDR4 16Gb (2Gx8) 3200,2026-08-19,90.098
DDR4 16Gb (2Gx8) eTT,2026-08-19,11.275
DDR4 8Gb (1Gx8) 3200,2026-08-19,43.073
DDR4 8Gb (1Gx8) eTT,2026-08-19,4.236
DDR5 16Gb (2Gx8) 4800/5600,2026-08-19,53.267
DDR5 16Gb (2Gx8) eTT,2026-08-19,23.65
DDR3 4Gb 512Mx8 1600/1866,2026-08-20,13.951
DDR4 16Gb (2Gx8) 3200,2026-08-20,90.585
DDR4 16Gb (2Gx8) eTT,2026-08-20,11.288
DDR4 8Gb (1Gx8) 3200,2026-08-20,43.138
DDR4 8Gb (1Gx8) eTT,2026-08-20,4.239
DDR5 16Gb (2Gx8) 4800/5600,2026-08-20,53.767
DDR5 16Gb (2Gx8) eTT,2026-08-20,23.66
DDR3 4Gb 512Mx8 1600/1866,2026-08-21,13.947
DDR4 16Gb (2Gx8) 3200,2026-08-21,91.073
DDR4 16Gb (2Gx8) eTT,2026-08-21,11.325
DDR4 8Gb (1Gx8) 3200,2026-08-21,43.288
DDR4 8Gb (1Gx8) eTT,2026-08-21,4.246
DDR5 16Gb (2Gx8) 4800/5600,2026-08-21,54.1
DDR5 16Gb (2Gx8) eTT,2026-08-21,23.7
DDR3 4Gb 512Mx8 1600/1866,2026-08-24,13.947
DDR4 16Gb (2Gx8) 3200,2026-08-24,91.317
DDR4 16Gb (2Gx8) eTT,2026-08-24,11.3
DDR4 8Gb (1Gx8) 3200,2026-08-24,43.288
DDR4 8Gb (1Gx8) eTT,2026-08-24,4.262
DDR5 16Gb (2Gx8) 4800/5600,2026-08-24,54.167
DDR5 16Gb (2Gx8) eTT,2026-08-24,23.75
DDR3 4Gb 512Mx8 1600/1866,2026-08-25,13.947
DDR4 16Gb (2Gx8) 3200,2026-08-25,90.561
DDR4 16Gb (2Gx8) eTT,2026-08-25,11.325
DDR4 8Gb (1Gx8) 3200,2026-08-25,43.377
DDR4 8Gb (1Gx8) eTT,2026-08-25,4.262
DDR5 16Gb (2Gx8) 4800/5600,2026-08-25,54.167
DDR5 16Gb (2Gx8) eTT,2026-08-25,23.75
DDR3 4Gb 512Mx8 1600/1866,2026-08-26,13.947
DDR4 16Gb (2Gx8) 3200,2026-08-26,91.049
DDR4 16Gb (2Gx8) eTT,2026-08-26,11.375
DDR4 8Gb (1Gx8) 3200,2026-08-26,43.637
DDR4 8Gb (1Gx8) eTT,2026-08-26,4.266
DDR5 16Gb (2Gx8) 4800/5600,2026-08-26,54.167
DDR5 16Gb (2Gx8) eTT,2026-08-26,23.75
DDR3 4Gb 512Mx8 1600/1866,2026-08-27,13.932
DDR4 16Gb (2Gx8) 3200,2026-08-27,91.049
DDR4 16Gb (2Gx8) eTT,2026-08-27,11.425
DDR4 8Gb (1Gx8) 3200,2026-08-27,44.011
DDR4 8Gb (1Gx8) eTT,2026-08-27,4.362
DDR5 16Gb (2Gx8) 4800/5600,2026-08-27,53.933
DDR5 16Gb (2Gx8) eTT,2026-08-27,23.8
DDR3 4Gb 512Mx8 1600/1866,2026-08-28,13.883
DDR4 16Gb (2Gx8) 3200,2026-08-28,91.293
DDR4 16Gb (2Gx8) eTT,2026-08-28,11.475
DDR4 8Gb (1Gx8) 3200,2026-08-28,44.189
DDR4 8Gb (1Gx8) eTT,2026-08-28,4.443
DDR5 16Gb (2Gx8) 4800/5600,2026-08-28,53.933
DDR5 16Gb (2Gx8) eTT,2026-08-28,23.8
DDR3 4Gb 512Mx8 1600/1866,2026-08-31,13.854
DDR4 16Gb (2Gx8) 3200,2026-08-31,91.78
DDR4 16Gb (2Gx8) eTT,2026-08-31,11.525
DDR4 8Gb (1Gx8) 3200,2026-08-31,44.367
DDR4 8Gb (1Gx8) eTT,2026-08-31,4.5
DDR5 16Gb (2Gx8) 4800/5600,2026-08-31,53.933
DDR5 16Gb (2Gx8) eTT,2026-08-31,23.8
DDR3 4Gb 512Mx8 1600/1866,2026-09-01,13.854
DDR4 16Gb (2Gx8) 3200,2026-09-01,92.024
DDR4 16Gb (2Gx8) eTT,2026-09-01,11.575
DDR4 8Gb (1Gx8) 3200,2026-09-01,44.544
DDR4 8Gb (1Gx8) eTT,2026-09-01,4.567
DDR5 16Gb (2Gx8) 4800/5600,2026-09-01,53.983
DDR5 16Gb (2Gx8) eTT,2026-09-01,23.9
DDR3 4Gb 512Mx8 1600/1866,2026-09-02,13.83
DDR4 16Gb (2Gx8) 3200,2026-09-02,92.649
DDR4 16Gb (2Gx8) eTT,2026-09-02,11.675
DDR4 8Gb (1Gx8) 3200,2026-09-02,44.571
DDR4 8Gb (1Gx8) eTT,2026-09-02,4.68
DDR5 16Gb (2Gx8) 4800/5600,2026-09-02,54.25
DDR5 16Gb (2Gx8) eTT,2026-09-02,24.0
