date,signal,code
2026-10-02,rev_accel,2059
2026-10-02,rev_accel,2305
2026-10-02,rev_accel,2337
2026-10-02,rev_accel,2344
2026-10-02,rev_accel,2347
2026-10-02,rev_accel,2360
2026-10-02,rev_accel,2382
2026-10-02,rev_accel,2383
2026-10-02,rev_accel,2425
2026-10-02,rev_accel,2465
2026-10-02,rev_accel,2467
2026-10-02,rev_accel,3006
2026-10-02,rev_accel,3036
2026-10-02,rev_accel,3041
2026-10-02,rev_accel,3081
2026-10-02,rev_accel,3167
2026-10-02,rev_accel,3231
2026-10-02,rev_accel,3260
2026-10-02,rev_accel,3443
2026-10-02,rev_accel,3498
2026-10-02,rev_accel,3702
2026-10-02,rev_accel,4542
2026-10-02,rev_accel,4916
2026-10-02,rev_accel,4931
2026-10-02,rev_accel,4949
2026-10-02,rev_accel,4973
2026-10-02,rev_accel,4989
2026-10-02,rev_accel,5263
2026-10-02,rev_accel,5274
2026-10-02,rev_accel,5289
2026-10-02,rev_accel,5351
2026-10-02,rev_accel,5386
2026-10-02,rev_accel,5475
2026-10-02,rev_accel,5498
2026-10-02,rev_accel,6113
2026-10-02,rev_accel,6179
2026-10-02,rev_accel,6196
2026-10-02,rev_accel,6209
2026-10-02,rev_accel,6227
2026-10-02,rev_accel,6274
2026-10-02,rev_accel,6419
2026-10-02,rev_accel,6446
2026-10-02,rev_accel,6515
2026-10-02,rev_accel,6531
2026-10-02,rev_accel,6613
2026-10-02,rev_accel,6672
2026-10-02,rev_accel,6691
2026-10-02,rev_accel,6693
2026-10-02,rev_accel,6716
2026-10-02,rev_accel,6739
2026-10-02,rev_accel,6834
2026-10-02,rev_accel,6863
2026-10-02,rev_accel,7631
2026-10-02,rev_accel,8021
2026-10-02,rev_accel,8068
2026-10-02,rev_accel,8112
2026-10-02,rev_accel,8299
2026-10-02,rev_accel,8383
2026-10-02,rev_accel,8499
2026-10-02,rev_accel,8926
2026-10-02,trust_start,1477
2026-10-02,trust_start,2105
2026-10-02,trust_start,2207
2026-10-02,trust_start,2308
2026-10-02,trust_start,2330
2026-10-02,trust_start,2408
2026-10-02,trust_start,2451
2026-10-02,trust_start,2458
2026-10-02,trust_start,2880
2026-10-02,trust_start,3037
2026-10-02,trust_start,3042
2026-10-02,trust_start,3189
2026-10-02,trust_start,4991
2026-10-02,trust_start,5880
2026-10-02,trust_start,6213
2026-10-02,trust_start,6239
2026-10-02,trust_start,6257
2026-10-02,trust_start,6691
2026-10-02,trust_start,6789
2026-10-02,trust_start,7751
2026-10-02,trust_start,8046
2026-10-02,trust_start,8299
2026-10-02,value_yield,1264
2026-10-02,value_yield,1307
2026-10-02,value_yield,1476
2026-10-02,value_yield,1593
2026-10-02,value_yield,1608
2026-10-02,value_yield,1615
2026-10-02,value_yield,1707
2026-10-02,value_yield,1720
2026-10-02,value_yield,1730
2026-10-02,value_yield,1731
2026-10-02,value_yield,1783
2026-10-02,value_yield,1817
2026-10-02,value_yield,2013
2026-10-02,value_yield,2442
2026-10-02,value_yield,2536
2026-10-02,value_yield,2539
2026-10-02,value_yield,2820
2026-10-02,value_yield,3025
2026-10-02,value_yield,3052
2026-10-02,value_yield,3130
2026-10-02,value_yield,3188
2026-10-02,value_yield,3218
2026-10-02,value_yield,3356
2026-10-02,value_yield,3611
2026-10-02,value_yield,3622
2026-10-02,value_yield,3708
2026-10-02,value_yield,4105
2026-10-02,value_yield,4129
2026-10-02,value_yield,4153
2026-10-02,value_yield,4167
2026-10-02,value_yield,4175
2026-10-02,value_yield,4305
2026-10-02,value_yield,4702
2026-10-02,value_yield,4754
2026-10-02,value_yield,5203
2026-10-02,value_yield,5287
2026-10-02,value_yield,5312
2026-10-02,value_yield,5410
2026-10-02,value_yield,5511
2026-10-02,value_yield,5515
2026-10-02,value_yield,5522
2026-10-02,value_yield,5525
2026-10-02,value_yield,6005
2026-10-02,value_yield,6016
2026-10-02,value_yield,6023
2026-10-02,value_yield,6024
2026-10-02,value_yield,6143
2026-10-02,value_yield,6556
2026-10-02,value_yield,6592
2026-10-02,value_yield,6596
2026-10-02,value_yield,6625
2026-10-02,value_yield,6669
2026-10-02,value_yield,6697
2026-10-02,value_yield,6803
2026-10-02,value_yield,8341
2026-10-02,value_yield,8410
2026-10-02,value_yield,8424
2026-10-02,value_yield,8432
2026-10-02,value_yield,8435
2026-10-02,value_yield,8436
2026-10-05,rev_accel,2059
2026-10-05,rev_accel,2305
2026-10-05,rev_accel,2337
2026-10-05,rev_accel,2344
2026-10-05,rev_accel,2347
2026-10-05,rev_accel,2360
2026-10-05,rev_accel,2382
2026-10-05,rev_accel,2383
2026-10-05,rev_accel,2425
2026-10-05,rev_accel,2465
2026-10-05,rev_accel,2467
2026-10-05,rev_accel,3006
2026-10-05,rev_accel,3036
2026-10-05,rev_accel,3041
2026-10-05,rev_accel,3081
2026-10-05,rev_accel,3167
2026-10-05,rev_accel,3231
2026-10-05,rev_accel,3260
2026-10-05,rev_accel,3443
2026-10-05,rev_accel,3498
2026-10-05,rev_accel,3702
2026-10-05,rev_accel,4542
2026-10-05,rev_accel,4916
2026-10-05,rev_accel,4931
2026-10-05,rev_accel,4949
2026-10-05,rev_accel,4973
2026-10-05,rev_accel,4989
2026-10-05,rev_accel,5263
2026-10-05,rev_accel,5274
2026-10-05,rev_accel,5289
2026-10-05,rev_accel,5351
2026-10-05,rev_accel,5386
2026-10-05,rev_accel,5475
2026-10-05,rev_accel,5498
2026-10-05,rev_accel,6113
2026-10-05,rev_accel,6179
2026-10-05,rev_accel,6196
2026-10-05,rev_accel,6209
2026-10-05,rev_accel,6227
2026-10-05,rev_accel,6274
2026-10-05,rev_accel,6419
2026-10-05,rev_accel,6446
2026-10-05,rev_accel,6515
2026-10-05,rev_accel,6531
2026-10-05,rev_accel,6613
2026-10-05,rev_accel,6672
2026-10-05,rev_accel,6691
2026-10-05,rev_accel,6693
2026-10-05,rev_accel,6716
2026-10-05,rev_accel,6739
2026-10-05,rev_accel,6834
2026-10-05,rev_accel,6863
2026-10-05,rev_accel,7631
2026-10-05,rev_accel,8021
2026-10-05,rev_accel,8068
2026-10-05,rev_accel,8112
2026-10-05,rev_accel,8299
2026-10-05,rev_accel,8383
2026-10-05,rev_accel,8499
2026-10-05,rev_accel,8926
2026-10-05,trust_start,2308
2026-10-05,trust_start,2327
2026-10-05,trust_start,2330
2026-10-05,trust_start,2337
2026-10-05,trust_start,2441
2026-10-05,trust_start,2451
2026-10-05,trust_start,2458
2026-10-05,trust_start,3042
2026-10-05,trust_start,3189
2026-10-05,trust_start,4966
2026-10-05,trust_start,4991
2026-10-05,trust_start,6213
2026-10-05,trust_start,6239
2026-10-05,trust_start,6257
2026-10-05,trust_start,6488
2026-10-05,trust_start,6526
2026-10-05,trust_start,6691
2026-10-05,trust_start,6789
2026-10-05,trust_start,8046
2026-10-05,trust_start,8299
2026-10-05,value_yield,1264
2026-10-05,value_yield,1307
2026-10-05,value_yield,1476
2026-10-05,value_yield,1580
2026-10-05,value_yield,1593
2026-10-05,value_yield,1608
2026-10-05,value_yield,1615
2026-10-05,value_yield,1707
2026-10-05,value_yield,1720
2026-10-05,value_yield,1730
2026-10-05,value_yield,1731
2026-10-05,value_yield,1783
2026-10-05,value_yield,1817
2026-10-05,value_yield,2013
2026-10-05,value_yield,2442
2026-10-05,value_yield,2496
2026-10-05,value_yield,2536
2026-10-05,value_yield,2539
2026-10-05,value_yield,2752
2026-10-05,value_yield,2812
2026-10-05,value_yield,2820
2026-10-05,value_yield,3025
2026-10-05,value_yield,3052
2026-10-05,value_yield,3130
2026-10-05,value_yield,3188
2026-10-05,value_yield,3218
2026-10-05,value_yield,3356
2026-10-05,value_yield,3611
2026-10-05,value_yield,3708
2026-10-05,value_yield,4105
2026-10-05,value_yield,4129
2026-10-05,value_yield,4153
2026-10-05,value_yield,4167
2026-10-05,value_yield,4175
2026-10-05,value_yield,4305
2026-10-05,value_yield,4702
2026-10-05,value_yield,4754
2026-10-05,value_yield,5287
2026-10-05,value_yield,5312
2026-10-05,value_yield,5410
2026-10-05,value_yield,5511
2026-10-05,value_yield,5515
2026-10-05,value_yield,5522
2026-10-05,value_yield,5525
2026-10-05,value_yield,5706
2026-10-05,value_yield,6023
2026-10-05,value_yield,6024
2026-10-05,value_yield,6143
2026-10-05,value_yield,6170
2026-10-05,value_yield,6556
2026-10-05,value_yield,6592
2026-10-05,value_yield,6596
2026-10-05,value_yield,6625
2026-10-05,value_yield,6669
2026-10-05,value_yield,6803
2026-10-05,value_yield,8341
2026-10-05,value_yield,8410
2026-10-05,value_yield,8424
2026-10-05,value_yield,8435
2026-10-05,value_yield,8436
2026-10-06,rev_accel,2059
2026-10-06,rev_accel,2305
2026-10-06,rev_accel,2337
2026-10-06,rev_accel,2344
2026-10-06,rev_accel,2347
2026-10-06,rev_accel,2360
2026-10-06,rev_accel,2382
2026-10-06,rev_accel,2383
2026-10-06,rev_accel,2425
2026-10-06,rev_accel,2465
2026-10-06,rev_accel,2467
2026-10-06,rev_accel,3006
2026-10-06,rev_accel,3036
2026-10-06,rev_accel,3041
2026-10-06,rev_accel,3081
2026-10-06,rev_accel,3167
2026-10-06,rev_accel,3231
2026-10-06,rev_accel,3260
2026-10-06,rev_accel,3443
2026-10-06,rev_accel,3498
2026-10-06,rev_accel,3702
2026-10-06,rev_accel,4542
2026-10-06,rev_accel,4916
2026-10-06,rev_accel,4931
2026-10-06,rev_accel,4949
2026-10-06,rev_accel,4973
2026-10-06,rev_accel,4989
2026-10-06,rev_accel,5263
2026-10-06,rev_accel,5274
2026-10-06,rev_accel,5289
2026-10-06,rev_accel,5351
2026-10-06,rev_accel,5386
2026-10-06,rev_accel,5475
2026-10-06,rev_accel,5498
2026-10-06,rev_accel,6113
2026-10-06,rev_accel,6179
2026-10-06,rev_accel,6196
2026-10-06,rev_accel,6209
2026-10-06,rev_accel,6227
2026-10-06,rev_accel,6274
2026-10-06,rev_accel,6419
2026-10-06,rev_accel,6446
2026-10-06,rev_accel,6515
2026-10-06,rev_accel,6531
2026-10-06,rev_accel,6613
2026-10-06,rev_accel,6672
2026-10-06,rev_accel,6691
2026-10-06,rev_accel,6693
2026-10-06,rev_accel,6716
2026-10-06,rev_accel,6739
2026-10-06,rev_accel,6834
2026-10-06,rev_accel,6863
2026-10-06,rev_accel,7631
2026-10-06,rev_accel,8021
2026-10-06,rev_accel,8068
2026-10-06,rev_accel,8112
2026-10-06,rev_accel,8299
2026-10-06,rev_accel,8383
2026-10-06,rev_accel,8499
2026-10-06,rev_accel,8926
2026-10-06,trust_start,2308
2026-10-06,trust_start,2313
2026-10-06,trust_start,2330
2026-10-06,trust_start,2421
2026-10-06,trust_start,2441
2026-10-06,trust_start,2451
2026-10-06,trust_start,2458
2026-10-06,trust_start,3008
2026-10-06,trust_start,3131
2026-10-06,trust_start,3661
2026-10-06,trust_start,4966
2026-10-06,trust_start,6213
2026-10-06,trust_start,6239
2026-10-06,trust_start,6257
2026-10-06,trust_start,6274
2026-10-06,trust_start,6488
2026-10-06,trust_start,6526
2026-10-06,trust_start,6548
2026-10-06,trust_start,6691
2026-10-06,trust_start,6789
2026-10-06,trust_start,8046
2026-10-06,value_yield,1264
2026-10-06,value_yield,1307
2026-10-06,value_yield,1476
2026-10-06,value_yield,1580
2026-10-06,value_yield,1593
2026-10-06,value_yield,1608
2026-10-06,value_yield,1615
2026-10-06,value_yield,1707
2026-10-06,value_yield,1720
2026-10-06,value_yield,1730
2026-10-06,value_yield,1731
2026-10-06,value_yield,1783
2026-10-06,value_yield,1817
2026-10-06,value_yield,2013
2026-10-06,value_yield,2442
2026-10-06,value_yield,2496
2026-10-06,value_yield,2536
2026-10-06,value_yield,2539
2026-10-06,value_yield,2614
2026-10-06,value_yield,2820
2026-10-06,value_yield,3025
2026-10-06,value_yield,3046
2026-10-06,value_yield,3052
2026-10-06,value_yield,3130
2026-10-06,value_yield,3188
2026-10-06,value_yield,3218
2026-10-06,value_yield,3356
2026-10-06,value_yield,3611
2026-10-06,value_yield,3708
2026-10-06,value_yield,4105
2026-10-06,value_yield,4107
2026-10-06,value_yield,4116
2026-10-06,value_yield,4129
2026-10-06,value_yield,4153
2026-10-06,value_yield,4167
2026-10-06,value_yield,4175
2026-10-06,value_yield,4305
2026-10-06,value_yield,4702
2026-10-06,value_yield,4754
2026-10-06,value_yield,5203
2026-10-06,value_yield,5287
2026-10-06,value_yield,5312
2026-10-06,value_yield,5410
2026-10-06,value_yield,5511
2026-10-06,value_yield,5522
2026-10-06,value_yield,5525
2026-10-06,value_yield,6016
2026-10-06,value_yield,6023
2026-10-06,value_yield,6024
2026-10-06,value_yield,6143
2026-10-06,value_yield,6556
2026-10-06,value_yield,6592
2026-10-06,value_yield,6596
2026-10-06,value_yield,6625
2026-10-06,value_yield,6803
2026-10-06,value_yield,8341
2026-10-06,value_yield,8410
2026-10-06,value_yield,8424
2026-10-06,value_yield,8435
2026-10-06,value_yield,8436
2026-10-07,rev_accel,2059
2026-10-07,rev_accel,2305
2026-10-07,rev_accel,2337
2026-10-07,rev_accel,2344
2026-10-07,rev_accel,2347
2026-10-07,rev_accel,2360
2026-10-07,rev_accel,2382
2026-10-07,rev_accel,2383
2026-10-07,rev_accel,2425
2026-10-07,rev_accel,2465
2026-10-07,rev_accel,2467
2026-10-07,rev_accel,3006
2026-10-07,rev_accel,3036
2026-10-07,rev_accel,3041
2026-10-07,rev_accel,3081
2026-10-07,rev_accel,3167
2026-10-07,rev_accel,3231
2026-10-07,rev_accel,3260
2026-10-07,rev_accel,3443
2026-10-07,rev_accel,3498
2026-10-07,rev_accel,3702
2026-10-07,rev_accel,4542
2026-10-07,rev_accel,4916
2026-10-07,rev_accel,4931
2026-10-07,rev_accel,4949
2026-10-07,rev_accel,4973
2026-10-07,rev_accel,4989
2026-10-07,rev_accel,5263
2026-10-07,rev_accel,5274
2026-10-07,rev_accel,5289
2026-10-07,rev_accel,5351
2026-10-07,rev_accel,5386
2026-10-07,rev_accel,5475
2026-10-07,rev_accel,5498
2026-10-07,rev_accel,6113
2026-10-07,rev_accel,6179
2026-10-07,rev_accel,6196
2026-10-07,rev_accel,6209
2026-10-07,rev_accel,6227
2026-10-07,rev_accel,6274
2026-10-07,rev_accel,6419
2026-10-07,rev_accel,6446
2026-10-07,rev_accel,6515
2026-10-07,rev_accel,6531
2026-10-07,rev_accel,6613
2026-10-07,rev_accel,6672
2026-10-07,rev_accel,6691
2026-10-07,rev_accel,6693
2026-10-07,rev_accel,6716
2026-10-07,rev_accel,6739
2026-10-07,rev_accel,6834
2026-10-07,rev_accel,6863
2026-10-07,rev_accel,7631
2026-10-07,rev_accel,8021
2026-10-07,rev_accel,8068
2026-10-07,rev_accel,8112
2026-10-07,rev_accel,8299
2026-10-07,rev_accel,8383
2026-10-07,rev_accel,8499
2026-10-07,rev_accel,8926
2026-10-07,trust_start,2308
2026-10-07,trust_start,2313
2026-10-07,trust_start,2330
2026-10-07,trust_start,2421
2026-10-07,trust_start,2441
2026-10-07,trust_start,2451
2026-10-07,trust_start,2458
2026-10-07,trust_start,3008
2026-10-07,trust_start,3017
2026-10-07,trust_start,3661
2026-10-07,trust_start,4966
2026-10-07,trust_start,6239
2026-10-07,trust_start,6257
2026-10-07,trust_start,6274
2026-10-07,trust_start,6526
2026-10-07,trust_start,6548
2026-10-07,trust_start,6691
2026-10-07,trust_start,6715
2026-10-07,trust_start,6789
2026-10-07,trust_start,8046
2026-10-07,trust_start,8358
2026-10-07,value_yield,1264
2026-10-07,value_yield,1476
2026-10-07,value_yield,1580
2026-10-07,value_yield,1593
2026-10-07,value_yield,1608
2026-10-07,value_yield,1615
2026-10-07,value_yield,1707
2026-10-07,value_yield,1720
2026-10-07,value_yield,1730
2026-10-07,value_yield,1783
2026-10-07,value_yield,1788
2026-10-07,value_yield,1817
2026-10-07,value_yield,2013
2026-10-07,value_yield,2442
2026-10-07,value_yield,2496
2026-10-07,value_yield,2536
2026-10-07,value_yield,2539
2026-10-07,value_yield,2614
2026-10-07,value_yield,2752
2026-10-07,value_yield,2820
2026-10-07,value_yield,3025
2026-10-07,value_yield,3046
2026-10-07,value_yield,3052
2026-10-07,value_yield,3130
2026-10-07,value_yield,3188
2026-10-07,value_yield,3218
2026-10-07,value_yield,3356
2026-10-07,value_yield,3611
2026-10-07,value_yield,3708
2026-10-07,value_yield,4107
2026-10-07,value_yield,4116
2026-10-07,value_yield,4129
2026-10-07,value_yield,4153
2026-10-07,value_yield,4175
2026-10-07,value_yield,4305
2026-10-07,value_yield,4527
2026-10-07,value_yield,4702
2026-10-07,value_yield,4754
2026-10-07,value_yield,5287
2026-10-07,value_yield,5312
2026-10-07,value_yield,5410
2026-10-07,value_yield,5511
2026-10-07,value_yield,5515
2026-10-07,value_yield,5525
2026-10-07,value_yield,6016
2026-10-07,value_yield,6023
2026-10-07,value_yield,6024
2026-10-07,value_yield,6143
2026-10-07,value_yield,6556
2026-10-07,value_yield,6592
2026-10-07,value_yield,6596
2026-10-07,value_yield,6625
2026-10-07,value_yield,6669
2026-10-07,value_yield,6697
2026-10-07,value_yield,6803
2026-10-07,value_yield,8341
2026-10-07,value_yield,8410
2026-10-07,value_yield,8424
2026-10-07,value_yield,8435
2026-10-07,value_yield,8436
