code,name,date,time,subject,clause,happened,body
6949,沛爾生醫*-創,1150926,70003,公告本公司股票面額由「新台幣10元」變更為「新台幣0.5元」， 公告期間：115年08月06日至115年11月05日。,第51款,1150713,"1.事實發生日：民國115年07月13日
2.公司名稱：沛爾生技醫藥股份有限公司
3.與公司關係(請輸入本公司或子公司)：本公司
4.相互持股比例：不適用
5.發生緣由：
(1)公司面額變更核准日期/事實發生日：民國115年07月13日
(2)公司面額變更核准文號：經授商字第經授商字第11530095510號號函
(3)董事會決議通過換股計畫書日期：民國115年08月06日
(4)變更前面額：新台幣10.00
(5)變更後面額：新台幣0.50
(6)新股票上市買賣日及舊股票終止上市買賣日：民國115年09月07日
(7)換發股票時程重大訊息公告日期：民國115年08月06日重大訊息公告
6.因應措施：無。
7.其他應敘明事項：一、本公司係辦理變更股票面額，每股面額由新台幣10元變更為新台幣0.5元，業經臺灣
證券交易所函核准在案。
二、配合面額變更，新股票上市買賣日(115年09月07日)之參考價按比例調整為舊股票
最後交易日(115年8月26日)收盤價之20分之1，請投資人注意。
三、股票面額變更後，每股盈餘、每股淨值及每股股價等將有所變動，參閱資訊時須留
意。"
1721,國慶科技,1150926,70004,公告本公司名稱由「三晃股份有限公司」更名為 「國慶科技股份有限公司」 ，公告期間：115年07月01日至115年9月30日。,第51款,1150629,"1.事實發生日：民國115年06月29日
2.公司名稱：國慶科技股份有限公司(原名：三晃股份有限公司)
3.與公司關係(請輸入本公司或子公司)：本公司
4.相互持股比例：不適用
5.發生緣由：
(1)公司名稱變更核准日期/事實發生日：民國115年06月29日
(2)公司名稱變更核准文號：11530099260
(3)更名案股東會決議通過日期：民國115年06月16日
(4)變更前公司名稱：三晃股份有限公司
(5)變更後公司名稱：國慶科技股份有限公司
(6)變更前公司簡稱：三晃
(7)變更後公司簡稱：國慶科技
6.因應措施：無
7.其他應敘明事項：(1)本公司於115/07/01收到經濟部變更登記核准函。
(2)依據臺灣證券交易所股份有限公司營業細則第45條規定，於更名後須連續公告三個月。
(3)本公司股票代號未變動，普通股仍為「1721」。
(4)本公司英文名未更動，仍為「SUNKO INK CO., LTD.」"
2072,世紀風電,1150926,70004,公告本公司名稱由「世紀離岸風電設備股份有限公司」更名 為「世紀能源設備股份有限公司」，公告期間：115年8月26日至 115年11月25日。,第51款,1150824,"1.事實發生日：民國115年08月24日
2.公司名稱：世紀能源設備股份有限公司(原名：世紀離岸風電設備股份有限公司)
3.與公司關係(請輸入本公司或子公司)：本公司
4.相互持股比例：不適用
5.發生緣由：
(1)公司名稱變更核准日期/事實發生日：民國115年08月24日
(2)公司名稱變更核准文號：經授商字第11530130420號
(3)更名案股東會決議通過日期：民國115年08月12日
(4)變更前公司名稱：世紀離岸風電設備股份有限公司
(5)變更後公司名稱：世紀能源設備股份有限公司
(6)變更前公司簡稱：世紀風電
(7)變更後公司簡稱：世紀能源
6.因應措施：無
7.其他應敘明事項：(1)本公司於115/08/26收到經濟部變更登記核准函。
(2)依據臺灣證券交易所股份有限公司營業細則第45條規定，
於更名後須連續公告三個月。
(3)本公司股票代號未變動，普通股仍為「2072」。
(4)本公司英文名更名為「Century Energy Co., Ltd.」"
2023,燁輝,1150926,142449,公告本公司第二十五次買回庫藏股執行情形,第35款,1150926,"1.原預定買回股份總金額上限(元):2,640,312,634
2.原預定買回之期間:115/07/28~115/09/26
3.原預定買回之數量(股):15,000,000
4.原預定買回區間價格(元):13.00~15.50
5.本次實際買回期間:115/07/28~115/09/22
6.本次已買回股份數量(股):7,840,000
7.本次已買回股份總金額(元):107,903,533
8.本次平均每股買回價格(元):13.76
9.累積已持有自己公司股份數量(股):24,138,000
10.累積已持有自己公司股份數量占公司已發行股份總數之比率(%):1.33
11.本次未執行完畢之原因:
為兼顧市場機制及維護整體股東權益，考量股價變動已趨穩定，故未予以全部執行完畢。
12.其他應敘明事項:
無"
