code,name,year,quarter,revenue,gross,operating,pretax,net,eps
1101,台泥,115,2,71289957.00,12991724.00,5170177.00,6634336.00,3279780.00,0.38
1102,亞泥,115,2,32660010.00,4429174.00,2895481.00,7664453.00,7113707.00,2.13
1103,嘉泥,115,2,1355713.00,281271.00,17979.00,205593.00,177414.00,0.27
1104,環泥,115,2,3559282.00,966432.00,546835.00,890874.00,772816.00,1.13
1108,幸福,115,2,1903969.00,249567.00,133122.00,130212.00,87807.00,0.22
1109,信大,115,2,1857847.00,169518.00,30891.00,50308.00,50378.00,0.15
1110,東泥,115,2,1267331.00,202277.00,112251.00,219296.00,193373.00,0.34
1201,味全,115,2,10445618.00,2780828.00,-45337.00,198690.00,243515.00,0.48
1203,味王,115,2,2634732.00,903152.00,397949.00,457178.00,221005.00,0.93
1210,大成,115,2,53866680.00,7382927.00,2094482.00,2105543.00,1235222.00,1.48
1213,大飲,115,2,150587.00,-2675.00,-22988.00,-30627.00,-31570.00,-0.56
1215,卜蜂,115,2,14401643.00,2630870.00,1333754.00,1223231.00,954246.00,3.24
1216,統一,115,2,349938252.00,118572021.00,20509891.00,27805716.00,14550259.00,2.56
1217,愛之味,115,2,2353539.00,619177.00,19712.00,117996.00,91765.00,0.19
1218,泰山,115,2,5034600.00,793433.00,-50120.00,-731945.00,-786933.00,-1.62
1219,福壽,115,2,6969192.00,372792.00,-200840.00,-407535.00,-308109.00,-0.90
1220,台榮,115,2,1506585.00,131655.00,-25451.00,-19672.00,-21371.00,-0.12
1225,福懋油,115,2,6228202.00,418731.00,101361.00,-103377.00,-157580.00,-0.65
1227,佳格,115,2,13933697.00,3252640.00,577583.00,882379.00,730773.00,0.80
1229,聯華,115,2,5033955.00,1073151.00,390907.00,2500772.00,2166988.00,1.19
1231,聯華食,115,2,6325950.00,1271623.00,474177.00,778392.00,688496.00,2.31
1232,大統益,115,2,11481997.00,1589695.00,960027.00,986073.00,753144.00,4.71
1233,天仁,115,2,1116827.00,676106.00,54208.00,63927.00,53007.00,0.59
1234,黑松,115,2,4436617.00,1211093.00,110042.00,321728.00,240833.00,0.60
1235,興泰,115,2,93120.00,27168.00,-2402.00,37642.00,31225.00,0.29
1236,宏亞,115,2,885268.00,211809.00,-32254.00,-24047.00,-13749.00,-0.16
1256,鮮活果汁-KY,115,2,2647734.00,850574.00,440925.00,453666.00,321060.00,8.98
1301,台塑,115,2,89239090.00,7535246.00,1577868.00,14235821.00,13920632.00,2.19
1303,南亞,115,2,152243276.00,23994875.00,15099114.00,46844049.00,41007916.00,5.17
1304,台聚,115,2,21760221.00,1822142.00,-232645.00,-1609220.00,-618763.00,-0.58
1305,華夏,115,2,5403542.00,463387.00,4890.00,-6290.00,12365.00,0.02
1307,三芳,115,2,5663392.00,1783102.00,698128.00,795030.00,581213.00,1.46
1308,亞聚,115,2,2852287.00,297869.00,181412.00,-68618.00,-90525.00,-0.15
1309,台達化,115,2,6173020.00,155684.00,-434342.00,-595073.00,-469564.00,-1.18
1310,台苯,115,2,4162400.00,79011.00,-7203.00,-551934.00,-598688.00,-1.13
1312,國喬,115,2,12914268.00,-21995.00,-1440508.00,-1929796.00,-1857485.00,-1.68
1313,聯成,115,2,31067465.00,2024382.00,628195.00,559497.00,414906.00,0.31
1314,中石化,115,2,7979691.00,-89641.00,-758749.00,-1985639.00,-1986324.00,-0.52
1315,達新,115,2,966968.00,126113.00,-51642.00,67787.00,43349.00,0.45
1316,上曜,115,2,3985276.00,1332502.00,173232.00,328621.00,-125798.00,-0.36
1319,東陽,115,2,11293727.00,3672242.00,1779893.00,2178262.00,1763188.00,2.98
1321,大洋,115,2,1904737.00,225718.00,31327.00,296550.00,170760.00,0.77
1323,永裕,115,2,1078599.00,214384.00,63238.00,93430.00,92755.00,1.02
1324,地球,115,2,332426.00,62407.00,-1546.00,2044.00,-1880.00,-0.03
1325,恆大,115,2,123378.00,-29228.00,-52756.00,-32149.00,-25851.00,-0.30
1326,台化,115,2,168904093.00,11855271.00,5051891.00,14340948.00,12333837.00,2.11
1337,再生-KY,115,2,288257.00,-40632.00,-207366.00,-238809.00,-238809.00,-0.89
1338,廣華-KY,115,2,2508457.00,588197.00,-115861.00,-146507.00,-167777.00,-2.08
1339,昭輝,115,2,806378.00,203152.00,35274.00,308569.00,267370.00,3.61
1340,勝悅-KY,115,2,28726.00,-40626.00,-88821.00,-53500.00,-53500.00,-0.35
1341,富林-KY,115,2,1335955.00,320845.00,183642.00,182189.00,144847.00,2.74
1342,八貫,115,2,1911043.00,490762.00,350021.00,372675.00,,4.10
1402,遠東新,115,2,130564734.00,27154687.00,10116736.00,14224270.00,5825160.00,1.15
1410,南染,115,2,106764.00,37145.00,5335.00,10200.00,7966.00,0.13
1413,宏洲,115,2,1007165.00,38431.00,16369.00,30763.00,,0.17
1414,東和,115,2,240705.00,28348.00,-14643.00,72650.00,73532.00,0.37
1416,廣豐,115,2,227106.00,90606.00,8969.00,134154.00,115110.00,0.62
1417,嘉裕,115,2,145264.00,92392.00,-12996.00,-16622.00,-17591.00,-0.09
1418,東華,115,2,3427.00,179.00,-43496.00,-92219.00,-92216.00,-1.70
1419,新紡,115,2,2561464.00,662793.00,232942.00,3507648.00,3351594.00,11.20
1423,利華,115,2,44399.00,7651.00,-9042.00,43846.00,,0.41
1432,大魯閣,115,2,400698.00,61672.00,-126551.00,-140232.00,-119751.00,-1.11
1434,福懋,115,2,14210123.00,1571942.00,341955.00,894969.00,840859.00,0.50
1435,中福,115,2,2991.00,1918.00,-72377.00,-74959.00,,-0.54
1436,華友聯,115,2,483042.00,286779.00,155405.00,50553.00,26523.00,0.14
1437,勤益控,115,2,409885.00,267139.00,206234.00,465113.00,414497.00,2.05
1438,三地開發,115,2,391694.00,154765.00,113471.00,47986.00,,0.22
1439,雋揚,115,2,115426.00,32484.00,-169.00,115867.00,98908.00,1.08
1440,南紡,115,2,6563340.00,703414.00,-111041.00,255926.00,225902.00,0.14
1441,大東,115,2,594701.00,8608.00,-72199.00,-104088.00,-104088.00,-1.45
1442,名軒,115,2,832434.00,415299.00,304794.00,307109.00,262065.00,0.72
1443,立益物流,115,2,463195.00,219000.00,164859.00,173373.00,131373.00,0.97
1444,力麗,115,2,4476454.00,186777.00,-63021.00,126960.00,142851.00,0.14
1445,大宇,115,2,307109.00,41448.00,-21426.00,-28934.00,-28934.00,-0.22
1446,宏和,115,2,332732.00,135796.00,70825.00,110499.00,105665.00,0.77
1447,力鵬,115,2,16068031.00,412786.00,45352.00,149628.00,100640.00,0.12
1449,佳和,115,2,1841533.00,238733.00,-57492.00,17116.00,-35590.00,-0.28
1451,年興,115,2,3207569.00,459634.00,119182.00,175252.00,128931.00,0.65
1452,宏益,115,2,724288.00,40600.00,-5905.00,-6385.00,-9027.00,-0.07
1453,大將,115,2,754.00,457.00,-18191.00,61941.00,61899.00,0.55
1454,台富,115,2,641555.00,20486.00,-58500.00,-50249.00,-49676.00,-0.41
1455,集盛,115,2,2869335.00,250267.00,78405.00,510018.00,484982.00,0.91
1456,怡華,115,2,367504.00,155750.00,100575.00,-99310.00,-100318.00,-1.07
1457,宜進,115,2,1428012.00,131475.00,134389.00,223708.00,132530.00,0.57
1459,聯發,115,2,488149.00,103858.00,47694.00,439537.00,396182.00,1.28
1460,宏遠,115,2,3032015.00,488365.00,-74833.00,-70304.00,-77016.00,-0.11
1463,強盛新,115,2,115179.00,9853.00,-25793.00,-14445.00,-21811.00,-0.13
1464,得力,115,2,5947068.00,1164028.00,177820.00,202825.00,153215.00,0.36
1465,偉全,115,2,200488.00,-2050.00,-33345.00,444.00,,0.18
1466,聚隆,115,2,1111491.00,149110.00,27864.00,45051.00,40973.00,0.37
1467,南緯,115,2,2461491.00,463443.00,-6752.00,16789.00,-21732.00,-0.09
1468,昶和,115,2,263936.00,80895.00,30243.00,79567.00,48660.00,0.30
1470,大統新創,115,2,371627.00,101639.00,46641.00,61704.00,50164.00,0.58
1471,首利,115,2,47348.00,-9100.00,-64891.00,23457.00,23480.00,0.16
1472,三洋實業,115,2,1910645.00,273945.00,212564.00,218017.00,182363.00,3.47
1473,台南,115,2,3390344.00,619378.00,72793.00,117508.00,101312.00,0.69
1474,弘裕,115,2,1370361.00,142935.00,-15494.00,7629.00,9322.00,0.07
1475,業旺,115,2,723654.00,127979.00,62116.00,96832.00,69693.00,1.06
1476,儒鴻,115,2,19706874.00,6121611.00,4129830.00,4299458.00,3387426.00,12.35
1477,聚陽,115,2,17062830.00,4315837.00,2463673.00,2428493.00,1887631.00,7.65
1503,士電,115,2,21121523.00,4867478.00,3123905.00,3362498.00,2624521.00,5.04
1504,東元,115,2,30835311.00,7514542.00,2925438.00,4710814.00,3823511.00,1.63
1506,正道,115,2,616098.00,87337.00,-14036.00,-16193.00,-13779.00,-0.05
1512,瑞利,115,2,552421.00,184300.00,-22350.00,2500.00,2050.00,0.02
1513,中興電,115,2,14023688.00,3828057.00,2713880.00,2818155.00,2224039.00,4.50
1514,亞力,115,2,5345683.00,1030577.00,525854.00,562232.00,445758.00,1.65
1515,力山,115,2,2222543.00,307601.00,-27921.00,30861.00,21533.00,0.12
1516,川飛,115,2,54786.00,3137.00,-5788.00,-5248.00,,-0.13
1517,利奇,115,2,996074.00,11639.00,-165350.00,-120168.00,-99271.00,-0.45
1519,華城,115,2,10212186.00,4447480.00,2214375.00,2622520.00,2059763.00,6.52
1521,大億,115,2,2003503.00,295698.00,59826.00,70371.00,71934.00,0.94
1522,堤維西,115,2,13344786.00,2232117.00,-101862.00,-157235.00,-178058.00,-0.76
1524,耿鼎,115,2,1146434.00,331139.00,177713.00,186708.00,,0.90
1525,江申,115,2,634185.00,96264.00,15699.00,107521.00,-9827.00,-0.13
1526,日馳,115,2,329814.00,56160.00,-55024.00,-59620.00,-48598.00,-0.81
1527,鑽全,115,2,1332659.00,210227.00,20723.00,142765.00,,0.83
1528,恩德,115,2,1489447.00,444529.00,-60071.00,-60984.00,-115327.00,-0.60
1529,樂事綠能,115,2,440947.00,78966.00,45472.00,99154.00,81061.00,0.50
1530,亞崴,115,2,912363.00,100202.00,-54710.00,12201.00,19755.00,0.21
1531,高林股,115,2,781263.00,114937.00,-58077.00,-5225.00,-4030.00,-0.02
1532,勤美,115,2,6825663.00,1522372.00,246675.00,147720.00,42643.00,0.10
1533,車王電,115,2,2706187.00,749628.00,203141.00,231924.00,147828.00,1.50
1535,中宇,115,2,4187134.00,490125.00,204675.00,255082.00,203347.00,1.64
1536,和大,115,2,2355217.00,157617.00,-284394.00,-345799.00,-309617.00,-1.11
1537,廣隆,115,2,3437564.00,685853.00,386151.00,437275.00,328934.00,4.01
1538,正峰,115,2,34405.00,5191.00,-30449.00,-57661.00,-56917.00,-1.76
1539,巨庭,115,2,553592.00,52145.00,8092.00,17709.00,13479.00,0.21
1540,喬福,115,2,201855.00,20539.00,-7897.00,25872.00,,0.24
1541,錩泰,115,2,1202080.00,217344.00,33955.00,54283.00,46726.00,0.59
1558,伸興,115,2,4218267.00,1068199.00,347690.00,563436.00,286460.00,4.44
1560,中砂,115,2,4785896.00,1800757.00,1048097.00,1196331.00,959735.00,6.44
1563,巧新,115,2,3851728.00,893465.00,357767.00,251949.00,201903.00,0.93
1568,倉佑,115,2,555087.00,206233.00,117377.00,134757.00,110410.00,1.07
1582,信錦,115,2,4121675.00,707163.00,74630.00,269047.00,238068.00,1.65
1583,程泰,115,2,1976660.00,373638.00,-66280.00,73506.00,57785.00,0.53
1587,吉茂,115,2,1352344.00,235896.00,21548.00,-11875.00,-7487.00,-0.09
1590,亞德客-KY,115,2,22177887.00,10851765.00,7589622.00,7662140.00,5981871.00,29.91
1597,直得,115,2,757658.00,318298.00,120903.00,152376.00,113259.00,1.30
1598,岱宇,115,2,2919431.00,1184011.00,-70127.00,87956.00,106548.00,0.64
1603,華電,115,2,2808354.00,363460.00,287212.00,281824.00,215402.00,1.36
1604,聲寶,115,2,4795800.00,910758.00,267399.00,434748.00,355207.00,0.98
1605,華新,115,2,90718081.00,6945873.00,1273463.00,13172966.00,12627522.00,2.85
1608,華榮,115,2,6717464.00,856748.00,699961.00,3231819.00,2987014.00,7.04
1609,大亞,115,2,17764488.00,3324971.00,2299261.00,2377593.00,1757561.00,2.24
1611,中電,115,2,510235.00,175975.00,31089.00,154535.00,131545.00,0.41
1612,宏泰,115,2,3971752.00,653649.00,507370.00,941705.00,828678.00,2.62
1614,三洋電,115,2,2650358.00,506608.00,90564.00,216066.00,173499.00,0.67
1615,大山,115,2,2928324.00,676932.00,551842.00,628555.00,496823.00,2.53
1616,億泰,115,2,2789370.00,263449.00,162140.00,136405.00,101866.00,0.54
1617,榮星,115,2,2021389.00,166616.00,42898.00,40653.00,35127.00,0.21
1618,合機,115,2,2290435.00,751003.00,652090.00,704152.00,558115.00,2.90
1623,大東電,115,2,3294705.00,593537.00,505501.00,491504.00,,6.02
1626,艾美特-KY,115,2,4885851.00,818102.00,-143880.00,-240694.00,-242947.00,-1.62
1702,南僑,115,2,11531193.00,2801437.00,148356.00,251676.00,60279.00,0.24
1707,葡萄王,115,2,4691625.00,3352256.00,748588.00,809164.00,406976.00,2.75
1708,東鹼,115,2,3308419.00,983804.00,545584.00,624342.00,492865.00,1.98
1709,和益,115,2,5113639.00,1363247.00,984042.00,777033.00,620471.00,1.30
1710,東聯,115,2,10577149.00,391938.00,-169212.00,-270210.00,-106572.00,-0.12
1711,永光,115,2,4177012.00,970619.00,148214.00,184651.00,154516.00,0.28
1712,興農,115,2,10169009.00,3203132.00,838867.00,847881.00,654335.00,1.56
1713,國化,115,2,226441.00,22289.00,-21075.00,341961.00,,2.25
1714,和桐,115,2,17003246.00,2648663.00,1953367.00,1993232.00,870171.00,0.89
1717,長興,115,2,22168850.00,5228323.00,1559394.00,1791395.00,1274966.00,1.09
1720,生達,115,2,3524462.00,1542320.00,751420.00,811359.00,490121.00,2.49
1721,三晃,115,2,806404.00,-30750.00,-117216.00,-113908.00,-115224.00,-0.62
1722,台肥,115,2,6750506.00,919563.00,323739.00,515678.00,418683.00,0.43
1723,中碳,115,2,3320133.00,781798.00,485325.00,561047.00,480618.00,2.07
1725,元禎,115,2,4610870.00,219932.00,107021.00,209415.00,182630.00,1.00
1726,永記,115,2,5175542.00,1437414.00,676271.00,731394.00,593697.00,3.66
1727,中華化,115,2,1157509.00,206625.00,103458.00,102011.00,,0.66
1730,花仙子,115,2,1257131.00,638386.00,199714.00,228565.00,158250.00,2.50
1731,美吾華,115,2,854499.00,530875.00,123386.00,154355.00,125858.00,0.95
1732,毛寶,115,2,363888.00,151859.00,29401.00,34333.00,25899.00,0.61
1733,五鼎,115,2,990376.00,333951.00,131843.00,131595.00,118055.00,1.18
1734,杏輝,115,2,1697782.00,770797.00,203017.00,195500.00,166371.00,0.87
1735,日勝化,115,2,1263331.00,240997.00,62070.00,53992.00,38861.00,0.39
1736,喬山,115,2,25058808.00,14387188.00,1879371.00,1397146.00,993084.00,3.27
1737,臺鹽,115,2,1558509.00,611795.00,197365.00,211941.00,174079.00,0.87
1752,南光,115,2,1068214.00,385724.00,146828.00,109575.00,84933.00,0.84
1760,寶齡富錦,115,2,1031127.00,528456.00,145083.00,141391.00,90852.00,1.06
1762,中化生,115,2,666405.00,266282.00,114873.00,150682.00,132128.00,2.39
1773,勝一,115,2,6652050.00,2466099.00,1560329.00,1637779.00,1314648.00,4.38
1776,展宇,115,2,528284.00,120438.00,46627.00,57384.00,39671.00,0.66
1783,和康生,115,2,411881.00,285119.00,115185.00,132994.00,131923.00,1.47
1786,科妍,115,2,416348.00,284253.00,50029.00,63249.00,56600.00,0.76
1789,神隆,115,2,1338213.00,356167.00,-56920.00,-34178.00,-18999.00,-0.02
1795,美時,115,2,17453085.00,9113836.00,4292210.00,1716146.00,1209453.00,4.65
1802,台玻,115,2,22305716.00,4782890.00,2331850.00,1989123.00,1860086.00,0.64
1805,寶徠,115,2,104037.00,36954.00,8671.00,10397.00,7781.00,0.06
1806,冠軍,115,2,1439162.00,297041.00,-3569.00,-3646.00,-21558.00,-0.06
1808,潤隆,115,2,12460368.00,3288981.00,2749602.00,2744340.00,2246749.00,2.52
1809,中釉,115,2,1201841.00,244598.00,12139.00,7471.00,16060.00,0.10
1810,和成,115,2,2181618.00,470918.00,-225831.00,1220525.00,1092107.00,3.62
1817,凱撒衛,115,2,1302175.00,499829.00,205414.00,268015.00,214464.00,2.95
1903,士紙,115,2,76620.00,49179.00,-18223.00,-39622.00,-39925.00,-0.15
1904,正隆,115,2,22107225.00,4548272.00,1543149.00,2077044.00,1608121.00,1.45
1905,華紙,115,2,9080585.00,271493.00,-682016.00,-607670.00,-578752.00,-0.52
1906,寶隆,115,2,1581332.00,152141.00,43841.00,40196.00,,0.22
1907,永豐餘,115,2,37859592.00,5325096.00,56275.00,1274843.00,779368.00,0.47
1909,榮成,115,2,24247513.00,2633170.00,231857.00,356218.00,243066.00,0.19
2002,中鋼,115,2,168002709.00,9703972.00,3046026.00,2339078.00,-377292.00,-0.03
2006,東和鋼鐵,115,2,29865731.00,4935741.00,3612981.00,3866745.00,2971876.00,4.07
2007,燁興,115,2,2263967.00,-146787.00,-244332.00,-407892.00,,-0.82
2008,高興昌,115,2,821656.00,138562.00,82967.00,68168.00,,0.34
2009,第一銅,115,2,1690872.00,208153.00,175814.00,174647.00,,0.49
2010,春源,115,2,12883693.00,1504441.00,1016190.00,1115441.00,876149.00,1.35
2012,春雨,115,2,3768784.00,558677.00,110723.00,56327.00,-52312.00,-0.19
2013,中鋼構,115,2,9643740.00,488154.00,306362.00,347929.00,288180.00,1.44
2014,中鴻,115,2,10322219.00,314325.00,119919.00,101059.00,101059.00,0.07
2015,豐興,115,2,13991827.00,1786873.00,1322792.00,1636801.00,1373908.00,2.36
2017,官田鋼,115,2,1408973.00,46011.00,-155651.00,-158811.00,-127103.00,-0.30
2020,美亞,115,2,2048373.00,481389.00,327215.00,351167.00,271412.00,1.02
2022,聚亨,115,2,6219914.00,420299.00,-20522.00,-27559.00,-59009.00,-0.18
2023,燁輝,115,2,33690191.00,3202982.00,435457.00,-996899.00,-940375.00,-0.52
2024,志聯,115,2,510396.00,49318.00,17288.00,26070.00,,0.27
2025,千興,115,2,902798.00,149581.00,123007.00,130422.00,,0.76
2027,大成鋼,115,2,67172372.00,19493464.00,13230844.00,12495652.00,7700565.00,3.10
2028,威致,115,2,4741494.00,251389.00,142071.00,145743.00,,0.37
2029,盛餘,115,2,6713601.00,1039735.00,347865.00,397973.00,314189.00,0.98
2030,彰源,115,2,5824707.00,995356.00,601687.00,586277.00,457594.00,1.66
2031,新光鋼,115,2,9410970.00,1274025.00,872286.00,1874300.00,1679726.00,5.23
2032,新鋼,115,2,1665543.00,192268.00,126627.00,158286.00,,1.02
2033,佳大,115,2,343779.00,51951.00,15405.00,16686.00,,0.15
2034,允強,115,2,6293155.00,611503.00,199310.00,67435.00,72884.00,0.14
2038,海光,115,2,3983958.00,55176.00,-40949.00,-3260.00,4091.00,0.02
2049,上銀,115,2,13887696.00,4602946.00,1664422.00,1798821.00,1426930.00,4.03
2059,川湖,115,2,16279766.00,13704500.00,12544145.00,13470254.00,10573871.00,110.96
2062,橋椿,115,2,3486742.00,388142.00,110123.00,57000.00,39301.00,0.20
2069,運錩,115,2,4999074.00,733075.00,380494.00,340837.00,276579.00,1.66
2072,世紀風電,115,2,8846285.00,2231562.00,2040251.00,2138112.00,1691578.00,9.30
2101,南港,115,2,13049685.00,5548509.00,4260225.00,3161639.00,2941415.00,4.07
2102,泰豐,115,2,89730.00,16914.00,-89429.00,-20226.00,-40761.00,-0.09
2103,台橡,115,2,22212066.00,3778946.00,2462329.00,2996276.00,1866611.00,2.26
2104,國際中橡,115,2,6759902.00,-774478.00,-1380482.00,-1447549.00,-1276655.00,-1.32
2105,正新,115,2,48618807.00,12074779.00,4841165.00,4681341.00,3415083.00,1.05
2106,建大,115,2,18245318.00,3599670.00,546810.00,443171.00,311357.00,0.33
2107,厚生,115,2,748158.00,292295.00,196936.00,403629.00,345956.00,1.14
2108,南帝,115,2,6046460.00,1838135.00,1003749.00,1168692.00,630047.00,1.28
2109,華豐,115,2,2287199.00,501717.00,211925.00,335491.00,202097.00,0.72
2114,鑫永銓,115,2,809822.00,316780.00,254792.00,295262.00,,3.08
2115,六暉-KY,115,2,1741262.00,336372.00,141913.00,194587.00,129314.00,1.24
2201,裕隆,115,2,34369539.00,11257875.00,3326287.00,2799632.00,520615.00,0.50
2204,中華,115,2,18057256.00,2582541.00,924355.00,1720383.00,1743111.00,3.19
2206,三陽工業,115,2,30564233.00,6404966.00,2661850.00,3264136.00,2418285.00,3.14
2208,台船,115,2,9588436.00,-566224.00,-914235.00,363328.00,354882.00,0.28
2211,長榮鋼,115,2,7667496.00,1972680.00,1534253.00,1909911.00,1360430.00,3.26
2227,裕日車,115,2,6716356.00,559984.00,-354066.00,-989856.00,-780613.00,-2.60
2228,劍麟,115,2,2441123.00,530767.00,189329.00,193913.00,139325.00,1.75
2231,為升,115,2,1486678.00,533985.00,18544.00,28902.00,52919.00,0.39
2233,宇隆,115,2,1695564.00,502050.00,203004.00,246435.00,205001.00,3.40
2236,百達-KY,115,2,5678622.00,724243.00,212676.00,101473.00,19204.00,0.32
2237,華德動能-創,115,2,1838155.00,386080.00,245424.00,224432.00,251426.00,2.09
2239,英利-KY,115,2,8295075.00,611644.00,-575883.00,-601960.00,-450004.00,-3.82
2241,艾姆勒,115,2,472595.00,43959.00,-39028.00,-37799.00,-43664.00,-0.42
2243,宏旭-KY,115,2,962143.00,103551.00,23658.00,18357.00,22827.00,0.33
2247,汎德永業,115,2,20624972.00,2399223.00,637910.00,665191.00,528441.00,6.55
2248,華勝-KY,115,2,1333137.00,418282.00,213713.00,229716.00,193000.00,4.05
2250,IKKA-KY,115,2,1573401.00,255483.00,36211.00,70571.00,30633.00,0.84
2254,巨鎧精密-創,115,2,62568.00,-40816.00,-126098.00,-134848.00,-134861.00,-2.12
2258,鴻華先進-創,115,2,2304967.00,264782.00,-1989075.00,-2012906.00,-2013293.00,-1.15
2301,光寶科,115,2,96110746.00,23751390.00,12301855.00,14338180.00,10891244.00,4.80
2302,麗正,115,2,500767.00,178161.00,70947.00,125451.00,100213.00,0.60
2303,聯電,115,2,129770564.00,40141280.00,26226401.00,61829951.00,58431436.00,4.68
2305,全友,115,2,632462.00,288828.00,109418.00,201603.00,103628.00,0.51
2308,台達電,115,2,342608732.00,124268821.00,58987345.00,66092437.00,45691231.00,17.59
2312,金寶,115,2,75059518.00,5167425.00,2112936.00,2046865.00,1046455.00,0.70
2313,華通,115,2,39540030.00,7215820.00,3889730.00,3540507.00,2982832.00,2.50
2314,台揚,115,2,828731.00,78784.00,-247308.00,-174340.00,-179623.00,-1.69
2316,楠梓電,115,2,2154260.00,23389.00,-257668.00,1535546.00,1187159.00,6.54
2317,鴻海,115,2,4645427824.00,285513881.00,170451721.00,168897620.00,109893220.00,7.84
2321,東訊,115,2,372148.00,130092.00,24188.00,22824.00,8299.00,0.27
2323,中環,115,2,3955572.00,1025192.00,187214.00,1488188.00,1074195.00,0.99
2324,仁寶,115,2,439598212.00,21618553.00,5498838.00,7730013.00,5099911.00,1.18
2327,國巨*,115,2,82621975.00,31658084.00,21361624.00,22547105.00,17419139.00,8.48
2328,廣宇,115,2,9633793.00,791528.00,102.00,-49008.00,-125837.00,-0.24
2329,華泰,115,2,10336694.00,1347262.00,617967.00,744907.00,642824.00,0.96
2330,台積電,115,2,2404483690.00,1611606116.00,1425568793.00,1550229773.00,1279041690.00,49.33
2331,精英,115,2,10752250.00,882755.00,34396.00,326026.00,293713.00,0.53
2332,友訊,115,2,7127361.00,1757704.00,97904.00,71585.00,-42094.00,-0.07
2337,旺宏,115,2,29593392.00,16591374.00,10900108.00,11266213.00,9507911.00,4.82
2338,光罩,115,2,3052495.00,493601.00,2136.00,212637.00,188945.00,0.61
2340,台亞,115,2,2163511.00,-40972.00,-479107.00,-423267.00,-408499.00,-0.93
2342,茂矽,115,2,1008161.00,153815.00,-46969.00,-35488.00,-35894.00,-0.23
2344,華邦電,115,2,98096329.00,60060282.00,41529830.00,42706830.00,34431342.00,7.65
2345,智邦,115,2,165658435.00,32523633.00,24380007.00,24930070.00,19394289.00,34.70
2347,聯強,115,2,327367601.00,12253183.00,8153373.00,9166295.00,6863735.00,4.12
2348,海悅,115,2,3116285.00,811438.00,485274.00,331449.00,217175.00,1.06
2349,錸德,115,2,3781493.00,649488.00,24604.00,134431.00,32473.00,0.05
2351,順德,115,2,6364416.00,1273859.00,688678.00,706209.00,524794.00,2.82
2352,佳世達,115,2,104271746.00,17701013.00,1343873.00,2113784.00,911414.00,0.58
2353,宏碁,115,2,157726373.00,17786410.00,2586008.00,5653555.00,2873563.00,0.96
2354,鴻準,115,2,55616127.00,2447760.00,716097.00,2314360.00,1553583.00,1.10
2355,敬鵬,115,2,8297117.00,1006853.00,381497.00,604790.00,426450.00,1.07
2356,英業達,115,2,470167600.00,21592770.00,8356310.00,8323895.00,6323190.00,1.76
2357,華碩,115,2,466101713.00,75211987.00,32869663.00,40116830.00,28844853.00,38.83
2359,所羅門,115,2,2333384.00,474808.00,-9711.00,898815.00,779997.00,4.55
2360,致茂,115,2,25389128.00,15609247.00,10038769.00,11607883.00,8986741.00,21.27
2362,藍天,115,2,11470739.00,2153074.00,680230.00,2638619.00,2340274.00,4.05
2363,矽統,115,2,2211081.00,628335.00,121979.00,175408.00,103177.00,0.20
2364,倫飛,115,2,858259.00,357319.00,141788.00,161109.00,160119.00,3.06
2365,昆盈,115,2,488411.00,189729.00,26697.00,66273.00,56621.00,0.26
2367,燿華,115,2,8008524.00,520359.00,-520543.00,-454837.00,-451410.00,-0.64
2368,金像電,115,2,43592084.00,15135609.00,11602221.00,11387103.00,8267039.00,16.17
2369,菱生,115,2,3537444.00,311726.00,113459.00,137314.00,109295.00,0.29
2371,大同,115,2,24501702.00,4148742.00,1116981.00,2215573.00,1916230.00,0.91
2373,震旦行,115,2,5122499.00,2312823.00,266257.00,428900.00,366947.00,1.63
2374,佳能,115,2,5791792.00,1400730.00,569249.00,624888.00,510564.00,1.55
2375,凱美,115,2,3009457.00,543887.00,223917.00,316554.00,200644.00,1.85
2376,技嘉,115,2,249271763.00,26487759.00,15533953.00,16505231.00,11874816.00,17.73
2377,微星,115,2,106169557.00,16409389.00,7157243.00,7766512.00,6415854.00,7.59
2379,瑞昱,115,2,73975769.00,35738410.00,8057128.00,9347759.00,8135053.00,15.86
2380,虹光,115,2,1502032.00,436211.00,37728.00,-18599.00,25838.00,0.43
2382,廣達,115,2,1845813767.00,90775884.00,57268079.00,61097995.00,49843907.00,12.93
2383,台光電,115,2,80342455.00,25732144.00,19862153.00,19979409.00,15213191.00,42.46
2385,群光,115,2,45259478.00,6742151.00,2275878.00,4464800.00,3696919.00,5.06
2387,精元,115,2,8511385.00,980182.00,135084.00,261693.00,127597.00,0.66
2388,威盛,115,2,5607361.00,1265381.00,-852721.00,159638.00,186812.00,0.34
2390,云辰,115,2,322952.00,65229.00,-25400.00,24409.00,20412.00,0.11
2392,正崴,115,2,37925181.00,4664929.00,673966.00,8553084.00,5813692.00,12.56
2393,億光,115,2,10400996.00,2541849.00,887875.00,1267570.00,950837.00,2.14
2395,研華,115,2,46511554.00,17825064.00,8855775.00,9658270.00,7852037.00,9.05
2397,友通,115,2,6738375.00,1687390.00,454870.00,434480.00,234902.00,2.05
2399,映泰,115,2,963211.00,125867.00,-117732.00,715946.00,631283.00,3.54
2401,凌陽,115,2,3882273.00,1885447.00,381486.00,557127.00,205664.00,0.35
2402,毅嘉,115,2,6081265.00,824129.00,265109.00,201780.00,141337.00,0.46
2404,漢唐,115,2,46368948.00,10895998.00,9175343.00,10042080.00,6843807.00,36.23
2405,輔信,115,2,901546.00,388591.00,4000.00,8599.00,9355.00,0.03
2406,國碩,115,2,5542970.00,837565.00,272960.00,433218.00,115211.00,0.33
2408,南亞科,115,2,131636005.00,98935333.00,90937560.00,94047471.00,76251525.00,23.38
2409,友達,115,2,139922549.00,17431638.00,-417279.00,2249593.00,199555.00,0.03
2412,中華電,115,2,121351909.00,45785071.00,26365933.00,27133507.00,20751322.00,2.68
2413,環科,115,2,1800569.00,305561.00,62091.00,341076.00,304846.00,2.39
2414,精技,115,2,20333244.00,1442756.00,580338.00,572082.00,408487.00,2.53
2415,錩新,115,2,1237521.00,284676.00,80414.00,67306.00,41950.00,0.47
2417,圓剛,115,2,1871573.00,1078887.00,133802.00,169643.00,75724.00,0.60
2419,仲琦,115,2,4119381.00,769063.00,62152.00,108626.00,45441.00,0.14
2420,新巨,115,2,1144301.00,562345.00,371740.00,441438.00,351551.00,2.30
2421,建準,115,2,10438117.00,3282753.00,1624430.00,1717234.00,1339139.00,4.78
2423,固緯,115,2,1708577.00,952506.00,425325.00,469121.00,361883.00,2.49
2424,隴華,115,2,86587.00,14352.00,-66026.00,-62458.00,-58842.00,-0.99
2425,承啟,115,2,1656969.00,118774.00,10188.00,28114.00,65955.00,0.68
2426,鼎元,115,2,1237137.00,262632.00,72356.00,84568.00,83159.00,0.28
2427,三商電,115,2,3143801.00,757507.00,159382.00,178750.00,145392.00,0.73
2428,興勤,115,2,4751446.00,1709783.00,1075734.00,1321381.00,967003.00,7.55
2429,銘旺科,115,2,200442.00,9190.00,-60278.00,-65146.00,-65067.00,-0.76
2430,燦坤,115,2,8671133.00,1265498.00,33284.00,11967.00,10283.00,0.09
2431,聯昌,115,2,121386.00,-1302.00,-48582.00,-35648.00,-35645.00,-0.32
2432,倚天酷碁-創,115,2,2246753.00,238567.00,38722.00,61324.00,50884.00,0.82
2433,互盛電,115,2,1366908.00,488063.00,194541.00,203778.00,153621.00,1.06
2434,統懋,115,2,26784.00,-11355.00,-40556.00,-22153.00,-24129.00,-0.65
2436,偉詮電,115,2,2207387.00,713754.00,259733.00,700682.00,596846.00,3.02
2438,翔耀,115,2,291676.00,28918.00,-72619.00,-82862.00,-61376.00,-0.94
2439,美律,115,2,21408429.00,2339461.00,210071.00,589820.00,381852.00,1.54
2440,太空梭,115,2,2215546.00,103563.00,40430.00,31996.00,23650.00,0.17
2441,超豐,115,2,10005945.00,2396849.00,2006854.00,2118388.00,1692535.00,2.98
2442,新美齊,115,2,3557300.00,934295.00,686878.00,763138.00,374566.00,1.16
2444,兆勁,115,2,433549.00,-22404.00,-137407.00,-137561.00,-137561.00,-1.35
2449,京元電子,115,2,21333559.00,8450706.00,5599760.00,5884206.00,4778004.00,3.91
2450,神腦,115,2,17234568.00,1707007.00,153941.00,207754.00,172952.00,0.67
2451,創見,115,2,32443888.00,24905041.00,23912167.00,24852714.00,20019710.00,46.63
2453,凌群,115,2,3380233.00,840484.00,175910.00,194314.00,152594.00,1.53
2454,聯發科,115,2,301333121.00,139362969.00,45758626.00,54981079.00,48488714.00,30.44
2455,全新,115,2,1924683.00,738137.00,450464.00,480300.00,,2.20
2457,飛宏,115,2,4329208.00,976808.00,-255637.00,-222378.00,-278879.00,-0.65
2458,義隆,115,2,6429625.00,3055714.00,1475668.00,1831216.00,1584055.00,5.53
2459,敦吉,115,2,2583740.00,776065.00,406841.00,478286.00,336357.00,3.19
2460,建通,115,2,2394267.00,253930.00,69920.00,77345.00,43603.00,0.26
2461,光群雷,115,2,2671688.00,722682.00,196499.00,136789.00,113072.00,0.64
2462,良得電,115,2,2021443.00,193776.00,-33881.00,-17.00,-28111.00,-0.19
2464,盟立,115,2,4033517.00,833647.00,176039.00,154941.00,135280.00,0.66
2465,麗臺,115,2,4074873.00,474947.00,265271.00,305368.00,261923.00,2.79
2466,冠西電,115,2,397988.00,82650.00,-48426.00,25826.00,8673.00,0.05
2467,志聖,115,2,5044062.00,2475827.00,1314440.00,1491960.00,1106348.00,7.16
2468,華經,115,2,1290969.00,139427.00,47017.00,54042.00,42767.00,0.61
2471,資通,115,2,474859.00,180856.00,53840.00,83146.00,75740.00,1.60
2472,立隆電,115,2,6625090.00,2044860.00,1349430.00,1371016.00,656365.00,3.98
2474,可成,115,2,6455149.00,1860868.00,291239.00,3518353.00,2839850.00,5.14
2476,鉅祥,115,2,4734678.00,1458455.00,914852.00,965322.00,651261.00,2.98
2477,美隆電,115,2,1084161.00,257318.00,9961.00,39637.00,27386.00,0.17
2478,大毅,115,2,3129590.00,845604.00,498590.00,486231.00,415398.00,2.91
2480,敦陽科,115,2,4882885.00,1117837.00,591239.00,641847.00,522614.00,4.91
2481,強茂,115,2,7376723.00,2434098.00,686796.00,1048467.00,775929.00,2.03
2482,連宇,115,2,233542.00,95121.00,-62904.00,-46566.00,-36144.00,-0.46
2483,百容,115,2,1046073.00,148263.00,14429.00,43128.00,43619.00,0.40
2484,希華,115,2,1214333.00,299213.00,124530.00,171257.00,137883.00,0.86
2485,兆赫,115,2,1954758.00,366487.00,109489.00,200494.00,175960.00,0.55
2486,一詮,115,2,3682920.00,773584.00,296343.00,262942.00,211989.00,0.91
2488,漢平,115,2,1543276.00,341195.00,175634.00,221138.00,176477.00,2.21
2489,瑞軒,115,2,13171088.00,1063053.00,102479.00,336593.00,268941.00,0.44
2491,吉祥全,115,2,81616.00,17396.00,-138908.00,3168257.00,2458432.00,29.98
2492,華新科,115,2,20848667.00,4041376.00,1880650.00,3711933.00,2391356.00,4.93
2493,揚博,115,2,2014306.00,582141.00,351040.00,416147.00,338272.00,2.67
2495,普安,115,2,779004.00,324486.00,110657.00,188002.00,165622.00,0.61
2496,卓越,115,2,415574.00,227191.00,63644.00,59802.00,47365.00,2.48
2497,怡利電,115,2,2575334.00,670211.00,223721.00,281128.00,202926.00,1.59
2498,宏達電,115,2,1266828.00,534021.00,-1135423.00,-488544.00,-521137.00,-0.62
2501,國建,115,2,14436110.00,3615109.00,2306557.00,2284399.00,1653928.00,1.43
2504,國產,115,2,10249436.00,2639071.00,2135100.00,2241495.00,1733130.00,1.47
2505,國揚,115,2,597159.00,178225.00,23806.00,132958.00,119217.00,0.31
2506,太設,115,2,807775.00,374571.00,135594.00,165702.00,118039.00,0.33
2509,全坤建,115,2,126622.00,27758.00,-61015.00,-119771.00,-117788.00,-0.52
2511,太子,115,2,4679293.00,1364144.00,287804.00,279303.00,257197.00,0.16
2514,龍邦,115,2,10550595.00,1347304.00,321912.00,-377153.00,-236491.00,-0.65
2515,中工,115,2,12963688.00,1078607.00,575302.00,545647.00,418749.00,0.25
2516,新建,115,2,3679250.00,201852.00,125274.00,149022.00,149022.00,0.66
2520,冠德,115,2,13225628.00,3467709.00,2413267.00,2418977.00,1109513.00,1.87
2524,京城,115,2,1308517.00,662853.00,426516.00,275845.00,231474.00,0.63
2527,宏璟,115,2,4774291.00,1308566.00,1093522.00,1193851.00,1043459.00,3.99
2528,皇普,115,2,1668766.00,545935.00,390864.00,361514.00,,0.57
2530,華建,115,2,208839.00,31426.00,-41622.00,-91589.00,-89867.00,-0.11
2534,宏盛,115,2,506501.00,366489.00,115923.00,-63444.00,-86733.00,-0.18
2535,達欣工,115,2,13418087.00,1633946.00,1223945.00,1906013.00,1643272.00,6.32
2536,宏普,115,2,4990851.00,1065987.00,910779.00,795735.00,732334.00,2.20
2537,聯上發,115,2,1464948.00,333559.00,213299.00,164057.00,,0.41
2538,基泰,115,2,156160.00,141571.00,51070.00,-9590.00,-9183.00,-0.02
2539,櫻花建,115,2,8550277.00,3833991.00,3471577.00,3509336.00,2818192.00,2.36
2540,愛山林,115,2,3743147.00,694647.00,97422.00,19083.00,15038.00,0.02
2542,興富發,115,2,33236853.00,10303015.00,8230744.00,8510205.00,5167757.00,2.45
2543,皇昌,115,2,7743874.00,1248784.00,953903.00,889145.00,707652.00,1.34
2545,皇翔,115,2,3563099.00,980638.00,451077.00,861146.00,772985.00,2.04
2546,根基,115,2,11254443.00,1622597.00,1370221.00,1463094.00,1159878.00,8.89
2547,日勝生,115,2,3868922.00,1646823.00,686137.00,299630.00,15143.00,0.01
2548,華固,115,2,5707481.00,1541188.00,1150271.00,1193162.00,943338.00,2.81
2597,潤弘,115,2,16111432.00,2772887.00,2119640.00,2155941.00,1577532.00,5.08
2601,益航,115,2,975305.00,223051.00,164556.00,-137888.00,-164208.00,-0.20
2603,長榮,115,2,191672454.00,37370775.00,28306277.00,31503857.00,24337452.00,11.24
2605,新興,115,2,2697089.00,1185830.00,903214.00,2360190.00,2148442.00,3.67
2606,裕民,115,2,8905279.00,3016844.00,2545380.00,3028792.00,2963563.00,3.51
2607,榮運,115,2,9044200.00,1887747.00,1079781.00,1859354.00,1431407.00,2.68
2608,嘉里大榮,115,2,6211575.00,1125717.00,736757.00,704344.00,448455.00,0.96
2609,陽明,115,2,84583500.00,10879592.00,6432357.00,8876533.00,7169461.00,2.05
2610,華航,115,2,120815551.00,18843360.00,9101311.00,9321664.00,6582106.00,1.08
2611,志信,115,2,623739.00,172385.00,54921.00,205312.00,170119.00,0.90
2612,中航,115,2,2579936.00,919530.00,659471.00,591992.00,541133.00,2.74
2613,中櫃,115,2,1745660.00,276924.00,169553.00,118144.00,92666.00,0.68
2614,東森,115,2,2544856.00,823938.00,164270.00,275689.00,272526.00,0.83
2615,萬海,115,2,76541362.00,20687266.00,16958439.00,25902013.00,19206137.00,6.84
2616,山隆,115,2,4373408.00,286769.00,-352525.00,-340630.00,-357692.00,-2.63
2617,台航,115,2,2370150.00,1031567.00,949299.00,846181.00,646481.00,1.55
2618,長榮航,115,2,128285547.00,25441344.00,16998941.00,16374227.00,12116416.00,2.24
2630,亞航,115,2,2095551.00,177881.00,43364.00,30515.00,24186.00,0.12
2633,台灣高鐵,115,2,27812094.00,12269480.00,11172165.00,4390663.00,,0.67
2634,漢翔,115,2,16782863.00,2338041.00,1672189.00,1588061.00,1226061.00,1.30
2636,台驊控股,115,2,11419993.00,1691865.00,341596.00,655761.00,525876.00,3.84
2637,慧洋-KY,115,2,9679888.00,3336657.00,3229687.00,3068110.00,3057173.00,4.10
2642,宅配通,115,2,1594336.00,66782.00,-131238.00,-118318.00,-120256.00,-1.26
2645,長榮航太,115,2,9960855.00,2418228.00,2019314.00,2148677.00,,4.59
2646,星宇航空,115,2,28552856.00,3338824.00,517440.00,-345520.00,,-0.11
2701,萬企,115,2,128931.00,103220.00,85401.00,163841.00,,0.29
2702,華園,115,2,738866.00,658538.00,76239.00,48703.00,48162.00,0.31
2704,國賓,115,2,705490.00,212181.00,21496.00,823932.00,611688.00,1.67
2705,六福,115,2,1037572.00,285901.00,-4097.00,-86396.00,-86396.00,-0.45
2706,第一店,115,2,178161.00,136018.00,120048.00,221640.00,,0.35
2707,晶華,115,2,3610518.00,1256632.00,984800.00,1384576.00,1098842.00,8.62
2712,遠雄來,115,2,257541.00,45424.00,-23752.00,-21915.00,,-0.21
2722,夏都,115,2,278754.00,76488.00,-56468.00,-58011.00,-50267.00,-0.35
2723,美食-KY,115,2,8259172.00,5069817.00,746107.00,809807.00,574918.00,3.19
2727,王品,115,2,12917657.00,6152492.00,1038640.00,1027280.00,816918.00,9.86
2731,雄獅,115,2,16461055.00,2489093.00,729817.00,865631.00,678347.00,7.27
2739,寒舍,115,2,2691736.00,1087257.00,341343.00,302570.00,250262.00,2.73
2748,雲品,115,2,1312985.00,418046.00,151206.00,151274.00,120760.00,1.14
2753,八方雲集,115,2,4596176.00,1656148.00,556372.00,550670.00,466992.00,7.01
2762,世界健身-KY,115,2,5762510.00,1243635.00,626105.00,554633.00,438472.00,4.01
2901,欣欣,115,2,66647.00,57986.00,11914.00,19981.00,,0.22
2903,遠百,115,2,15962920.00,9440268.00,2243383.00,1436605.00,777526.00,0.55
2904,匯僑,115,2,207979.00,52239.00,8679.00,9077.00,11022.00,0.14
2906,高林,115,2,4304162.00,1317311.00,129867.00,286569.00,101888.00,0.49
2908,特力,115,2,17875548.00,5539029.00,503048.00,699932.00,517831.00,1.02
2910,統領,115,2,279786.00,241895.00,153215.00,203830.00,178788.00,1.02
2911,麗嬰房,115,2,859389.00,365353.00,-141454.00,-17120.00,-17455.00,-0.17
2912,統一超,115,2,180703389.00,62491544.00,7618521.00,9328567.00,6265139.00,6.03
2913,農林,115,2,220707.00,80255.00,-16969.00,-79796.00,,-0.10
2915,潤泰全,115,2,985891.00,466739.00,67351.00,9500791.00,9349119.00,8.96
2923,鼎固-KY,115,2,4272973.00,2296875.00,601282.00,639610.00,-197917.00,-0.11
2929,淘帝-KY,115,2,803994.00,114149.00,-100481.00,-93319.00,-81218.00,-0.74
2939,永邑-KY,115,2,146351.00,25389.00,-39712.00,-26200.00,-25646.00,-0.56
2945,三商家購,115,2,8915469.00,2387863.00,63366.00,47457.00,38341.00,0.57
3002,歐格,115,2,413953.00,36002.00,-45884.00,-14129.00,3323.00,0.03
3003,健和興,115,2,2876806.00,678406.00,289028.00,343724.00,226716.00,1.46
3004,豐達科,115,2,2590139.00,625524.00,340922.00,314523.00,258363.00,4.01
3005,神基,115,2,20820908.00,6539085.00,3193524.00,3435354.00,2660369.00,4.27
3006,晶豪科,115,2,21213118.00,13034062.00,9427597.00,9684862.00,7971616.00,27.58
3008,大立光,115,2,29208838.00,14432503.00,10960223.00,13387115.00,10793182.00,82.35
3010,華立,115,2,45683039.00,3765665.00,1845869.00,2258799.00,1539553.00,5.93
3011,今皓,115,2,267668.00,12006.00,-183823.00,-210648.00,-195726.00,-1.56
3013,晟銘電,115,2,6147745.00,1280037.00,820656.00,758623.00,570904.00,2.78
3014,聯陽,115,2,3569479.00,2042192.00,1016705.00,1107436.00,946986.00,5.88
3015,全漢,115,2,6284874.00,1142363.00,35509.00,271818.00,202351.00,1.08
3016,嘉晶,115,2,2367626.00,495148.00,333689.00,354516.00,288329.00,1.00
3017,奇鋐,115,2,98158910.00,30596099.00,25496649.00,25914090.00,17482966.00,44.54
3018,隆銘綠能,115,2,155900.00,-25984.00,-101885.00,-163197.00,-163435.00,-2.17
3019,亞光,115,2,14237685.00,2550556.00,1289144.00,1229816.00,830887.00,2.98
3021,鴻名,115,2,1469618.00,294395.00,87100.00,77267.00,43756.00,0.46
3022,威強電,115,2,4081564.00,1137548.00,264095.00,580233.00,581707.00,3.29
3023,信邦,115,2,17311456.00,4245840.00,1895056.00,2204999.00,1768440.00,7.37
3024,憶聲,115,2,460391.00,127819.00,3023.00,21403.00,15234.00,0.05
3025,星通,115,2,258581.00,165871.00,43910.00,71100.00,71308.00,1.26
3026,禾伸堂,115,2,7715738.00,1949775.00,1109860.00,1331109.00,1116406.00,6.73
3027,盛達,115,2,702374.00,163281.00,-32591.00,-6766.00,-7376.00,-0.06
3028,增你強,115,2,37224984.00,3084269.00,1728361.00,1548097.00,1243336.00,5.24
3029,零壹,115,2,14119278.00,1741847.00,892756.00,960363.00,604049.00,3.63
3030,德律,115,2,5387967.00,3201241.00,2079245.00,2157159.00,1738510.00,7.36
3031,佰鴻,115,2,642458.00,179322.00,59507.00,116201.00,98137.00,0.57
3032,偉訓,115,2,5548893.00,1313353.00,549644.00,359717.00,209643.00,1.85
3033,威健,115,2,68486502.00,4282755.00,2497684.00,2183759.00,1645796.00,3.38
3034,聯詠,115,2,51805401.00,21196702.00,10493479.00,12171098.00,10094972.00,16.59
3035,智原,115,2,5902036.00,2722980.00,366506.00,560922.00,302262.00,1.16
3036,文曄,115,2,1084966618.00,37186343.00,22937422.00,21249526.00,16722070.00,13.00
3037,欣興,115,2,80336273.00,17364180.00,9407786.00,21874632.00,18157914.00,11.70
3038,全台,115,2,1448820.00,316566.00,55472.00,100451.00,92355.00,0.64
3040,遠見,115,2,65783.00,39777.00,5884.00,7896.00,-6286.00,-0.10
3041,揚智,115,2,829827.00,424040.00,-158559.00,-171266.00,-96973.00,-0.69
3042,晶技,115,2,7037996.00,2304278.00,1125895.00,1223316.00,1005706.00,2.96
3043,科風,115,2,443864.00,110022.00,8683.00,19240.00,19169.00,0.49
3044,健鼎,115,2,45821630.00,13037683.00,9430450.00,9787750.00,6842643.00,13.02
3045,台灣大,115,2,99210679.00,21688686.00,12051947.00,11717850.00,8685140.00,2.86
3046,建碁,115,2,4291920.00,373768.00,233912.00,259541.00,215592.00,2.75
3047,訊舟,115,2,1542782.00,389115.00,-153721.00,-119689.00,-68673.00,-0.31
3048,益登,115,2,73004165.00,3057745.00,1642684.00,1070703.00,848836.00,3.15
3049,精金,115,2,198992.00,88832.00,14470.00,760586.00,401666.00,0.51
3050,鈺德,115,2,582184.00,185286.00,-18362.00,69600.00,48456.00,0.31
3051,力特,115,2,935499.00,322888.00,163681.00,196857.00,173296.00,1.05
3052,夆典,115,2,1909647.00,182940.00,96699.00,122450.00,139781.00,0.69
3054,立萬利,115,2,339319.00,182898.00,128978.00,254638.00,233983.00,2.90
3055,蔚華科,115,2,246507.00,78316.00,-127033.00,-14156.00,-3745.00,-0.03
3056,富華新,115,2,525881.00,84651.00,-49943.00,-4248.00,-22810.00,-0.05
3057,喬鼎,115,2,292482.00,129185.00,-29073.00,-29650.00,-30019.00,-0.46
3058,立德,115,2,1640138.00,219964.00,-81360.00,-27112.00,-28337.00,-0.14
3059,華晶科,115,2,4380242.00,1110312.00,282953.00,394795.00,195859.00,0.64
3060,銘異,115,2,2245627.00,343574.00,106160.00,130114.00,93759.00,0.68
3062,建漢,115,2,2001161.00,51649.00,-290097.00,-294214.00,-287526.00,-0.88
3090,日電貿,115,2,9646164.00,1823965.00,1168740.00,1652047.00,1388160.00,4.91
3092,鴻碩,115,2,831202.00,83930.00,-211891.00,-215137.00,-233422.00,-2.19
3094,聯傑,115,2,110894.00,82773.00,13904.00,36817.00,32478.00,0.39
3130,一零四,115,2,1409168.00,1229488.00,316766.00,368180.00,318489.00,9.60
3135,凌航,115,2,11262486.00,2518336.00,2286979.00,2278109.00,,20.87
3138,耀登,115,2,844886.00,366688.00,6749.00,19320.00,21417.00,0.41
3149,正達,115,2,1144409.00,-42317.00,-200076.00,-192205.00,-192205.00,-0.85
3150,鈺寶-創,115,2,169770.00,76058.00,-2843.00,974.00,,0.03
3164,景岳,115,2,192502.00,109337.00,7516.00,22942.00,19690.00,0.23
3167,大量,115,2,4805427.00,2087882.00,1176329.00,1201450.00,825239.00,9.26
3168,眾福科,115,2,1889565.00,433838.00,146290.00,146234.00,107444.00,1.43
3189,景碩,115,2,23601219.00,5610319.00,2569277.00,2748774.00,1859785.00,3.74
3209,全科,115,2,34331720.00,1756329.00,1013798.00,1109986.00,771271.00,3.28
3229,晟鈦,115,2,755934.00,99661.00,66664.00,81837.00,82274.00,1.28
3231,緯創,115,2,1741745642.00,94757576.00,62584549.00,54591816.00,24458222.00,7.78
3257,虹冠電,115,2,302276.00,128878.00,13792.00,65586.00,51629.00,0.65
3266,昇陽,115,2,1024116.00,175390.00,44521.00,50940.00,26621.00,0.08
3296,勝德,115,2,821179.00,136083.00,-15002.00,-16650.00,-19754.00,-0.20
3305,昇貿,115,2,7960699.00,1476635.00,914628.00,801575.00,537541.00,3.84
3308,聯德,115,2,3132.00,1965.00,-21856.00,35107.00,30608.00,0.51
3311,閎暉,115,2,1184848.00,130535.00,-4109.00,86353.00,84432.00,0.84
3312,弘憶股,115,2,12216684.00,639826.00,343906.00,396851.00,336461.00,1.84
3321,同泰,115,2,1133355.00,96200.00,-56766.00,-64237.00,-67534.00,-0.78
3338,泰碩,115,2,1887922.00,337250.00,50087.00,46171.00,40280.00,0.46
3346,麗清,115,2,3613739.00,342604.00,-145932.00,-101356.00,-103158.00,-0.86
3356,奇偶,115,2,561321.00,273397.00,16486.00,656196.00,623430.00,7.80
3376,新日興,115,2,4984069.00,593462.00,-91946.00,85970.00,91640.00,0.47
3380,明泰,115,2,10480123.00,1891224.00,-61227.00,38066.00,60957.00,0.11
3406,玉晶光,115,2,11823117.00,3945134.00,2160264.00,2056928.00,1577080.00,13.99
3413,京鼎,115,2,11861137.00,2729745.00,1496481.00,1454367.00,983884.00,8.89
3416,融程電,115,2,2123231.00,818445.00,373789.00,414018.00,344640.00,4.28
3419,譁裕,115,2,898415.00,111466.00,-93769.00,-88743.00,-88743.00,-0.74
3432,台端,115,2,145764.00,23726.00,-16694.00,-17179.00,-17179.00,-0.41
3437,榮創,115,2,703897.00,8648.00,-200794.00,-161603.00,-180893.00,-1.25
3443,創意,115,2,25344369.00,6107324.00,3500524.00,3680693.00,3201497.00,23.89
3447,展達,115,2,1678251.00,156159.00,-9550.00,37497.00,30867.00,0.40
3450,聯鈞,115,2,5063522.00,1481217.00,922283.00,964551.00,405553.00,2.78
3481,群創,115,2,130344196.00,18894251.00,3131861.00,4213818.00,6161018.00,0.77
3494,誠研,115,2,499914.00,69075.00,-23769.00,-55550.00,-51978.00,-0.55
3501,維熹,115,2,2620394.00,457400.00,136101.00,113796.00,85332.00,0.72
3504,揚明光,115,2,1423232.00,246227.00,-22366.00,8039.00,11121.00,0.10
3515,華擎,115,2,23475447.00,4016905.00,1887813.00,1973052.00,876501.00,7.10
3518,柏騰,115,2,115321.00,-26324.00,-124772.00,295068.00,279600.00,2.78
3528,安馳,115,2,6702604.00,837991.00,571836.00,453503.00,,5.48
3530,晶相光,115,2,1140324.00,254099.00,77068.00,100526.00,83669.00,1.08
3532,台勝科,115,2,6918905.00,276561.00,-9722.00,-21773.00,-20274.00,-0.05
3533,嘉澤,115,2,18896408.00,8972368.00,4811194.00,5601110.00,4380989.00,39.04
3535,晶彩科,115,2,528731.00,239565.00,74645.00,87947.00,88462.00,1.12
3543,州巧,115,2,1663462.00,175501.00,-103103.00,-45171.00,-58619.00,-0.54
3545,敦泰,115,2,5228560.00,1182641.00,-309763.00,73191.00,136380.00,0.64
3550,聯穎,115,2,2217952.00,393607.00,73986.00,87282.00,72321.00,0.67
3557,嘉威,115,2,2395301.00,850802.00,136463.00,75951.00,57038.00,0.68
3563,牧德,115,2,1910611.00,1155704.00,742904.00,802557.00,626830.00,9.80
3576,聯合再生,115,2,1278115.00,-289174.00,-713668.00,1527886.00,1515947.00,0.93
3583,辛耘,115,2,6115365.00,2256289.00,907596.00,957732.00,739005.00,9.16
3588,通嘉,115,2,831442.00,292572.00,62738.00,77150.00,60865.00,1.00
3591,艾笛森,115,2,1271933.00,271832.00,46178.00,48184.00,22758.00,0.16
3592,瑞鼎,115,2,12258456.00,3308218.00,641019.00,729467.00,633571.00,8.35
3593,力銘,115,2,329421.00,-26751.00,-84685.00,-89414.00,-88123.00,-1.45
3596,智易,115,2,26666428.00,4044600.00,1750813.00,1883288.00,1432548.00,6.50
3605,宏致,115,2,6171890.00,1552868.00,393463.00,401680.00,308425.00,1.89
3607,谷崧,115,2,1431961.00,197406.00,-7181.00,8275.00,8196.00,0.07
3617,碩天,115,2,6270783.00,3679123.00,1399403.00,1432623.00,1047144.00,11.12
3622,洋華,115,2,785134.00,295324.00,169907.00,215070.00,166446.00,1.10
3645,達邁,115,2,1244699.00,470108.00,264626.00,280309.00,208372.00,1.52
3652,精聯,115,2,1381656.00,477839.00,95710.00,104515.00,84460.00,1.12
3653,健策,115,2,12579732.00,5621541.00,4445751.00,4616474.00,3716689.00,25.33
3661,世芯-KY,115,2,11826622.00,4762873.00,3014290.00,3818952.00,3066460.00,37.57
3665,貿聯-KY,115,2,44144837.00,13156037.00,7118303.00,6940593.00,5255609.00,26.94
3669,圓展,115,2,1402225.00,855133.00,145857.00,156023.00,130241.00,1.40
3673,TPK-KY,115,2,37124805.00,2864707.00,-522549.00,522598.00,1355627.00,3.33
3679,新至陞,115,2,2081417.00,622028.00,369672.00,390232.00,263118.00,4.18
3686,達能,115,2,44879.00,115.00,-12079.00,-9687.00,-9687.00,-0.13
3694,海華,115,2,5908275.00,848608.00,244856.00,297162.00,278470.00,1.82
3701,大眾控,115,2,4055854.00,486081.00,-351115.00,-430995.00,-303515.00,-1.28
3702,大聯大,115,2,772711078.00,34399992.00,20424518.00,18501716.00,14168686.00,8.42
3703,欣陸,115,2,13786035.00,1981313.00,745888.00,677484.00,471743.00,0.57
3704,合勤控,115,2,15061489.00,3588916.00,822186.00,823776.00,630525.00,1.55
3705,永信,115,2,3770546.00,1675243.00,578881.00,626431.00,434857.00,1.63
3706,神達,115,2,72818194.00,6680912.00,2883156.00,4001309.00,3422109.00,2.58
3708,上緯投控,115,2,587942.00,114106.00,-45918.00,113237.00,-81797.00,-0.87
3711,日月光投控,115,2,364725674.00,74968194.00,38626544.00,43861242.00,35199641.00,8.04
3712,永崴投控,115,2,9520436.00,1606143.00,836639.00,935567.00,519172.00,2.11
3714,富采,115,2,11569048.00,1270535.00,-685091.00,1134685.00,1095834.00,1.49
3715,定穎投控,115,2,12500258.00,1870588.00,198079.00,-737808.00,-439076.00,-1.55
3716,中化控股,115,2,4228916.00,1688223.00,289901.00,453639.00,375527.00,3.02
3717,聯嘉投控,115,2,3532488.00,689254.00,272737.00,256685.00,240018.00,1.15
4104,佳醫,115,2,4729202.00,1013986.00,373900.00,711907.00,513677.00,2.77
4106,雃博,115,2,1257114.00,620996.00,133385.00,138073.00,110355.00,1.09
4108,懷特,115,2,70428.00,25745.00,-72105.00,-47115.00,-21613.00,-0.11
4119,旭富,115,2,648663.00,137194.00,42486.00,15991.00,7263.00,0.06
4133,亞諾法,115,2,176232.00,91504.00,17392.00,26609.00,22848.00,0.38
4137,麗豐-KY,115,2,1901422.00,1518037.00,281357.00,443083.00,241027.00,2.92
4142,國光生,115,2,149074.00,-137388.00,-371933.00,-373416.00,-345777.00,-0.82
4148,全宇生技-KY,115,2,1512231.00,438022.00,153333.00,164315.00,81913.00,1.22
4155,訊映,115,2,819907.00,252849.00,111766.00,138751.00,103514.00,0.74
4164,承業醫,115,2,2338249.00,569511.00,172375.00,134432.00,88784.00,0.45
4169,泰宗,115,2,353979.00,162508.00,-38341.00,-34769.00,-34818.00,-0.55
4178,永笙-KY,115,2,184445.00,57253.00,-112342.00,-87851.00,-88181.00,-0.44
4190,佐登-KY,115,2,1074124.00,687822.00,-59130.00,-70707.00,-62657.00,-1.06
4195,基米-創,115,2,320093.00,82843.00,-84100.00,-26540.00,-10393.00,-0.14
4306,炎洲,115,2,7225960.00,1274070.00,445185.00,742273.00,504545.00,0.77
4414,如興,115,2,7145338.00,1149543.00,-52186.00,-249720.00,-283180.00,-1.07
4426,利勤,115,2,436961.00,-25143.00,-114851.00,-114412.00,-135301.00,-0.78
4438,廣越,115,2,7939775.00,1072982.00,186979.00,453954.00,282249.00,2.51
4439,冠星-KY,115,2,4147280.00,772600.00,290619.00,266736.00,209650.00,5.53
4440,宜新實業,115,2,533301.00,101309.00,81811.00,93489.00,,1.17
4441,振大環球,115,2,3790065.00,991503.00,667930.00,781506.00,619293.00,9.08
4526,東台,115,2,2626364.00,406761.00,-256321.00,-234901.00,-256862.00,-1.02
4532,瑞智,115,2,12356155.00,1735672.00,706016.00,763052.00,489758.00,1.01
4536,拓凱,115,2,4871075.00,1593863.00,790457.00,841729.00,595274.00,6.55
4540,全球傳動,115,2,1618341.00,282488.00,7339.00,76483.00,28786.00,0.25
4545,銘鈺,115,2,1130077.00,186023.00,22844.00,37870.00,36218.00,0.47
4551,智伸科,115,2,4554705.00,1094682.00,655940.00,694576.00,549872.00,4.77
4552,力達-KY,115,2,1637797.00,284769.00,11249.00,-5891.00,-8665.00,-0.07
4555,氣立,115,2,897957.00,284439.00,44513.00,61160.00,48033.00,0.69
4557,永新-KY,115,2,1602869.00,388698.00,71911.00,44145.00,40263.00,0.84
4560,強信-KY,115,2,959200.00,317335.00,136310.00,132886.00,96344.00,1.41
4562,穎漢,115,2,326079.00,141330.00,-23275.00,-1584.00,-3089.00,-0.04
4564,元翎,115,2,386878.00,-100727.00,-176909.00,-169462.00,-165079.00,-0.71
4566,時碩工業,115,2,2822215.00,654955.00,120307.00,141594.00,109160.00,0.99
4569,六方科-KY,115,2,980465.00,254959.00,142921.00,168476.00,168508.00,5.54
4571,鈞興-KY,115,2,1511453.00,519508.00,259822.00,253207.00,216201.00,4.16
4572,駐龍,115,2,374995.00,127860.00,80355.00,93481.00,74435.00,1.86
4576,大銀微系統,115,2,1878532.00,713298.00,325904.00,309965.00,230178.00,1.92
4581,光隆精密-KY,115,2,596424.00,196696.00,103883.00,84251.00,68924.00,2.03
4582,聚恆-創,115,2,966567.00,211529.00,84523.00,112290.00,79973.00,1.16
4583,台灣精銳,115,2,1760772.00,922665.00,606107.00,689727.00,546086.00,6.81
4585,達明,115,2,995617.00,508897.00,66846.00,214683.00,191231.00,1.83
4588,玖鼎電力,115,2,433215.00,144523.00,81064.00,73426.00,,1.36
4590,富田-創,115,2,569391.00,181350.00,-26230.00,125725.00,,2.07
4720,德淵,115,2,1975800.00,398010.00,25178.00,33716.00,15370.00,0.13
4722,國精化,115,2,1927958.00,351130.00,153368.00,179096.00,131698.00,1.29
4736,泰博,115,2,2122043.00,965699.00,414731.00,1715683.00,1574590.00,16.60
4737,華廣,115,2,831895.00,281264.00,-140973.00,-165479.00,-133362.00,-1.77
4739,康普,115,2,5510938.00,921184.00,691965.00,660127.00,434254.00,3.51
4746,台耀,115,2,2175062.00,891139.00,236911.00,24736.00,4276.00,0.04
4755,三福化,115,2,2371319.00,548132.00,255529.00,287993.00,234551.00,2.33
4763,材料*-KY,115,2,5554325.00,2669276.00,2315136.00,2168829.00,1831417.00,1.85
4764,雙鍵,115,2,1755748.00,470428.00,258752.00,249823.00,193051.00,2.26
4766,南寶,115,2,12419471.00,4188628.00,2072443.00,2386019.00,1666682.00,13.82
4770,上品,115,2,2363145.00,834650.00,510074.00,553642.00,450511.00,5.63
4771,望隼,115,2,2226792.00,942387.00,668341.00,686794.00,492776.00,8.40
4807,日成-KY,115,2,1260941.00,280512.00,119794.00,124439.00,88398.00,2.00
4904,遠傳,115,2,56468411.00,18268923.00,9923811.00,9874020.00,7717642.00,2.14
4906,正文,115,2,6725001.00,761359.00,-320773.00,-197888.00,-181532.00,-0.42
4912,聯德控股-KY,115,2,3613611.00,729200.00,217899.00,233821.00,186066.00,2.85
4915,致伸,115,2,33130159.00,5086595.00,1334290.00,1484451.00,1180232.00,2.55
4916,事欣科,115,2,2434357.00,499438.00,222466.00,789386.00,674292.00,5.45
4919,新唐,115,2,15929419.00,6161875.00,-444869.00,50624.00,-241817.00,-0.57
4927,泰鼎-KY,115,2,5699856.00,-518366.00,-1300199.00,-1451081.00,-1446718.00,-5.46
4930,燦星網,115,2,2731514.00,222988.00,-212243.00,-219833.00,-96170.00,-1.20
4934,太極,115,2,91257.00,-47565.00,-203669.00,-168887.00,-83200.00,-0.37
4935,茂林-KY,115,2,2083685.00,245333.00,-108134.00,40258.00,52965.00,0.41
4938,和碩,115,2,518553263.00,22957519.00,7027003.00,11209147.00,6049084.00,2.26
4942,嘉彰,115,2,2705762.00,511808.00,123964.00,135498.00,109966.00,0.77
4943,康控-KY,115,2,1113503.00,-65066.00,-267938.00,-273272.00,-170153.00,-1.34
4949,有成精密,115,2,1744012.00,663082.00,226268.00,235753.00,180576.00,2.67
4952,凌通,115,2,1419349.00,546372.00,183111.00,198760.00,183326.00,1.68
4956,光鋐,115,2,723542.00,125861.00,19717.00,33965.00,28070.00,0.28
4958,臻鼎-KY,115,2,89158843.00,19997789.00,6264535.00,7331539.00,3817180.00,3.55
4960,誠美材,115,2,3871059.00,-18291.00,-489629.00,-337468.00,-338116.00,-0.60
4961,天鈺,115,2,9887088.00,2698586.00,788137.00,1032934.00,608320.00,5.07
4967,十銓,115,2,16633210.00,6683613.00,5978387.00,5942988.00,4706349.00,53.44
4968,立積,115,2,1907539.00,642402.00,62347.00,105116.00,92389.00,1.00
4976,佳凌,115,2,528620.00,-170261.00,-267298.00,-247272.00,,-1.63
4977,眾達-KY,115,2,430574.00,92494.00,-29269.00,129225.00,120492.00,1.50
4989,榮科,115,2,2049930.00,6873.00,-104721.00,-94157.00,-92323.00,-0.67
4994,傳奇,115,2,602464.00,407030.00,61903.00,52902.00,45540.00,0.69
4999,鑫禾,115,2,820128.00,78949.00,-98762.00,-90843.00,-90608.00,-1.23
5007,三星,115,2,3133113.00,883427.00,619275.00,670265.00,535467.00,1.82
5203,訊連,115,2,1113464.00,945887.00,96553.00,175103.00,131674.00,1.66
5215,科嘉-KY,115,2,1586089.00,320192.00,76861.00,135695.00,113926.00,1.77
5222,全訊,115,2,406260.00,203081.00,67840.00,73288.00,,0.63
5225,東科-KY,115,2,4999304.00,657038.00,130655.00,178499.00,151121.00,1.92
5234,達興材料,115,2,2483006.00,1067707.00,498871.00,530366.00,455847.00,4.44
5236,凌陽創新,115,2,1167421.00,707494.00,387546.00,412139.00,,5.86
5243,乙盛-KY,115,2,6351071.00,1594568.00,729741.00,715592.00,505766.00,3.00
5244,弘凱,115,2,376452.00,92783.00,-62895.00,-50001.00,-49519.00,-0.73
5258,虹堡,115,2,3959526.00,1183884.00,136362.00,152272.00,53054.00,0.48
5269,祥碩,115,2,6220554.00,3145928.00,1456275.00,4121463.00,3871274.00,52.07
5283,禾聯碩,115,2,3333175.00,1109284.00,242128.00,318149.00,253724.00,2.90
5284,jpp-KY,115,2,2369813.00,944123.00,569050.00,572237.00,451807.00,8.54
5285,界霖,115,2,2981953.00,540078.00,291292.00,282985.00,205314.00,2.01
5288,豐祥-KY,115,2,4471477.00,1053803.00,644688.00,740074.00,557317.00,8.03
5292,華懋,115,2,1275985.00,327586.00,237111.00,271410.00,212929.00,4.60
5306,桂盟,115,2,2777067.00,1172125.00,631349.00,665332.00,497063.00,3.94
5388,中磊,115,2,37262555.00,4810601.00,1167775.00,990386.00,774796.00,2.59
5434,崇越,115,2,39362103.00,5328567.00,2914115.00,3762336.00,2858045.00,14.79
5469,瀚宇博,115,2,32539077.00,5078660.00,2393145.00,2662975.00,993845.00,2.05
5471,松翰,115,2,1708141.00,711334.00,174287.00,235652.00,201769.00,1.20
5484,慧友,115,2,447204.00,69906.00,-32435.00,57876.00,57819.00,0.87
5515,建國,115,2,4019401.00,778335.00,504975.00,1407063.00,1225091.00,6.08
5519,隆大,115,2,1129296.00,340894.00,218283.00,231120.00,176070.00,0.76
5521,工信,115,2,5420687.00,458804.00,267427.00,288641.00,283061.00,0.58
5522,遠雄,115,2,8531058.00,3029365.00,2022993.00,2008346.00,1557314.00,1.99
5525,順天,115,2,3884131.00,1313161.00,1014184.00,990641.00,717114.00,2.33
5531,鄉林,115,2,323105.00,52680.00,-428184.00,-232487.00,-118594.00,-0.12
5533,皇鼎,115,2,710094.00,199786.00,111265.00,135628.00,111854.00,0.39
5534,長虹,115,2,2321400.00,660704.00,405101.00,408409.00,319920.00,1.05
5538,東明-KY,115,2,6828713.00,1202334.00,742533.00,682922.00,551233.00,2.74
5546,永固-KY,115,2,556974.00,37219.00,-32993.00,-63336.00,-54673.00,-0.66
5607,遠雄港,115,2,2583659.00,1368703.00,1184512.00,1011214.00,807877.00,2.18
5608,四維航,115,2,1621931.00,298784.00,141103.00,68888.00,122973.00,0.32
5706,鳳凰,115,2,1530809.00,205577.00,79266.00,189216.00,150568.00,1.79
5871,中租-KY,115,2,48294600.00,32060808.00,15085841.00,16362381.00,10826725.00,5.84
5906,台南-KY,115,2,827288.00,451738.00,7483.00,2133.00,397.00,0.01
5907,大洋-KY,115,2,1421290.00,1209114.00,-48802.00,-371608.00,-397816.00,-2.03
6108,競國,115,2,2413390.00,84401.00,-194076.00,75189.00,49851.00,0.32
6112,邁達特,115,2,12570260.00,1805456.00,456461.00,483331.00,348525.00,1.85
6115,鎰勝,115,2,4021415.00,599211.00,364095.00,377500.00,276925.00,1.48
6116,彩晶,115,2,6085329.00,-197241.00,-927474.00,-44439.00,-45809.00,-0.02
6117,迎廣,115,2,1647214.00,561620.00,236014.00,240214.00,167969.00,1.81
6120,達運,115,2,8756244.00,333124.00,-313007.00,917808.00,853225.00,1.42
6128,上福,115,2,2618075.00,1077528.00,140590.00,107466.00,84096.00,0.66
6133,金橋,115,2,693708.00,176548.00,79840.00,75904.00,58300.00,0.50
6136,富爾特,115,2,334055.00,98874.00,-18344.00,-5987.00,-4948.00,-0.04
6139,亞翔,115,2,45982606.00,9271872.00,8362401.00,9910885.00,6104555.00,25.91
6141,柏承,115,2,1090986.00,114100.00,-95869.00,-167635.00,-139318.00,-1.23
6142,友勁,115,2,921198.00,99262.00,-67364.00,-93957.00,-93957.00,-0.28
6152,百一,115,2,956530.00,257568.00,-15472.00,45559.00,45107.00,0.27
6153,嘉聯益,115,2,2730910.00,-133032.00,-659699.00,-548357.00,-550151.00,-0.86
6155,鈞寶,115,2,373725.00,100740.00,33198.00,80859.00,71875.00,0.82
6164,華興,115,2,398491.00,126854.00,3430.00,18452.00,12758.00,0.16
6165,浪凡,115,2,1722724.00,518008.00,201834.00,185652.00,140934.00,1.91
6166,凌華,115,2,7903289.00,2730641.00,899594.00,918038.00,679887.00,3.12
6168,宏齊,115,2,1084715.00,262041.00,-4183.00,40166.00,35075.00,0.17
6176,瑞儀,115,2,23124544.00,5066688.00,2339820.00,2228430.00,1291904.00,2.81
6177,達麗,115,2,8310140.00,3564218.00,2963787.00,2957985.00,2375830.00,5.03
6183,關貿,115,2,1359348.00,624518.00,401420.00,428749.00,361942.00,2.41
6184,大豐電,115,2,1096635.00,590808.00,331131.00,361900.00,229580.00,1.51
6189,豐藝,115,2,14965914.00,1382130.00,716444.00,746493.00,531006.00,2.01
6191,精成科,115,2,19292828.00,3061870.00,1465382.00,1931311.00,1157141.00,2.32
6192,巨路,115,2,3849908.00,1292417.00,657883.00,704306.00,509989.00,5.30
6196,帆宣,115,2,35508124.00,4792974.00,3071330.00,3598223.00,2913486.00,13.26
6197,佳必琪,115,2,4534628.00,1627420.00,1032551.00,1114817.00,855813.00,7.00
6201,亞弘電,115,2,1507800.00,353945.00,163588.00,164552.00,135490.00,1.52
6202,盛群,115,2,1808704.00,766232.00,203619.00,268394.00,216181.00,0.94
6205,詮欣,115,2,665770.00,249395.00,61108.00,112238.00,93957.00,1.16
6206,飛捷,115,2,3391835.00,1543036.00,1005518.00,1036700.00,847710.00,5.93
6209,今國光,115,2,2414494.00,677520.00,322746.00,360386.00,274609.00,1.53
6213,聯茂,115,2,20673078.00,3583329.00,2272292.00,2317227.00,1593884.00,4.39
6214,精誠,115,2,27367791.00,5082244.00,1167119.00,2146921.00,1673093.00,6.15
6215,和椿,115,2,1675306.00,456216.00,185897.00,203195.00,159273.00,1.92
6216,居易,115,2,284856.00,121822.00,-23637.00,-4906.00,,-0.14
6224,聚鼎,115,2,1476301.00,497422.00,104974.00,145738.00,116224.00,1.37
6225,天瀚,115,2,26757.00,12095.00,-8486.00,-2496.00,-2496.00,-0.09
6226,光鼎,115,2,326898.00,100058.00,-13438.00,9997.00,3579.00,0.03
6230,尼得科超眾,115,2,4678093.00,812056.00,31860.00,-164588.00,-156827.00,-1.82
6235,華孚,115,2,3231976.00,793121.00,188397.00,124048.00,80248.00,0.40
6239,力成,115,2,44429999.00,9175011.00,6291291.00,6818241.00,4063013.00,5.50
6243,迅杰,115,2,168376.00,85534.00,-56342.00,-44426.00,,-1.02
6257,矽格,115,2,11174473.00,3689372.00,2692105.00,2955507.00,2225873.00,4.65
6269,台郡,115,2,10847066.00,154571.00,-1700358.00,-1620035.00,-1364721.00,-4.27
6271,同欣電,115,2,5972201.00,1768783.00,965297.00,1117552.00,914329.00,4.37
6272,驊陞,115,2,1567070.00,327815.00,14564.00,6506.00,10748.00,0.13
6277,宏正,115,2,2635317.00,1616817.00,408478.00,404316.00,298698.00,2.50
6278,台表科,115,2,25785584.00,2979565.00,1541794.00,1704190.00,1427118.00,4.93
6281,全國電,115,2,9673563.00,1946377.00,275743.00,283184.00,,2.26
6282,康舒,115,2,18095950.00,4113845.00,391043.00,455156.00,312697.00,0.37
6283,淳安,115,2,871970.00,68529.00,-113407.00,-90001.00,-77051.00,-0.53
6285,啟碁,115,2,68594467.00,9138234.00,3430647.00,3453100.00,2761644.00,5.75
6405,悅城,115,2,248.00,-21921.00,-51509.00,8403.00,,0.11
6409,旭隼,115,2,9759001.00,2501357.00,1767835.00,1303044.00,1103723.00,12.58
6412,群電,115,2,16227361.00,2343765.00,530035.00,1329826.00,1218548.00,3.04
6414,樺漢,115,2,85491428.00,16810896.00,4677201.00,5873615.00,1802674.00,12.31
6415,矽力*-KY,115,2,10862861.00,5166328.00,1133501.00,2488879.00,2339709.00,6.03
6416,瑞祺電通,115,2,2391053.00,593893.00,274820.00,282784.00,212871.00,2.90
6426,統新,115,2,362047.00,177645.00,94394.00,108115.00,114043.00,2.96
6431,光麗-KY,115,2,181866.00,57289.00,-76577.00,-86991.00,-90046.00,-0.92
6438,迅得,115,2,3568453.00,932546.00,401018.00,394703.00,311265.00,3.79
6442,光聖,115,2,6386649.00,3800205.00,1894217.00,1972548.00,1497178.00,19.07
6443,元晶,115,2,673833.00,-161907.00,-298321.00,-302995.00,-306789.00,-0.60
6446,藥華藥,115,2,11976809.00,10960074.00,5242490.00,5534183.00,4679591.00,11.35
6449,鈺邦,115,2,2498324.00,885934.00,432852.00,484214.00,390212.00,4.42
6451,訊芯-KY,115,2,3568630.00,524851.00,-28207.00,173129.00,-78268.00,-0.72
6456,GIS-KY,115,2,26579610.00,1150705.00,-1124380.00,-750886.00,-1256911.00,-3.76
6464,台數科,115,2,2145010.00,1081521.00,594782.00,514733.00,389361.00,2.91
6472,保瑞,115,2,9890685.00,3872853.00,1395247.00,1034255.00,581601.00,4.56
6477,安集,115,2,449527.00,146683.00,88534.00,34658.00,18500.00,0.15
6491,晶碩,115,2,4000172.00,2125957.00,1127377.00,1216230.00,1016521.00,13.13
6504,南六,115,2,3329596.00,446106.00,100476.00,40463.00,987.00,0.01
6505,台塑化,115,2,344972366.00,52621196.00,47397227.00,51585204.00,41185628.00,4.32
6515,穎崴,115,2,6503650.00,2632186.00,1601853.00,1721657.00,1370770.00,38.24
6525,捷敏-KY,115,2,3008421.00,832221.00,637843.00,631263.00,495141.00,3.84
6526,達發,115,2,11744071.00,6093956.00,1759227.00,1921968.00,1628149.00,9.72
6531,愛普*,115,2,4462828.00,2129194.00,1313921.00,1660584.00,1357389.00,8.33
6533,晶心科,115,2,892623.00,891467.00,-306979.00,-297276.00,-233886.00,-4.62
6534,正瀚-創,115,2,1328929.00,1139304.00,688894.00,698841.00,577826.00,5.65
6541,泰福-KY,115,2,353270.00,-492458.00,-767305.00,-771224.00,-771252.00,-2.91
6550,北極星藥業-KY,115,2,44184.00,-98592.00,-1083307.00,-1423319.00,-1401207.00,-1.62
6552,易華電,115,2,576929.00,-53612.00,-132565.00,-75829.00,,-0.90
6558,興能高,115,2,518067.00,57699.00,-82556.00,-72526.00,-71055.00,-0.76
6573,虹揚-KY,115,2,380076.00,62598.00,-51257.00,-58038.00,-61254.00,-0.76
6579,研揚,115,2,5227560.00,1804614.00,533089.00,1045063.00,773376.00,6.15
6581,鋼聯,115,2,1282106.00,747491.00,614767.00,610285.00,486086.00,4.37
6582,申豐,115,2,260740.00,5616.00,-52951.00,-6827.00,-1254.00,-0.01
6585,鼎基,115,2,1657000.00,617862.00,414805.00,445043.00,346632.00,4.81
6589,台康生技,115,2,620746.00,202820.00,-409360.00,-335821.00,-336199.00,-1.12
6591,動力-KY,115,2,544167.00,128221.00,-34058.00,15602.00,30178.00,0.73
6592,和潤企業,115,2,11564100.00,7127877.00,2294501.00,2487845.00,1857210.00,2.22
6598,ABC-KY,115,2,427226.00,288612.00,43063.00,49214.00,49031.00,0.48
6605,帝寶,115,2,9610386.00,3063403.00,1604930.00,1670953.00,1278602.00,7.71
6606,建德工業,115,2,484805.00,210331.00,143587.00,150549.00,90127.00,0.82
6614,資拓宏宇,115,2,2489421.00,293770.00,44786.00,52041.00,42740.00,0.53
6625,必應,115,2,2158509.00,517114.00,378100.00,400942.00,267783.00,4.63
6641,基士德-KY,115,2,943519.00,296273.00,-23322.00,-6851.00,6958.00,0.19
6645,金萬林-創,115,2,278377.00,41638.00,-77107.00,-79019.00,-76321.00,-1.26
6655,科定,115,2,1507518.00,745149.00,235876.00,258961.00,206110.00,2.62
6657,華安,115,2,3243.00,2332.00,-191841.00,-184811.00,-184811.00,-2.10
6658,聯策,115,2,1324146.00,312293.00,137866.00,144463.00,110931.00,3.05
6666,羅麗芬-KY,115,2,667408.00,460287.00,151858.00,164884.00,139588.00,2.95
6668,中揚光,115,2,586221.00,83225.00,-96887.00,-89070.00,-89339.00,-0.83
6669,緯穎,115,2,554660326.00,46644117.00,37676176.00,36907989.00,29083507.00,156.38
6670,復盛應用,115,2,16543124.00,4105013.00,2522265.00,2551629.00,1826406.00,13.10
6671,三能-KY,115,2,817437.00,303751.00,47225.00,55829.00,39338.00,0.65
6672,騰輝電子-KY,115,2,2859714.00,1004490.00,416136.00,424328.00,357470.00,4.75
6674,鋐寶科技,115,2,217063.00,27755.00,-123583.00,-127969.00,-132969.00,-1.97
6689,伊雲谷,115,2,6120700.00,584693.00,39780.00,65945.00,48464.00,0.71
6691,洋基工程,115,2,18111362.00,3304304.00,2938423.00,2954393.00,2316715.00,17.46
6695,芯鼎,115,2,507145.00,190584.00,-183122.00,-126784.00,-126784.00,-1.28
6698,旭暉應材,115,2,327242.00,-17431.00,-143001.00,-137376.00,-85277.00,-1.30
6706,惠特,115,2,337458.00,-28500.00,-286718.00,-238878.00,-223930.00,-2.85
6715,嘉基,115,2,921018.00,299595.00,62354.00,73409.00,59528.00,0.89
6719,力智,115,2,2100786.00,843457.00,375044.00,535655.00,442965.00,4.20
6722,輝創,115,2,2413123.00,518561.00,58168.00,99395.00,70110.00,0.80
6742,澤米,115,2,180916.00,-22202.00,-70491.00,-63594.00,-61624.00,-0.87
6743,安普新,115,2,2441106.00,429110.00,101966.00,37963.00,129.00,0.00
6753,龍德造船,115,2,2849125.00,1116437.00,974312.00,975960.00,,6.55
6754,匯僑設計,115,2,1394388.00,316856.00,41118.00,52164.00,45616.00,0.69
6756,威鋒電子,115,2,948111.00,420456.00,-33518.00,89045.00,86621.00,1.24
6757,台灣虎航,115,2,10324864.00,3026180.00,2117361.00,2099537.00,,3.65
6768,志強-KY,115,2,10786046.00,1809193.00,639159.00,735786.00,534075.00,2.67
6770,力積電,115,2,30862646.00,6277138.00,17910193.00,18219892.00,17522350.00,4.08
6771,平和環保-創,115,2,277707.00,130015.00,71664.00,59340.00,45903.00,1.47
6776,展碁國際,115,2,18872616.00,1466852.00,376382.00,332751.00,218892.00,2.45
6781,AES-KY,115,2,9337903.00,3513483.00,2405359.00,2541541.00,2002864.00,23.45
6782,視陽,115,2,2496453.00,1181598.00,724722.00,702767.00,532601.00,8.45
6789,采鈺,115,2,4790531.00,1502569.00,1007959.00,1084012.00,,2.95
6790,永豐實,115,2,5356690.00,1501609.00,475561.00,513835.00,407139.00,1.52
6792,詠業,115,2,716906.00,255681.00,89219.00,94960.00,78527.00,1.68
6794,向榮生技,115,2,10873.00,6749.00,-55528.00,-48125.00,,-0.76
6796,晉弘,115,2,308894.00,115072.00,-28905.00,-24614.00,-21598.00,-0.54
6799,來頡,115,2,503896.00,232882.00,107913.00,127297.00,104401.00,2.41
6805,富世達,115,2,7923593.00,2625038.00,2163704.00,2240759.00,1766401.00,25.77
6807,峰源-KY,115,2,1719913.00,272753.00,29965.00,81002.00,41628.00,0.77
6830,汎銓,115,2,1213881.00,283468.00,7285.00,-9133.00,-13251.00,-0.25
6831,邁科,115,2,1901151.00,380169.00,168399.00,146668.00,112155.00,1.66
6834,天二科技,115,2,1003495.00,260947.00,108840.00,163271.00,141365.00,1.60
6835,圓裕,115,2,1174128.00,189332.00,-4400.00,-12906.00,-15183.00,-0.23
6838,台新藥,115,2,48448.00,34849.00,-86340.00,-80372.00,-82896.00,-0.55
6854,錼創科技-KY創,115,2,286923.00,-87094.00,-552118.00,-453161.00,-486174.00,-4.13
6861,睿生光電,115,2,1548068.00,423780.00,182891.00,222757.00,184757.00,4.44
6862,三集瑞-KY,115,2,911645.00,307689.00,119846.00,124143.00,84103.00,1.68
6863,永道-KY,115,2,2682365.00,598699.00,257992.00,247075.00,144715.00,1.93
6869,雲豹能源,115,2,3497941.00,570249.00,108802.00,-212673.00,-252522.00,-1.89
6873,泓德能源,115,2,3077835.00,758089.00,112039.00,-162332.00,-188631.00,-1.32
6885,全福生技,115,2,6790.00,-1166.00,-169354.00,-203887.00,-182714.00,-1.39
6887,寶綠特-KY,115,2,2382780.00,672258.00,241181.00,230699.00,155045.00,2.09
6890,來億-KY,115,2,17901059.00,2708823.00,1383040.00,1430979.00,1130512.00,4.53
6901,鑽石投資,115,2,3129314.00,3129314.00,3055709.00,3082535.00,,3.62
6902,GOGOLOOK,115,2,612824.00,547497.00,118597.00,121300.00,117627.00,3.33
6906,現觀科,115,2,149922.00,127409.00,13466.00,27847.00,24353.00,0.76
6908,宏碁遊戲-創,115,2,2350091.00,324940.00,7158.00,-17959.00,16314.00,0.45
6909,創控,115,2,203269.00,116060.00,6161.00,11601.00,,0.17
6914,阜爾運通,115,2,2934928.00,630057.00,435928.00,381863.00,308048.00,4.65
6916,華凌,115,2,1141208.00,262690.00,-18800.00,-27593.00,-24975.00,-0.37
6918,愛派司,115,2,462323.00,306544.00,114136.00,126337.00,103399.00,3.03
6919,康霈*,115,2,3568.00,2328.00,-508916.00,-330270.00,-330270.00,-0.21
6921,嘉雨思-創,115,2,45036.00,20951.00,-25296.00,-23142.00,,-0.73
6923,中台,115,2,671537.00,249452.00,205111.00,255281.00,216431.00,2.37
6924,榮惠-KY創,115,2,986992.00,244448.00,119881.00,115020.00,88962.00,4.31
6928,攸泰科技,115,2,941716.00,267256.00,-51184.00,-35816.00,-29417.00,-0.34
6931,青松健康,115,2,630374.00,99352.00,47579.00,202227.00,177428.00,2.68
6933,AMAX-KY,115,2,4487053.00,834357.00,452021.00,353179.00,272328.00,6.43
6934,心誠鎂,115,2,19814.00,-32867.00,-97688.00,-95446.00,-95434.00,-2.69
6936,永鴻生技,115,2,744081.00,278151.00,103961.00,104381.00,,1.14
6937,天虹,115,2,1300864.00,542538.00,190813.00,204827.00,170984.00,2.54
6944,兆聯實業,115,2,9787323.00,2722850.00,2270283.00,2299444.00,1645220.00,16.50
6947,台鎔科技,115,2,852914.00,323435.00,225065.00,153288.00,135433.00,1.44
6949,沛爾生醫-創,115,2,15318.00,-3003.00,-198046.00,-187605.00,-165484.00,-2.54
6951,青新-創,115,2,441516.00,264803.00,180731.00,183704.00,147271.00,2.83
6952,大武山,115,2,1140330.00,227336.00,45713.00,41364.00,35820.00,0.53
6955,邦睿生技-創,115,2,176715.00,136898.00,55979.00,60741.00,52338.00,2.11
6957,裕慶-KY,115,2,2111082.00,673592.00,226826.00,217976.00,178489.00,3.26
6958,日盛台駿,115,2,5095330.00,1435644.00,278968.00,302984.00,185793.00,0.46
6962,奕力-KY,115,2,8720612.00,1557681.00,-135370.00,39436.00,293394.00,0.61
6965,中傑-KY,115,2,10448358.00,1204281.00,70607.00,136478.00,-54169.00,-0.35
6969,成信實業*-創,115,2,145313.00,48105.00,6299.00,-1876.00,-1876.00,-0.04
6988,威力暘-創,115,2,359857.00,106094.00,-8450.00,-9187.00,-9538.00,-0.20
6994,富威電力,115,2,1420411.00,184999.00,65275.00,12761.00,-6359.00,-0.09
7610,聯友金屬-創,115,2,2929338.00,2045653.00,1852152.00,1854170.00,1471307.00,25.37
7631,聚賢研發-創,115,2,899750.00,268324.00,176706.00,177009.00,126228.00,6.26
7689,大鵬科CLMX,115,2,2956346.00,909202.00,457113.00,437301.00,344566.00,6.51
7705,三商餐飲,115,2,3267465.00,1148880.00,67936.00,67112.00,59269.00,0.90
7711,永擎,115,2,15711594.00,2393230.00,1512662.00,1487565.00,1224925.00,17.44
7721,微程式,115,2,328376.00,202744.00,43791.00,45910.00,36596.00,0.66
7722,LINEPAY,115,2,4227205.00,1026166.00,270775.00,411382.00,295623.00,4.35
7730,暉盛-創,115,2,191025.00,87021.00,17503.00,25473.00,20386.00,0.55
7732,金興精密,115,2,533138.00,140502.00,50308.00,75964.00,63184.00,0.99
7736,虎山,115,2,722156.00,204085.00,120704.00,208252.00,183258.00,2.42
7740,熙特爾-創,115,2,7274083.00,683729.00,506012.00,464635.00,348169.00,5.80
7749,意騰-KY,115,2,1085028.00,752060.00,392443.00,436507.00,351677.00,7.57
7750,新代,115,2,13124660.00,6014232.00,3643695.00,3908083.00,2969494.00,42.53
7760,享溫馨,115,2,657531.00,253024.00,45287.00,34843.00,,0.55
7765,中華資安,115,2,1181763.00,543196.00,291880.00,313142.00,,6.16
7768,頌勝科技,115,2,1129571.00,608906.00,209704.00,291350.00,213974.00,3.32
7769,鴻勁,115,2,24518966.00,13768304.00,12046256.00,12690647.00,10100510.00,56.14
7780,大研生醫*,115,2,1080185.00,661284.00,187142.00,310078.00,230894.00,0.29
7786,東方風能,115,2,6066813.00,1307274.00,1136800.00,1121999.00,864139.00,4.92
7788,松川精密,115,2,4117008.00,1199760.00,516442.00,585489.00,440369.00,5.52
7791,皇家可口,115,2,1160131.00,405619.00,127751.00,206445.00,,2.71
7795,長廣,115,2,890198.00,369729.00,139188.00,145848.00,69062.00,0.88
7799,禾榮科,115,2,3389.00,-7609.00,-230843.00,-164997.00,-164997.00,-1.05
7803,雲象科技-創,115,2,32034.00,14402.00,-158423.00,-153569.00,-153569.00,-1.70
7818,溢泰實業,115,2,5788627.00,1617179.00,236736.00,362888.00,255126.00,1.65
7821,神數,115,2,4795023.00,1019241.00,164134.00,183459.00,150397.00,1.32
7822,倍利科,115,2,1419287.00,843312.00,533078.00,557221.00,442360.00,10.12
7823,奧義賽博-KY創,115,2,178468.00,151388.00,-39219.00,-30181.00,-26345.00,-0.80
7827,漢康-KY創,115,2,9542.00,620.00,-593465.00,-582283.00,-524654.00,-3.98
7835,永悅健康-創,115,2,207475.00,62424.00,-110800.00,-103799.00,-106185.00,-2.42
7855,和運租車,115,2,15215795.00,1830127.00,434744.00,674267.00,498527.00,2.59
8011,台通,115,2,834838.00,170177.00,58610.00,46919.00,32159.00,0.19
8016,矽創,115,2,11580606.00,3847689.00,1642023.00,2011951.00,1445230.00,12.28
8021,尖點,115,2,3165595.00,1252928.00,782223.00,788132.00,470734.00,3.25
8028,昇陽半導體,115,2,2730311.00,1030352.00,702488.00,691019.00,,3.32
8033,雷虎,115,2,838890.00,308138.00,-2178.00,96069.00,95982.00,0.62
8039,台虹,115,2,5111593.00,1155734.00,319307.00,530446.00,411845.00,1.56
8045,達運光電,115,2,917730.00,247448.00,31230.00,33137.00,23715.00,0.25
8046,南電,115,2,24752716.00,5131055.00,4251605.00,4573829.00,3570410.00,5.53
8070,長華*,115,2,11551609.00,2176519.00,1386842.00,1760414.00,912291.00,1.30
8072,陞泰,115,2,742809.00,123409.00,46035.00,82631.00,55134.00,0.69
8081,致新,115,2,4348946.00,1740556.00,822149.00,913776.00,781950.00,9.13
8101,華冠,115,2,186766.00,11044.00,-66309.00,-77581.00,-74313.00,-1.46
8103,瀚荃,115,2,2007554.00,751570.00,307496.00,287197.00,214166.00,2.75
8104,錸寶,115,2,1265867.00,247298.00,8075.00,-28891.00,-22310.00,-0.21
8105,凌巨,115,2,4227176.00,392308.00,50551.00,269169.00,260415.00,0.59
8110,華東,115,2,3913114.00,374518.00,107247.00,1410548.00,1328935.00,2.59
8112,至上,115,2,260775359.00,9918607.00,8247859.00,6776971.00,4997831.00,9.45
8114,振樺電,115,2,8721791.00,3707812.00,1593147.00,1653910.00,762478.00,7.09
8131,福懋科,115,2,6101868.00,1195709.00,959174.00,1056841.00,,1.93
8150,南茂,115,2,14318724.00,2281111.00,1467699.00,1625040.00,1396549.00,2.00
8162,微矽電子-創,115,2,616873.00,124980.00,42813.00,46597.00,,0.66
8163,達方,115,2,13541859.00,2329621.00,227245.00,164976.00,143128.00,0.51
8201,無敵,115,2,235995.00,65940.00,-16678.00,-6356.00,-6356.00,-0.10
8210,勤誠,115,2,14928332.00,4886387.00,3705229.00,3695530.00,2718744.00,21.83
8213,志超,115,2,10149114.00,1117553.00,359746.00,367210.00,253200.00,0.93
8215,明基材,115,2,9491823.00,1280729.00,-343525.00,-256306.00,-306651.00,-0.96
8222,寶一,115,2,482007.00,127241.00,71513.00,70218.00,,0.82
8249,菱光,115,2,1985684.00,317807.00,137863.00,108570.00,65526.00,0.60
8261,富鼎,115,2,1658276.00,597699.00,396186.00,458313.00,365265.00,3.07
8271,宇瞻,115,2,16718334.00,8428566.00,5806655.00,5790126.00,4575826.00,35.51
8341,日友,115,2,2212153.00,1042748.00,659463.00,660850.00,386563.00,2.97
8367,建新國際,115,2,1618422.00,450745.00,268056.00,190160.00,90313.00,0.98
8374,羅昇,115,2,3007497.00,721459.00,238516.00,230647.00,99805.00,0.89
8404,百和興業-KY,115,2,3806780.00,1252895.00,375149.00,122522.00,42212.00,0.10
8411,福貞-KY,115,2,5188485.00,423867.00,64504.00,69778.00,45349.00,0.21
8422,可寧衛*,115,2,3381687.00,1256696.00,935742.00,891372.00,739899.00,0.55
8429,金麗-KY,115,2,65829.00,9601.00,-15091.00,5570.00,4762.00,0.03
8438,昶昕,115,2,2491826.00,356814.00,201619.00,206617.00,151074.00,2.16
8442,威宏-KY,115,2,4331054.00,727359.00,145041.00,112009.00,96721.00,1.38
8443,阿瘦,115,2,520148.00,282039.00,-82955.00,-40597.00,-40597.00,-0.61
8454,富邦媒,115,2,53686216.00,4906142.00,1581058.00,1615856.00,1273354.00,4.81
8462,柏文,115,2,3401716.00,1172769.00,598468.00,568058.00,450674.00,5.68
8463,潤泰材,115,2,3417484.00,474967.00,269487.00,296142.00,156211.00,1.04
8464,億豐,115,2,15232911.00,9069413.00,4213599.00,4516209.00,3037997.00,10.37
8466,美吉吉-KY,115,2,1292246.00,105214.00,-105251.00,-117023.00,-142243.00,-1.79
8467,波力-KY,115,2,1126286.00,401987.00,192137.00,152183.00,122479.00,2.53
8473,山林水,115,2,2370577.00,776432.00,626123.00,570069.00,440154.00,2.43
8476,台境*,115,2,664075.00,101181.00,38954.00,34035.00,19061.00,0.12
8478,東哥遊艇,115,2,2578067.00,1029059.00,625213.00,657581.00,597057.00,6.35
8481,政伸,115,2,585722.00,269512.00,111114.00,123407.00,105360.00,1.58
8482,商億-KY,115,2,1781548.00,591408.00,199819.00,188997.00,169629.00,1.61
8487,愛爾達-創,115,2,856244.00,187654.00,106527.00,108996.00,,3.30
8488,吉源-KY,115,2,2101139.00,117333.00,-5102.00,8434.00,1113.00,0.02
8499,鼎炫-KY,115,2,1929502.00,790368.00,276759.00,343237.00,161152.00,3.91
8926,台汽電,115,2,34488245.00,3374758.00,2820710.00,3714972.00,2461987.00,3.27
8940,新天地,115,2,925894.00,455116.00,92242.00,89134.00,64113.00,0.95
8996,高力,115,2,5728203.00,1592648.00,1007214.00,1052903.00,806504.00,8.69
9802,鈺齊-KY,115,2,8933111.00,1315280.00,449771.00,459194.00,357397.00,1.78
9902,台火,115,2,42773.00,10666.00,-6619.00,99260.00,99126.00,1.01
9904,寶成,115,2,126089569.00,26596318.00,2842011.00,9406312.00,6982848.00,2.37
9905,大華,115,2,5059458.00,574238.00,318987.00,372660.00,270990.00,0.89
9906,欣巴巴,115,2,1136617.00,428955.00,252762.00,231041.00,171720.00,1.90
9907,統一實,115,2,21174637.00,2281235.00,913547.00,927098.00,550294.00,0.35
9908,大台北,115,2,1790415.00,414867.00,281637.00,664702.00,551768.00,1.10
9910,豐泰,115,2,39614623.00,7304875.00,1975533.00,2368546.00,1687937.00,1.71
9911,櫻花,115,2,5496579.00,1947649.00,860097.00,886266.00,712681.00,3.26
9912,偉聯,115,2,235956.00,104363.00,-24736.00,-26779.00,-23142.00,-0.43
9914,美利達,115,2,12261752.00,2191969.00,1042824.00,876126.00,643834.00,2.15
9917,中保科,115,2,9540819.00,3188873.00,1666302.00,1841136.00,1485442.00,3.35
9918,欣天然,115,2,1169443.00,373726.00,218227.00,378812.00,334953.00,1.88
9919,康那香,115,2,1316764.00,89417.00,-256903.00,-258101.00,-258411.00,-1.32
9921,巨大,115,2,29188289.00,6498544.00,808956.00,825280.00,435055.00,1.11
9924,福興,115,2,3342966.00,649596.00,179133.00,216903.00,167827.00,1.11
9925,新保,115,2,4182224.00,1322416.00,410416.00,913469.00,744064.00,1.93
9926,新海,115,2,1320847.00,353995.00,239751.00,345632.00,288427.00,1.61
9927,泰銘,115,2,4748442.00,417604.00,304031.00,338819.00,271926.00,2.27
9928,中視,115,2,429253.00,2898.00,-81299.00,-59343.00,-59343.00,-0.84
9929,秋雨,115,2,336728.00,78322.00,35561.00,43564.00,40530.00,0.40
9930,中聯資源,115,2,6669038.00,949206.00,652603.00,680103.00,536705.00,2.16
9931,欣高,115,2,856889.00,154186.00,101268.00,223289.00,177602.00,1.48
9933,中鼎,115,2,37719993.00,5049008.00,3961296.00,4249800.00,2458302.00,2.71
9934,成霖,115,2,9508532.00,3455034.00,482793.00,448518.00,304781.00,0.74
9935,慶豐富,115,2,2557547.00,719399.00,297205.00,272160.00,197144.00,1.12
9937,全國,115,2,11739956.00,1412293.00,421742.00,502604.00,401151.00,1.30
9938,百和,115,2,7842291.00,2413859.00,901756.00,660794.00,405679.00,1.36
9939,宏全,115,2,15483887.00,3895983.00,2510569.00,2432625.00,1937260.00,6.55
9940,信義,115,2,5935881.00,1531653.00,587066.00,672332.00,488710.00,0.66
9941,裕融,115,2,19551237.00,8421268.00,2888550.00,2924171.00,2340779.00,3.86
9942,茂順,115,2,2289301.00,912110.00,565867.00,596587.00,395826.00,4.76
9943,好樂迪,115,2,1173501.00,597252.00,173563.00,261400.00,219344.00,2.59
9944,新麗,115,2,1391971.00,463919.00,158588.00,199410.00,111339.00,1.05
9945,潤泰新,115,2,22517460.00,5894727.00,4526662.00,12016031.00,10082086.00,3.70
9946,三發地產,115,2,2645210.00,1415527.00,1197580.00,1163397.00,918289.00,2.84
9955,佳龍,115,2,847802.00,65924.00,424.00,100940.00,100940.00,0.97
9958,世紀鋼,115,2,10181024.00,2637700.00,2207256.00,2208089.00,1007217.00,4.08
