code,name,date,kind,cash,stock_ratio,market
00697B,元大美債7-10,1150921,除息,0.31000000,0.00000000,tpex
00751B,元大AAA至A公司債,1150921,除息,0.43000000,0.00000000,tpex
00787B,元大10年IG醫療債,1150921,除息,0.41000000,0.00000000,tpex
00836B,永豐10年A公司債,1150923,除息,0.38200000,0.00000000,tpex
00856B,永豐1-3年美公債,1150923,除息,0.33500000,0.00000000,tpex
00857B,永豐20年美公債,1150923,除息,0.25500000,0.00000000,tpex
00950B,凱基A級公司債,1151005,除息,尚未公告,0.00000000,tpex
00958B,永豐ESG銀行債15+,1150923,除息,0.04100000,0.00000000,tpex
00959B,大華投等美債15Y+,1151005,除息,尚未公告,0.00000000,tpex
00966B,統一ESG投等債15+,1151005,除息,尚未公告,0.00000000,tpex
00967B,元大優息美債,1150921,除息,0.03300000,0.00000000,tpex
00968B,元大優息投等債,1150921,除息,0.04300000,0.00000000,tpex
00981B,第一金優選非投債,1150921,除息,0.06300000,0.00000000,tpex
00983B,大華優利美公債20,1151005,除息,尚未公告,0.00000000,tpex
00984B,大華優利美A債15,1151005,除息,尚未公告,0.00000000,tpex
00986B,FT金融債10+,1151005,除息,尚未公告,0.00000000,tpex
00990B,國泰收益非投等債,1150923,除息,0.08000000,0.00000000,tpex
020035,元大上櫃ESG高息N,1151005,除息,0.34800000,0.00000000,tpex
1565,精華,1151012,除息,5.80000000,0.00000000,tpex
1595,川寶,1150923,除息,0.46744739,0.00000000,tpex
1784,訊聯,1151001,除息,0.88096400,0.00000000,tpex
2938,床的世界,1151013,除息,0.61725044,0.00000000,tpex
2947,振宇五金,1151007,除息,1.00000000,0.00000000,tpex
3260,威剛,1150921,除權息,18.00773559,0.00000000,tpex
4109,加捷生醫,1150923,除息,0.20000000,0.00000000,tpex
4903,聯光通,1151014,除息,0.30000000,0.00000000,tpex
5314,世紀*,1150921,除息,0.04852674,0.00000000,tpex
5512,力麒,1151005,除息,0.10000000,0.00000000,tpex
5523,豐謙,1151105,除息,0.50000000,0.00000000,tpex
6129,普誠,1151007,除權,0.00000000,0.00000000,tpex
6171,大城地產,1151002,除息,2.00000000,0.00000000,tpex
6523,達爾膚,1151001,除息,2.00000000,0.00000000,tpex
6548,長科*,1151015,除息,0.45105516,0.00000000,tpex
8042,金山電,1150922,除權,0.00000000,0.00000000,tpex
8102,傑霖科技,1151022,除息,0.90000000,0.00000000,tpex
8440,綠電,1150930,除息,0.35000000,0.00000000,tpex
8936,國統,1151022,除息,3.00000000,0.00000000,tpex
00400A,主動國泰動能高息,1151008,息,,,twse
00406A,主動中信台灣收益,1151005,息,,,twse
00939,統一台灣高息動能,1151005,息,,,twse
00940,元大台灣價值高息,1151007,息,,,twse
00946,群益科技高息成長,1151007,息,,,twse
00953B,群益優選非投等債,1151007,息,,,twse
00984D,主動聯博全球非投,1151005,息,,,twse
00985B,群益ESG投等債0-5,1151007,息,,,twse
01004T,土銀富邦R2,1150930,息,0.221074,,twse
1235,興泰,1150924,權息,0.500000,0.04999999,twse
1449,佳和,1151012,權,0,0.00999999,twse
1463,強盛新,1151015,息,0.127300,,twse
1727,中華化,1151013,權,0,,twse
2109,華豐,1150929,息,0.500000,,twse
2323,中環,1151001,息,0.200000,,twse
2614,東森,1151006,權息,0.400000,0.08000000,twse
2890,永豐金,1151007,權,0,,twse
4552,力達-KY,1151028,息,0.600000,,twse
6108,競國,1151007,息,1.000000,,twse
6834,天二科技,1151002,權,0,,twse
6947,台鎔科技,1151007,息,0.533326,,twse
7631,聚賢研發-創,1150929,息,0.800000,,twse
8021,尖點,1151006,權,0,,twse
9927,泰銘,1151001,息,5.000000,,twse
